date,total,drawdown,rebalance,trade_cost,应急现金/灵活资金,固收/债券,黄金
2022-04-19,99810.8,0.0,True,4.0017766878008845e-15,13973.512000000002,69867.56,15969.728000000001
2022-04-20,99628.93320047171,-0.001822115437690952,False,0.0,13974.343756666669,69887.72892347984,15766.860520325205
2022-04-21,99775.06256972763,-0.0003580517366094105,False,0.0,13975.17556284266,69826.10165729147,15973.785349593498
2022-04-22,99814.76938774275,0.0,False,0.0,13976.007418530924,69808.17372530939,16030.58824390244
2022-04-25,99709.97458904293,-0.0010498927096923572,False,0.0,13976.839323734408,69812.09546043047,15921.03980487805
2022-04-26,99613.19450454538,-0.0020194895448221173,False,0.0,13977.671278456059,69852.43330739014,15783.08991869919
2022-04-27,99599.17104512312,-0.0021599843784853023,False,0.0,13978.503282698824,69829.46314453811,15791.204617886182
2022-04-28,99553.79154424104,-0.002614621514456461,False,0.0,13979.335336465652,69791.3662890762,15783.089918699192
2022-04-29,99838.9982979483,0.0,False,0.0,13980.167439759489,69864.75876062782,15994.072097560982
2022-05-05,99787.64515393108,-0.0005143595678310797,False,0.0,13980.999592583285,69865.31900850227,15941.326552845534
2022-05-06,99706.85236106154,-0.0013235903718945563,False,0.0,13981.831794939986,69812.09546043049,15912.925105691063
2022-05-09,99822.59988174759,-0.00016424860505681593,False,0.0,13982.664046832542,69858.03578613455,15981.900048780493
2022-05-10,99852.5539880708,0.0,False,0.0,13983.496348263901,70004.82072923778,15864.236910569112
2022-05-11,99717.89530335332,-0.0013485752676247742,False,0.0,13984.328699237012,69950.47668541712,15783.089918699194
2022-05-12,99911.00384388589,0.0,False,0.0,13985.161099754823,69988.57354087902,15937.269203252037
2022-05-13,99810.049080651,-0.0010104468912416342,False,0.0,13985.993549820285,70049.08031131852,15774.975219512198
2022-05-16,99652.35592719112,-0.0025887830843829285,False,0.0,13986.826049436346,70040.67659320192,15624.85328455285
2022-05-17,99842.15649908314,-0.0006890867087105956,False,0.0,13987.658598605954,70124.15352649345,15730.344373983744
2022-05-18,99787.566843615,-0.0012354695230943902,False,0.0,13988.491197332061,70235.08260563253,15563.99304065041
2022-05-19,99786.93660726777,-0.0012417775004240905,False,0.0,13989.323845617617,70176.81682669079,15620.795934959355
2022-05-20,99838.37389283627,-0.0007269464649068968,False,0.0,13990.15654346557,70138.15972335445,15710.057626016263
2022-05-23,99882.19232212426,-0.00028837185748475935,False,0.0,13990.989290878872,70168.97335644864,15722.22967479675
2022-05-24,99946.1619344756,0.0,False,0.0,13991.822087860472,70203.7087246639,15750.631121951223
2022-05-25,100023.3063164399,0.0,False,0.0,13992.65493441332,70259.73351210788,15770.917869918701
2022-05-26,100210.91961374594,0.0,False,0.0,13993.487830540367,70389.71101897792,15827.720764227643
2022-05-30,99941.78424390923,-0.002685689053389173,False,0.0,13994.320776244565,70184.66029693295,15762.803170731706
2022-05-31,99843.48894538722,-0.003666573161636988,False,0.0,13995.153771528865,70117.99079987462,15730.344373983738
2022-06-01,99722.71932693734,-0.004871727439388018,False,0.0,13995.986816396218,70097.82187639478,15628.910634146341
2022-06-02,99813.22095586486,-0.003968615989295099,False,0.0,13996.819910849576,70086.05667103155,15730.34437398374
2022-06-06,99804.56546601123,-0.004054988710820773,False,0.0,13997.653054891887,70109.02683388357,15697.885577235775
2022-06-07,99741.17692849638,-0.004687539911420235,False,0.0,13998.486248526107,70105.66534663693,15637.025333333335
2022-06-09,99846.51637987987,-0.003636362536843518,False,0.0,13999.319491755186,70100.62311576697,15746.573772357722
2022-06-10,99756.6606769866,-0.004533028321766053,False,0.0,14000.152784582076,70074.85171354274,15681.65617886179
2022-06-13,100001.63085737087,-0.002088482544434833,False,0.0,14000.98612700973,70071.4902262961,15929.15450406504
2022-06-14,99680.21730792319,-0.005295853065397371,False,0.0,14001.819519041099,70037.31510595528,15641.082682926826
2022-06-15,99563.91227925474,-0.0064564554140909,False,0.0,14002.652960679137,70005.3809771122,15555.878341463413
2022-06-16,99610.63272625217,-0.005990234295898289,False,0.0,14003.486451926796,70002.57973774,15604.566536585364
2022-06-17,99783.89808254647,-0.004261227547311064,False,0.0,14004.31999278703,70061.40576455618,15718.172325203252
2022-06-21,99676.98180210878,-0.0053281400240130505,False,0.0,14005.15358326279,70042.91758469967,15628.910634146341
2022-06-22,99718.86694149434,-0.0049101702104736855,False,0.0,14005.987223357031,70096.14113277146,15616.738585365856
2022-06-23,99739.9873791775,-0.004699410367488888,False,0.0,14006.820913072706,70096.14113277146,15637.025333333337
2022-06-24,99635.19441461425,-0.005745134376081706,False,0.0,14007.65465241277,70100.06286789254,15527.476894308946
2022-06-27,99633.95170112012,-0.00575753535492618,False,0.0,14008.488441380176,69992.4952760001,15632.967983739842
2022-06-28,99557.984916371,-0.0065156042863553365,False,0.0,14009.322279977876,70000.89899411671,15547.763642276424
2022-06-29,99569.65249864306,-0.006399174037865163,False,0.0,14010.156168208827,70056.36353368626,15503.132796747972
2022-06-30,99560.5553792275,-0.006489953759781897,False,0.0,14010.990106075982,70058.60452518403,15490.960747967485
2022-07-01,99523.0641450519,-0.00686407700224001,True,2.340448651076418,13933.228980307269,69666.14490153633,15923.690263208307
2022-07-04,99472.49002968623,-0.007368753693768215,False,0.0,13934.058339175144,69543.20264969322,15995.229040817861
2022-07-05,99390.84341007826,-0.008183501427075912,False,0.0,13934.887747409619,69477.55927540596,15978.396387262674
2022-07-06,99109.2681956264,-0.010993327098142158,False,0.0,13935.71720501363,69498.14236734349,15675.40862326928
2022-07-07,98908.34809480858,-0.012998299226850807,False,0.0,13936.546711990119,69502.59276560025,15469.208617218223
2022-07-08,98848.01141985947,-0.013600396036077433,False,0.0,13937.376268342023,69470.88367802081,15439.751473496643
2022-07-11,98873.87451578403,-0.01334230943210013,False,0.0,13938.20587407228,69495.9171682151,15439.751473496643
2022-07-12,98912.77479094604,-0.012954125436663744,False,0.0,13939.035529183831,69538.19595165436,15435.543310107845
2022-07-13,98863.30368432753,-0.013447795256371964,False,0.0,13939.865233679617,69580.47473509361,15342.963715554308
2022-07-14,98923.41528002675,-0.012847944502273445,False,0.0,13940.694987562574,69635.54841352107,15347.171878943105
2022-07-15,98916.9497602287,-0.012912463616786773,False,0.0,13941.524790835643,69733.45717516988,15241.967794223177
2022-07-18,98922.97505634268,-0.01285233747347625,False,0.0,13942.354643501763,69683.94649456338,15296.673918277538
2022-07-19,98863.43726175382,-0.013446462293589034,False,0.0,13943.184545563876,69657.2441050228,15263.00861116716
2022-07-20,98896.84666549055,-0.013113071442916291,False,0.0,13944.01449702492,69685.61539390967,15267.21677455596
2022-07-21,98816.24981217131,-0.01391734360836372,False,0.0,13944.844497887838,69726.22527800263,15145.180036280844
2022-07-22,99083.43207500258,-0.011251144516876588,False,0.0,13945.674548155568,69777.96115773752,15359.796369109496
2022-07-25,99150.65059415644,-0.010580374111685775,False,0.0,13946.504647831052,69789.64345316152,15414.502493163856
2022-07-26,99243.72793229482,-0.0096515597818988,False,0.0,13947.334796917232,69860.84982526975,15435.543310107843
2022-07-27,99211.69135833433,-0.009971251229537126,False,0.0,13948.164995417048,69865.85652330861,15397.669839608669
2022-07-28,99357.96802069052,-0.008511563373962083,False,0.0,13948.995243333442,69851.39272897413,15557.580048382959
2022-07-29,99721.70445780663,-0.004881854770168226,False,0.0,13949.825540669355,69995.47437253686,15776.40454460041
2022-08-01,99805.76428174083,-0.0040430257856801655,False,0.0,13950.655887427729,70103.95283004548,15751.155564267625
2022-08-02,100034.642439712,-0.001759061534545192,False,0.0,13951.486283611504,70205.75569016895,15877.400465931541
2022-08-03,99952.08140746875,-0.0025829341480434476,False,0.0,13952.316729223623,70181.27849975675,15818.486178488381
2022-08-04,100041.67763277947,-0.001688857677574429,False,0.0,13953.14722426703,70265.83606663527,15822.694341877177
2022-08-05,100063.05612032287,-0.001475522767309112,False,0.0,13953.977768744664,70160.13910803712,15948.939243541092
2022-08-08,99989.42277762534,-0.002210306391502437,False,0.0,13954.80836265947,70174.04660258951,15860.567812376354
2022-08-09,100013.9504173296,-0.0019655462416224845,False,0.0,13955.639006014391,70126.2048213293,15932.106589985904
2022-08-10,100077.93030568902,-0.0013270939790744896,False,0.0,13956.469698812369,70155.68870978037,15965.771897096281
2022-08-11,99987.7517779501,-0.0022269812177755366,False,0.0,13957.300441056346,70136.21821740703,15894.233119486731
2022-08-12,100065.99840998766,-0.0014461617987028275,False,0.0,13958.131232749265,70137.88711675332,15969.98006048508
2022-08-15,100333.99680663063,0.0,False,0.0,13958.962073894072,70388.2220186963,15986.812714040268
2022-08-16,100421.78086805897,0.0,False,0.0,13959.792964493708,70487.79967969138,15974.188223873876
2022-08-17,100367.7620239697,-0.0005379195989387853,False,0.0,13960.62390455112,70504.48867315425,15902.649446264326
2022-08-18,100340.6878537497,-0.0008075241606779748,False,0.0,13961.454894069248,70552.33045441446,15826.902505265978
2022-08-19,100391.02957333799,-0.00030622136408220424,False,0.0,13962.285933051036,70601.84113502098,15826.902505265978
2022-08-22,100361.5331533686,-0.0005999466865612701,False,0.0,13963.117021499433,70605.17893371356,15793.2371981556
2022-08-23,100354.37894478592,-0.0006711882889390841,False,0.0,13963.94815941738,70555.11195332496,15835.31883204357
2022-08-24,100439.5170600446,0.0,False,0.0,13964.77934680782,70538.42295986209,15936.3147533747
2022-08-25,100435.70074910243,-3.7996110035964925e-05,False,0.0,13965.6105836737,70491.69377816607,15978.39638726267
2022-08-26,100407.91851169187,-0.00031460275076633515,False,0.0,13966.441870017967,70458.87209102244,15982.604550651467
2022-08-29,100282.74718072152,-0.00156083864112333,False,0.0,13967.273205843563,70463.3224892792,15852.151485598755
2022-08-30,100415.43995497521,-0.00023971745159823143,False,0.0,13968.104591153435,70527.85326400227,15919.48209981951
2022-08-31,100339.99489372136,-0.0009908666353277695,False,0.0,13968.936025950527,70556.78085267125,15814.278015099582
2022-09-01,100230.22970028952,-0.0020837153132662323,False,0.0,13969.767510237785,70564.01274983848,15696.449440213262
2022-09-02,100299.89874695743,-0.001390073520601498,False,0.0,13970.599044018156,70649.68291628119,15679.616786658074
2022-09-05,100494.88889063009,0.0,False,0.0,13971.430627294585,70679.72310451434,15843.735158821162
2022-09-06,100551.19843738047,0.0,False,0.0,13972.26226007002,70655.24591410214,15923.690263208307
2022-09-07,100450.1638336305,-0.0010048075539635937,False,0.0,13973.093942347405,70658.58371279472,15818.48617848838
2022-09-08,100554.7462409249,0.0,False,0.0,13973.925674129687,70631.88132325413,15948.93924354109
2022-09-09,100472.78792945846,-0.0008150615911264314,False,0.0,13974.757455419813,70570.13204744154,15927.898426597105
2022-09-13,100423.06831013483,-0.001309514823642166,False,0.0,13975.589286220731,70511.1642705394,15936.314753374698
2022-09-14,100247.41790357516,-0.0030563285060000167,False,0.0,13976.421166535387,70448.30239516261,15822.694341877175
2022-09-15,100178.13772027528,-0.0037453082497695966,False,0.0,13977.253096366729,70445.52089625213,15755.363727656422
2022-09-16,100047.6646104645,-0.0050428413318794885,False,0.0,13978.085075717703,70381.54642131114,15688.03311343567
2022-09-19,100111.54726012386,-0.004407539150257045,False,0.0,13978.917104591257,70389.89091804257,15742.739237490032
2022-09-20,100247.19263119905,-0.003058568801804329,False,0.0,13979.74918299034,70469.99808666432,15797.445361544394
2022-09-21,100283.52937040509,-0.0026972060559925515,False,0.0,13980.581310917898,70484.4618809988,15818.48617848838
2022-09-22,100257.443668185,-0.002956623967083294,False,0.0,13981.41348837688,70482.79298165251,15793.237198155599
2022-09-23,100259.16460046178,-0.002939509585702882,False,0.0,13982.245715370236,70412.14290932639,15864.775975765147
2022-09-26,99948.9167875805,-0.006024871783703367,False,0.0,13983.077991900913,70244.14037513355,15721.698420546047
2022-09-27,99992.94334710359,-0.005587035071176638,False,0.0,13983.910317971859,70245.25297469772,15763.780054434017
2022-09-28,99990.89564903165,-0.00560739908330421,False,0.0,13984.742693586024,70221.33208406762,15784.820871378
2022-09-29,99990.822560624,-0.005608125935197106,False,0.0,13985.575118746356,70098.38983222452,15906.857609653116
2022-09-30,100057.684304581,-0.004943197162995849,False,0.0,13986.407593455804,70151.79461130568,15919.482099819508
2022-10-10,100288.9601945801,-0.002643197425092114,False,0.0,13987.24011771732,70268.61756554575,16033.10251131703
2022-10-11,100350.14212446038,-0.002034753446389259,False,0.0,13988.072691533851,70362.63222871989,15999.437204206653
2022-10-12,100344.10200089845,-0.0020948214569778134,False,0.0,13988.905314908347,70313.67784789548,16041.518838094624
2022-10-13,100414.37357182015,-0.0013959825304359352,False,0.0,13989.737987843757,70362.07592893777,16062.559655038613
2022-10-14,100560.81317713611,0.0,False,0.0,13990.570710343032,70524.51546530965,16045.727001483423
2022-10-17,100370.35905834979,-0.0018939198358592924,False,0.0,13991.403482409123,70421.60000562198,15957.355570318681
2022-10-18,100402.7038180138,-0.001572276059898181,False,0.0,13992.23630404498,70411.03030976217,15999.437204206655
2022-10-19,100417.39909845809,-0.0014261427900885693,False,0.0,13993.069175253553,70462.76618949705,15961.563733707482
2022-10-20,100292.41809785538,-0.002668982785649865,False,0.0,13993.902096037795,70412.69920910845,15885.816792709133
2022-10-21,100284.7629113945,-0.002745107731531027,False,0.0,13994.735066400654,70421.0437058399,15868.984139153945
2022-10-24,100553.54521320257,-7.227431545064888e-05,False,0.0,13995.568086345082,70482.79298165248,16075.184145205005
2022-10-25,100540.44404344965,-0.0002025553796047852,False,0.0,13996.401155874031,70439.40159864904,16104.641288926585
2022-10-26,100531.99047109226,-0.00028661965961906954,False,0.0,13997.234274990453,70442.73939734162,16092.016798760194
2022-10-27,100553.9897762482,-6.78534776353823e-05,False,0.0,13998.067443697297,70493.3626775123,16062.559655038616
2022-10-28,100668.13774527409,0.0,False,0.0,13998.900661997517,70594.05293807157,16075.184145205007
2022-10-31,100666.00076885117,-2.1227932400225136e-05,False,0.0,13999.733929894064,70645.78881780646,16020.478021150644
2022-11-01,100606.58330505887,-0.0006114590136848674,False,0.0,14000.56724738989,70572.91354635195,16033.102511317038
2022-11-02,100571.78674137333,-0.0009571151911497155,False,0.0,14001.40061448795,70507.82647184677,16062.559655038616
2022-11-03,100587.2092719162,-0.0008039134841518747,False,0.0,14002.234031191192,70572.91354635195,16012.061694373051
2022-11-04,100514.85340185894,-0.0015226699018016099,False,0.0,14003.067497502572,70503.93237337211,16007.853530984252
2022-11-07,100632.95919288562,-0.0003494507117780543,False,0.0,14003.901013425042,70503.37607359001,16125.68210587057
2022-11-08,100679.38259582449,0.0,False,0.0,14004.734578961556,70519.50876727079,16155.139249592152
2022-11-09,101164.6662151551,0.0,False,0.0,14005.568194115065,70557.89345223538,16601.204568804646
2022-11-10,101030.71333198191,-0.0013241074001895115,False,0.0,14006.401858888525,70507.27017206469,16517.041301028705
2022-11-11,101004.97991278772,-0.0015784790119087733,False,0.0,14007.235573284886,70367.08262697661,16630.661712526227
2022-11-14,100649.21558004181,-0.005095164689389087,False,0.0,14008.069337307106,70174.60290237157,16466.54334036314
2022-11-15,100655.77439219331,-0.005030331656306619,False,0.0,14008.903150958136,70096.1646330961,16550.706608139084
2022-11-16,100634.27603000385,-0.005242840262263404,False,0.0,14009.73701424093,69985.46097645909,16639.078039303826
2022-11-17,100740.39426182974,-0.004193874889311888,False,0.0,14010.570927158446,70073.91264181228,16655.910692859015
2022-11-18,100677.03825930547,-0.004820141004691858,False,0.0,14011.404889713633,70034.9716570656,16630.66171252623
2022-11-21,100743.49730520134,-0.004163201695916552,False,0.0,14012.238901909448,70167.92730498643,16563.331098305476
2022-11-22,100757.53890171871,-0.004024402280639383,False,0.0,14013.072963748848,70197.96749321958,16546.498444750287
2022-11-23,100880.75896526568,-0.0028063874523701626,False,0.0,14013.907075234785,70320.35344528059,16546.498444750287
2022-11-24,101033.72354236833,-0.001294351849175146,False,0.0,14014.741236370215,70409.36141041586,16609.620895582244
2022-11-25,100949.87486677254,-0.0021231854600868294,False,0.0,14015.575447158093,70274.18056336665,16660.11885624781
2022-11-28,100831.4905690256,-0.0032933993517154647,False,0.0,14016.409707601377,70142.33751501002,16672.7433464142
2022-11-29,100591.88645789915,-0.0056618558503200855,False,0.0,14017.24401770302,69948.18889105869,16626.453549137434
2022-11-30,100615.5558534575,-0.005427886852606867,False,0.0,14018.078377465978,70000.48107057567,16596.99640541585
2022-12-01,100708.05440742537,-0.004513550282058132,False,0.0,14018.912786893208,70041.64725445074,16647.49436608142
2022-12-02,100827.37231596389,-0.00333410776519405,False,0.0,14019.747245987666,70063.34294595246,16744.282124023754
2022-12-05,100632.379364986,-0.005261588557382679,False,0.0,14020.581754752307,70031.63385837302,16580.163751860666
2022-12-06,100382.4831900756,-0.0077317808118495535,False,0.0,14021.41631319009,69957.64598735432,16403.420889531186
2022-12-07,100341.03901475022,-0.008141451271664435,False,0.0,14022.25092130397,69915.36720391506,16403.420889531186
2022-12-08,100495.84339267848,-0.0066112294687374895,False,0.0,14023.085579096905,70018.83896338483,16453.91885019675
2022-12-09,100494.39941156609,-0.006625503040394554,False,0.0,14023.92028657185,69957.64598735432,16512.833137639907
2022-12-12,100494.2919739836,-0.006626565047382793,False,0.0,14024.755043731766,69969.32828277833,16500.208647473515
2022-12-13,100342.53023571547,-0.00812671074000404,False,0.0,14025.589850579607,69804.10724749595,16512.833137639907
2022-12-14,100654.90290667259,-0.005038946181054493,False,0.0,14026.42470711833,69951.52668975126,16676.951509803
2022-12-15,100574.55319359098,-0.005833192987649172,False,0.0,14027.259613350898,69996.58697210101,16550.706608139084
2022-12-16,100481.83961549496,-0.006749655044656744,False,0.0,14028.094569280263,69978.78537907396,16474.959667140734
2022-12-19,100700.87939165556,-0.004584474410395112,False,0.0,14028.929574909387,70083.36973810791,16588.580078638257
2022-12-20,100712.59820776134,-0.004468635387303133,False,0.0,14029.764630241227,70090.04533549307,16592.78824202705
2022-12-21,100834.40253682646,-0.003264614916301367,False,0.0,14030.599735278742,70051.10435074638,16752.69845080134
2022-12-22,100858.04598263852,-0.0030309024285659625,False,0.0,14031.43489002489,70073.91264181229,16752.69845080134
2022-12-23,100741.15118698559,-0.004186392779360171,False,0.0,14032.270094482628,70095.05203353193,16613.829058971038
2022-12-26,100734.655969215,-0.004250597189986882,False,0.0,14033.105348654919,70066.68074464507,16634.86987591502
2022-12-27,100785.36110394211,-0.0037493833114250474,False,0.0,14033.94065254472,70074.4689415944,16676.95150980299
2022-12-28,100901.73640740644,-0.0025990280755681106,False,0.0,14034.776006154989,70177.38440128206,16689.575999969384
2022-12-29,100916.82011493613,-0.0024499275240216223,False,0.0,14035.611409488689,70216.88168581085,16664.3270196366
2022-12-30,101142.2218709987,-0.0002218595187044592,False,0.0,14036.446862548777,70332.03574070461,16773.739267745324
2023-01-03,101124.31765797327,-0.00039884041228410716,True,2.3647872661519234,14157.404472116259,70787.02236058128,16179.890825275723
2023-01-04,101309.80659018966,0.0,False,0.0,14158.247174763408,70910.7961641713,16240.763251254939
2023-01-05,101269.06699646694,-0.00040212882734569355,False,0.0,14159.08992757143,70873.27197937251,16236.705089522993
2023-01-06,101004.36661985591,-0.0030149102107094317,False,0.0,14159.932730543309,70725.4154900161,16119.018399296507
2023-01-09,101181.39061484743,-0.0012675572056087825,False,0.0,14160.77558368203,70727.09567739515,16293.519353770258
2023-01-10,101132.11251021584,-0.0017539672214814672,False,0.0,14161.618486990583,70685.0909929189,16285.403030306363
2023-01-11,101106.04497242332,-0.0020112723992316006,False,0.0,14162.46144047195,70609.48256086164,16334.100971089736
2023-01-12,101102.14119177773,-0.002049805496638246,False,0.0,14163.30444412912,70629.08474695055,16309.752000698049
2023-01-13,101151.1312883404,-0.001566238325684699,False,0.0,14164.14749796508,70644.76649582169,16342.21729455363
2023-01-16,101187.62567884555,-0.0012060126798815185,False,0.0,14164.990601982816,70587.0800624743,16435.55501438843
2023-01-17,101258.43998289637,-0.0005070250257320774,False,0.0,14165.833756185315,70592.12062461146,16500.48560209959
2023-01-18,101208.06038323315,-0.0010043075826615677,False,0.0,14166.676960575563,70581.47943787747,16459.903984780114
2023-01-19,101273.84338992831,-0.0003549824194890583,False,0.0,14167.52021515655,70597.72124920828,16508.601925563486
2023-01-20,101478.61383931772,0.0,False,0.0,14168.363519931261,70667.7290566687,16642.521262717764
2023-01-30,101459.1663856294,-0.0001916409078972503,False,0.0,14169.206874902686,70667.7290566687,16622.230454058026
2023-01-31,101341.47842468301,-0.001351372564586395,False,0.0,14170.05028007381,70658.76805731376,16512.660087295437
2023-02-01,101459.04449868416,-0.00019284201757574504,False,0.0,14170.893735447624,70686.21111783825,16601.939645398288
2023-02-02,101645.47081222296,0.0,False,0.0,14171.737241027115,70733.81642691133,16739.91714428451
2023-02-03,101452.93650763136,-0.0018941749499816751,False,0.0,14172.580796815271,70759.57930005676,16520.776410759332
2023-02-06,101203.97366933757,-0.004343500397582911,False,0.0,14173.42440281508,70724.8554275564,16305.6938389661
2023-02-07,101182.99321843042,-0.004549908521225832,False,0.0,14174.268059029533,70735.49661429037,16273.228545110518
2023-02-08,101207.91961062887,-0.0043046797668182535,False,0.0,14175.111765461617,70759.57930005675,16273.228545110518
2023-02-09,101250.88744746597,-0.00388195717530726,False,0.0,14175.955522114324,70765.1799246536,16309.75200069805
2023-02-10,101174.7822347555,-0.004630689136528199,False,0.0,14176.799328990639,70793.74311009745,16204.239795667409
2023-02-13,101282.68075975394,-0.0035691708599513428,False,0.0,14177.643186093555,70799.34373469428,16305.693838966103
2023-02-14,101273.59043172932,-0.003658602567552127,False,0.0,14178.48709342606,70801.583984533,16293.519353770258
2023-02-15,101225.03866153718,-0.004136260546842019,False,0.0,14179.331050991144,70804.94435929111,16240.763251254937
2023-02-16,101215.1037580897,-0.004234001285982725,False,0.0,14180.175058791798,70798.22360977491,16236.705089522991
2023-02-17,101187.82529743662,-0.00450236996424358,False,0.0,14181.019116831012,70806.62454667015,16200.181633935461
2023-02-20,101209.07044568221,-0.00429335771730488,False,0.0,14181.863225111776,70753.97867545992,16273.22854511052
2023-02-21,101166.66123470076,-0.004710584482477742,False,0.0,14182.70738363708,70731.0161146129,16252.937736450782
2023-02-22,101230.20494574904,-0.004085434040057567,False,0.0,14183.551592409915,70745.01767610497,16301.635677234155
2023-02-23,101193.40562426549,-0.004447470057889813,False,0.0,14184.395851433272,70743.8975511856,16265.112221646625
2023-02-24,101248.68622343673,-0.003903613074105805,False,0.0,14185.240160710142,70745.57773856464,16317.868324161944
2023-02-27,101193.12949226532,-0.00445018667672159,False,0.0,14186.084520243518,70733.81642691129,16273.228545110518
2023-02-28,101204.18358644364,-0.004341435208604083,False,0.0,14186.928930036389,70723.735302637,16293.519353770256
2023-03-01,101266.88287288343,-0.003724592313994246,False,0.0,14187.773390091748,70728.77586477416,16350.333618017527
2023-03-02,101271.23464687956,-0.0036817790537343464,False,0.0,14188.617900412586,70744.45761364528,16338.159132821684
2023-03-03,101335.6050568293,-0.0030484954510772155,False,0.0,14189.462461001896,70734.93655183066,16411.206043996743
2023-03-06,101495.86559336449,-0.0014718335963522788,False,0.0,14190.30707186267,70784.78211074248,16520.776410759332
2023-03-07,101573.00730912779,-0.0007129043971771942,False,0.0,14191.1517329979,70840.78835671082,16541.06721941907
2023-03-08,101437.99537578486,-0.00204116754814776,False,0.0,14191.996444410577,70879.43266642897,16366.566264945319
2023-03-09,101449.48132421197,-0.0019281674475497557,False,0.0,14192.841206103696,70890.07385316296,16366.566264945319
2023-03-10,101591.39772520756,-0.0005319773383243298,False,0.0,14193.686018080249,70917.51691368746,16480.194793439856
2023-03-13,101703.07080366666,0.0,False,0.0,14194.530880343229,70914.71660138904,16593.823321934397
2023-03-14,101943.08097377869,0.0,False,0.0,14195.37579289563,70938.79928715543,16808.905893727628
2023-03-15,101914.38951517746,-0.00028144586495881807,False,0.0,14196.220755740444,70921.43735090524,16796.731408531785
2023-03-16,102090.31387405717,0.0,False,0.0,14197.065768880666,70954.48103602655,16938.767069149955
2023-03-17,102227.75919124039,0.0,False,0.0,14197.910832319289,70993.68540820439,17036.1629507167
2023-03-20,102799.71247747474,0.0,False,0.0,14198.755946059307,71041.29071727747,17559.665814137963
2023-03-21,102599.44913800892,-0.0019480924084267492,False,0.0,14199.601110103715,71006.5668447771,17393.281183128103
2023-03-22,102341.2697884899,-0.0044595717043984795,False,0.0,14200.446324455506,71003.206470019,17137.616994015396
2023-03-23,102449.29828115873,-0.003408707941598421,False,0.0,14201.291589117676,70988.64484606723,17259.361845973828
2023-03-24,102509.17978141422,-0.0028262014460807006,False,0.0,14202.136904093219,70958.40147324432,17348.64140407668
2023-03-27,102397.93908107647,-0.003908312452588825,False,0.0,14202.98226938513,70964.00209784115,17230.954713850195
2023-03-28,102327.00459934924,-0.004598338523846279,False,0.0,14203.827684996402,70977.44359687355,17145.733317479288
2023-03-29,102404.40424013323,-0.0038454216243856143,False,0.0,14204.673150930033,70993.12534574469,17206.605743458505
2023-03-30,102457.31723633672,-0.00333070232285948,False,0.0,14205.518667189017,71012.72753183362,17239.07103731409
2023-03-31,102597.68276467515,-0.0019652750764633797,False,0.0,14206.364233776349,71018.32815643043,17372.990374468365
2023-04-03,102349.43805308013,-0.0043801136554080244,False,0.0,14207.209850695026,71012.7275318336,17129.5006705515
2023-04-04,102569.7182316927,-0.002237304368262971,False,0.0,14208.055517948043,71037.37028005967,17324.29243368499
2023-04-06,102840.51431331922,0.0,False,0.0,14208.901235538397,71059.772778447,17571.840299333806
2023-04-07,102851.72581895554,0.0,False,0.0,14209.747003469083,71078.25483961655,17563.72397586991
2023-04-10,102747.79387678488,-0.001010502656548562,False,0.0,14210.5928217431,71139.86171018172,17397.33934486005
2023-04-11,102871.23843765772,0.0,False,0.0,14211.43869036344,71165.06452086748,17494.735226426797
2023-04-12,103012.31126975536,0.0,False,0.0,14212.284609333105,71183.54658203703,17616.48007838523
2023-04-13,103017.20623640627,0.0,False,0.0,14213.130578655087,71167.3047707062,17636.77088704497
2023-04-14,103079.6133046336,0.0,False,0.0,14213.976598332389,71147.70258461729,17717.934121683924
2023-04-17,102894.33483305629,-0.0017974307977830506,False,0.0,14214.822668368004,71132.02083574615,17547.49132894212
2023-04-18,102847.7591909094,-0.002249272249780332,False,0.0,14215.66878876493,71161.70414610936,17470.38625603511
2023-04-19,102858.70481475099,-0.002143086133140182,False,0.0,14216.514959526165,71204.2688930453,17437.92096217953
2023-04-20,102892.98956573728,-0.0018104815580243239,False,0.0,14217.361180654707,71193.06764385162,17482.560741230955
2023-04-21,102845.7162877185,-0.0022690909425887584,False,0.0,14218.207452153554,71226.11132897294,17401.397506592002
2023-04-24,102820.4048917088,-0.0025146428533716625,False,0.0,14219.053774025706,71244.5933901425,17356.75772754058
2023-04-25,102985.12019610003,-0.000916700262100445,False,0.0,14219.90014627416,71250.19401473933,17515.026035086543
2023-04-26,103014.93381331112,-0.0006274712258702575,False,0.0,14220.746568901914,71250.75407719902,17543.43316721018
2023-04-27,103158.8533337627,0.0,False,0.0,14221.593041911967,71353.24550732107,17584.014784529656
2023-04-28,103049.58775674184,-0.001059197281568669,False,0.0,14222.439565307319,71385.16906752303,17441.979123911486
2023-05-04,103506.80301400897,0.0,False,0.0,14223.286139090967,71447.89606300757,17835.62081191042
2023-05-05,103718.7473634694,0.0,False,0.0,14224.132763265912,71577.83055365412,17916.78404654938
2023-05-08,103493.01643921738,-0.002176375341875092,False,0.0,14224.979437835154,71541.98655623439,17726.050445147837
2023-05-09,103557.26961783625,-0.0015568809857225974,False,0.0,14225.826162801692,71568.86955429919,17762.573900735362
2023-05-10,103738.54840772015,0.0,False,0.0,14226.672938168525,71664.08017244536,17847.795297106266
2023-05-11,103822.85370438613,0.0,False,0.0,14227.519763938653,71763.77129026901,17831.562650178475
2023-05-12,103666.24945569856,-0.001508379350980471,False,0.0,14228.366640115079,71724.0068556315,17713.87595995199
2023-05-15,103775.28950390522,-0.0004581284253304396,False,0.0,14229.213566700799,71763.21122780933,17782.864709395104
2023-05-16,103684.1760062101,-0.0013357145679205873,False,0.0,14230.060543698817,71724.0068556315,17730.10860687978
2023-05-17,103613.37169639603,-0.0020176868629189215,False,0.0,14230.907571112131,71717.2861061153,17665.178019168616
2023-05-18,103559.35098198472,-0.0025380030792803154,False,0.0,14231.754648943745,71694.88360772796,17632.712725313035
2023-05-19,103547.4910557912,-0.0026522354064643094,False,0.0,14232.601777196658,71743.04897926071,17571.84029933382
2023-05-22,103707.49703992053,-0.0011110912515855942,False,0.0,14233.448955873871,71833.21903526974,17640.829048776934
2023-05-23,103821.37581897907,-1.423468296557484e-05,False,0.0,14234.296184978388,72015.23933466685,17571.84029933382
2023-05-24,103868.3778472211,0.0,False,0.0,14235.143464513209,71972.11452527122,17661.11985743667
2023-05-25,103708.94624681772,-0.0015349387725865915,False,0.0,14235.990794481335,71880.82434434284,17592.13110799356
2023-05-26,103604.97920916538,-0.0025358886266920733,False,0.0,14236.838174885768,71877.46396958474,17490.677064694864
2023-05-29,103638.8611607274,-0.002209687791902226,False,0.0,14237.685605729512,71894.26584337524,17506.90971162266
2023-05-30,103642.26099849262,-0.0021769556183988126,False,0.0,14238.533087015567,71953.63246410167,17450.095447375388
2023-05-31,103944.97329005908,0.0,False,0.0,14239.380618746936,71991.71671136015,17713.87595995199
2023-06-01,103994.1331326887,0.0,False,0.0,14240.228200926624,72052.20345700593,17701.701474756148
2023-06-02,103948.0457500114,-0.0004431729107111648,False,0.0,14241.07583355763,71952.5123391823,17754.457577271467
2023-06-05,103815.2953669859,-0.0017196909125115623,False,0.0,14241.92351664296,72025.88052140082,17547.49132894213
2023-06-06,103977.50549820732,-0.0001598901205336345,False,0.0,14242.771250185619,72053.3235819253,17681.41066609641
2023-06-07,104072.71006006244,0.0,False,0.0,14243.619034188605,72123.33138938573,17705.759636488096
2023-06-08,103938.50010364904,-0.0012895787602335007,False,0.0,14244.466868654925,72089.72764180473,17604.305593189398
2023-06-09,104132.62478205939,0.0,False,0.0,14245.314753587583,72132.85245120035,17754.457577271463
2023-06-12,104187.09182467381,0.0,False,0.0,14246.162688989582,72174.29707321692,17766.63206246731
2023-06-13,104310.29054698138,0.0,False,0.0,14247.010674863926,72256.06619233068,17807.213679786786
2023-06-14,104262.89047370231,-0.00045441416211688956,False,0.0,14247.858711213621,72309.2721260006,17705.759636488096
2023-06-15,103930.85932567433,-0.0036375243450803563,False,0.0,14248.706798041669,72114.37039003079,17567.78213760187
2023-06-16,103897.1948886905,-0.003960257958488089,False,0.0,14249.554935351076,71958.11296377913,17689.5269895603
2023-06-19,103947.73258207587,-0.003475764116889435,False,0.0,14250.403123144846,71979.39533724709,17717.934121683935
2023-06-20,103995.60773816436,-0.003016795439518938,False,0.0,14251.251361425986,71993.95696119886,17750.39941553952
2023-06-21,104000.69773519713,-0.0029679987483576253,False,0.0,14252.099650197499,72071.24558063516,17677.35250436446
2023-06-26,104037.6746853131,-0.0026135087941826507,False,0.0,14252.947989462391,72115.49051495014,17669.236180900563
2023-06-27,103979.72568121066,-0.0031690532548351857,False,0.0,14253.796379223668,72072.92576801422,17653.00353397277
2023-06-28,103932.02306960516,-0.003626367785888318,False,0.0,14254.644819484336,72085.24714212726,17592.131107993555
2023-06-29,103946.29473059456,-0.0034895484853709746,False,0.0,14255.4933102474,72066.20501849802,17624.596401849136
2023-06-30,104071.18336007836,-0.0022922684391846193,False,0.0,14256.341851515868,72165.89613632167,17648.94537224082
2023-07-03,104138.36913827098,-0.0016481730403480332,True,3.790016752804717,14579.371679357939,72896.85839678968,16662.13906212336
2023-07-04,104149.73664669356,-0.0015391952169427903,False,0.0,14580.239499100757,72884.41801333251,16685.07913426029
2023-07-05,104268.94875749738,-0.00039633471699884737,False,0.0,14581.107370499512,72991.29221666911,16696.54917032875
2023-07-06,104286.48528478185,-0.0002282158555469982,False,0.0,14581.97529355728,73015.60751160813,16688.90247961644
2023-07-07,104271.76432304402,-0.0003693425043238552,False,0.0,14582.843268277134,73022.95864728736,16665.96240747951
2023-07-10,104310.16537254413,-1.200020022906756e-06,False,0.0,14583.711294662151,73018.43487148476,16708.019206397217
2023-07-11,104335.37438362723,0.0,False,0.0,14584.579372715405,73027.48242308998,16723.312587821834
2023-07-12,104323.07606135737,-0.00011787298739784902,False,0.0,14585.44750243997,73025.78600716402,16711.842551753372
2023-07-13,104455.22952537818,0.0,False,0.0,14586.315683838926,73015.60751160815,16853.306329931107
2023-07-14,104356.44650034313,-0.0009456972665121688,False,0.0,14587.183916915345,72992.42316061979,16776.839422808007
2023-07-17,104478.15842324086,0.0,False,0.0,14588.052201672303,73044.44658234977,16845.659639218797
2023-07-18,104586.56898735667,0.0,False,0.0,14588.920538112878,73090.81528432651,16906.833164917276
2023-07-19,104801.65403580891,0.0,False,0.0,14589.788926240146,73110.04133148759,17101.82377808118
2023-07-20,104789.35602363151,-0.00011734559240061948,False,0.0,14590.657366057183,73108.34491556161,17090.353742012714
2023-07-21,104800.43541680512,-1.1627860409313406e-05,False,0.0,14591.525857567067,73183.55268827997,17025.356870958083
2023-07-24,104779.60415220496,-0.0002103963320694291,False,0.0,14592.394400772873,73203.90967939171,16983.300072040376
2023-07-25,104509.18792544147,-0.00279066311556031,False,0.0,14593.26299567768,73016.73845555882,16899.186474204966
2023-07-26,104596.27146122314,-0.0019597264611453946,False,0.0,14594.131642284565,73030.30978296665,16971.83003597191
2023-07-27,104694.88312897706,-0.0010187902835518958,False,0.0,14595.000340596605,73093.64264420315,17006.240144177307
2023-07-28,104476.06673357185,-0.0031067000347706486,False,0.0,14595.86909061688,73042.18469444849,16838.012948506486
2023-07-31,104428.76109702041,-0.0035580825724476073,False,0.0,14596.737892348463,72974.89352938469,16857.12967528726
2023-08-01,104547.78118720166,-0.002422412613072966,False,0.0,14597.606745794435,73028.04789506533,16922.126546341893
2023-08-02,104547.65410688557,-0.0024236251923710483,False,0.0,14598.475650957875,73030.87525494196,16918.303200985734
2023-08-03,104508.1114045962,-0.0028009350989098847,False,0.0,14599.34460784186,73063.10715753555,16845.65963921879
2023-08-04,104514.74445333736,-0.002737643648004995,False,0.0,14600.21361644947,73087.98792444987,16826.542912438017
2023-08-07,104581.69005249534,-0.002098859844696821,False,0.0,14601.082676783783,73119.65435506814,16860.953020643414
2023-08-08,104613.12028931786,-0.0017989577380777,False,0.0,14601.951788847877,73134.92209840195,16876.24640206803
2023-08-09,104616.65621642949,-0.001765218508061106,False,0.0,14602.820952644832,73149.05889778509,16864.776365999565
2023-08-10,104531.33618087844,-0.0025793281357764375,False,0.0,14603.690168177727,73120.21982704347,16807.42618565724
2023-08-11,104626.33694497969,-0.001672846601918354,False,0.0,14604.559435449642,73141.70776210586,16880.069747424186
2023-08-14,104687.46748650214,-0.0010895491140603397,False,0.0,14605.428754463657,73179.02891247736,16903.009819561117
2023-08-15,104880.94416008689,0.0,False,0.0,14606.298125222851,73333.40276174137,16941.243273122665
2023-08-16,104929.60878355481,0.0,False,0.0,14607.167547730305,73373.55127198952,16948.889963834976
2023-08-17,104891.43505342529,-0.00036380322553442035,False,0.0,14608.037021989097,73349.80144902584,16933.596582410355
2023-08-18,104899.6044389361,-0.0002859473600115292,False,0.0,14608.906548002311,73387.68807137267,16903.009819561114
2023-08-21,105033.8929967759,0.0,False,0.0,14609.776125773025,73456.11018038713,16968.006690615748
2023-08-22,104966.15428264,-0.0006449224360177697,False,0.0,14610.64575530432,73414.26525421301,16941.243273122665
2023-08-23,105039.96308073496,0.0,False,0.0,14611.515436599278,73406.91411853376,17021.533525601917
2023-08-24,105069.18332683541,0.0,False,0.0,14612.38516966098,73389.38448729865,17067.41366987578
2023-08-25,104973.25485152293,-0.0009130029593366062,False,0.0,14613.254954492508,73353.75975285312,17006.2401441773
2023-08-28,104888.46850291087,-0.001719960298562473,False,0.0,14614.124791096941,73260.45687692432,17013.88683488961
2023-08-29,104843.61207556234,-0.002146883073901762,False,0.0,14614.994679477364,73168.85041692152,17059.76697916347
2023-08-30,105044.89660582166,-0.00023114980287031184,False,0.0,14615.864619636857,73311.914826679,17117.117159505793
2023-08-31,105125.46574017641,0.0,False,0.0,14616.734611578502,73326.61709803747,17182.114030560428
2023-09-01,105027.48750860151,-0.0009320123424428894,False,0.0,14617.604655305382,73246.88554951649,17162.99730377965
2023-09-04,104912.40344306704,-0.0020267429552793814,False,0.0,14618.474750820578,73065.93451741218,17227.994174834286
2023-09-05,104974.64011874193,-0.0014347201258281261,False,0.0,14619.344898127174,73119.65435506815,17235.640865546597
2023-09-06,104907.49308424194,-0.002073452463679959,False,0.0,14620.215097228252,73063.10715753556,17224.17082947813
2023-09-07,104813.49900175695,-0.002967565815028217,False,0.0,14621.085348126897,72972.06616950808,17220.347484121976
2023-09-08,104996.09091326244,-0.001230670665790301,False,0.0,14621.95565082619,73031.44072691731,17342.694535518935
2023-09-11,105031.37137597086,-0.0008950672754982625,False,0.0,14622.826005329216,73031.44072691731,17377.104643724328
2023-09-12,105049.07098306935,-0.0007267007719696794,False,0.0,14623.696411639057,73044.4465823498,17380.927989080486
2023-09-13,105167.7714848005,0.0,False,0.0,14624.566869758797,73120.2198270435,17422.984787998193
2023-09-14,105340.34570454547,0.0,False,0.0,14625.43737969152,73158.10644939034,17556.801875463618
2023-09-15,105135.66792025193,-0.0019430141692112768,False,0.0,14626.307941440311,73120.78529901883,17388.5746797928
2023-09-18,104964.48122477587,-0.003568096129319853,False,0.0,14627.178555008253,73040.48827852253,17296.814391245083
2023-09-19,105090.68689800157,-0.0023700207634037573,False,0.0,14628.049220398432,73032.00619889263,17430.631478710508
2023-09-20,105195.97015996554,-0.0013705626615738709,False,0.0,14628.919937613931,73002.60165617568,17564.44856617593
2023-09-21,105198.16487562991,-0.0013497281403873629,False,0.0,14629.790706657837,73057.45243778231,17510.921731189763
2023-09-22,105072.67229708239,-0.0025410340707807677,False,0.0,14630.661527533233,73003.73260012634,17438.278169422818
2023-09-25,105134.74233358166,-0.001951800799481762,False,0.0,14631.532400243204,72988.46485679253,17514.745076545918
2023-09-26,105039.88789773725,-0.0028522576492290286,False,0.0,14632.403324790837,72904.20953246896,17503.275040477452
2023-09-27,104616.0840866161,-0.006875443716130802,False,0.0,14633.274301179217,72735.69888382181,17247.11090161507
2023-09-28,104657.0470148751,-0.006486581044520712,False,0.0,14634.14532941143,73062.54168556022,16960.359999903445
2023-10-09,104602.1617781746,-0.007007608731808168,False,0.0,14635.016409490561,73125.3090748214,16841.83629386264
2023-10-10,104331.94785912227,-0.00957275997794338,False,0.0,14635.887541419697,73072.15470914077,16623.905608561807
2023-10-11,104223.86918631937,-0.010598755023621731,False,0.0,14636.758725201924,72936.44143506254,16650.669026054893
2023-10-12,104347.81354189198,-0.00942214643416206,False,0.0,14637.629960840328,72925.69746753135,16784.486113520314
2023-10-13,104467.67145504251,-0.008284330601596834,False,0.0,14638.501248337996,72987.33391284187,16841.836293862638
2023-10-16,104686.74339664562,-0.006204672137046674,False,0.0,14639.372587698015,72995.25052049644,17052.12028845116
2023-10-17,104727.32601659799,-0.005819419746987076,False,0.0,14640.243978923472,72958.49484210025,17128.58719557426
2023-10-18,104878.46451062347,-0.004384656143216703,False,0.0,14641.115422017456,72944.3580427171,17292.991045888917
2023-10-19,104838.21037993519,-0.004766790171912394,False,0.0,14641.98691698305,72811.47212851551,17384.751334436634
2023-10-20,105087.92733606647,-0.0023962173922134067,False,0.0,14642.858463823348,72869.15026999873,17575.918602244386
2023-10-23,105062.20288187044,-0.002640420636696561,False,0.0,14643.730062541432,72938.1378509885,17480.33496834051
2023-10-24,105039.48530606765,-0.002856079467611239,False,0.0,14644.601713140391,72903.07858851828,17491.805004408976
2023-10-25,105058.61947634,-0.0026744380448080474,False,0.0,14645.473415623315,72990.1612727185,17422.984787998186
2023-10-26,105273.87525561394,-0.0006310065577149748,False,0.0,14646.345169993292,73078.37490086934,17549.155184751296
2023-10-27,105275.22885155986,-0.0006181568187392239,False,0.0,14647.21697625341,73044.44658234977,17583.56529295669
2023-10-30,105413.85723093215,0.0,False,0.0,14648.088834406759,73143.96965000714,17621.798746518238
2023-10-31,105479.40481891255,0.0,False,0.0,14648.960744456426,73166.58852902017,17663.85554543594
2023-11-01,105430.54765314079,-0.0004631915192888636,False,0.0,14649.832706405501,73181.85627235398,17598.858674381307
2023-11-02,105525.06937413586,0.0,False,0.0,14650.704720257072,73237.27252593593,17637.09212794286
2023-11-03,105509.38215604663,-0.00014865868539359894,False,0.0,14651.57678601423,73232.183278158,17625.622091874393
2023-11-06,105401.39486743383,-0.0011719917118797607,False,0.0,14652.448903680064,73211.26081507094,17537.685148682827
2023-11-07,105353.23833973706,-0.0016283432497881112,False,0.0,14653.321073257664,73231.05233420734,17468.86493227204
2023-11-08,105292.64148049796,-0.002202584608723024,False,0.0,14654.19329475012,73238.40346988659,17400.04471586125
2023-11-09,105182.77169705101,-0.0032437569490832985,False,0.0,14655.06556816052,73242.36177371387,17285.344355176603
2023-11-10,105312.64177901218,-0.0020130533567386255,False,0.0,14655.937893491959,73245.1891335905,17411.514751929717
2023-11-13,105341.68520267075,-0.001737825642311841,False,0.0,14656.810270747523,73334.533705692,17350.341226231238
2023-11-14,105412.80434724805,-0.0010638706759791283,False,0.0,14657.682699930305,73328.31351396341,17426.808133354334
2023-11-15,105484.62397420211,-0.0003832776436312191,False,0.0,14658.555181043395,73326.61709803744,17499.45169512128
2023-11-16,105459.65216096259,-0.0006199210629402874,False,0.0,14659.427714089885,73369.59296816221,17430.63147871049
2023-11-17,105517.0138992795,-7.63370723576573e-05,False,0.0,14660.300299072866,73376.37863186612,17480.334968340503
2023-11-20,105287.13623012148,-0.002254754679864579,False,0.0,14661.17293599543,73336.7955935933,17289.167700532755
2023-11-21,105230.5750563549,-0.0027907521836052496,False,0.0,14662.045624860668,73302.30180309841,17266.227628395824
2023-11-22,105081.06465783704,-0.004207575687295795,False,0.0,14662.91836567167,73216.91553482418,17201.23075734119
2023-11-23,104973.3411932435,-0.005228408606264168,False,0.0,14663.791158431532,73123.61265889539,17185.937375916572
2023-11-24,105043.79272901123,-0.004560780182179092,False,0.0,14664.664003143344,73177.89796852668,17201.230757341193
2023-11-27,105213.61888988616,-0.0029514359582694105,False,0.0,14665.536899810197,73167.15400099549,17380.92798908048
2023-11-28,105261.23300979342,-0.0025002245050133043,False,0.0,14666.409848435185,73160.36833729158,17434.454824066648
2023-11-29,105353.4870616048,-0.0016259862566184724,False,0.0,14667.282849021401,73133.22568247594,17552.978530107455
2023-11-30,105399.86778912366,-0.0011864629490865308,False,0.0,14668.155901571938,73186.38004815657,17545.331839395145
2023-12-01,105456.72261919889,-0.0006476826344898878,False,0.0,14669.029006089888,73242.36177371386,17545.331839395145
2023-12-04,105610.33658726375,0.0,False,0.0,14669.902162578344,73188.64193605789,17751.79248862751
2023-12-05,105362.42243063348,-0.002347442159938762,False,0.0,14670.775371040403,73180.72532840332,17510.92173118975
2023-12-06,105345.47050480405,-0.0025079560487987207,False,0.0,14671.648631479155,73170.54683284745,17503.275040477438
2023-12-07,105409.43239960764,-0.0019023155701251016,False,0.0,14672.521943897695,73210.69534309559,17526.215112614365
2023-12-08,105474.39033187367,-0.0012872438416835497,False,0.0,14673.395308299117,73248.0164934671,17552.97853010745
2023-12-11,105449.88232158711,-0.0015193045573154151,False,0.0,14674.268724686515,73352.62880890242,17422.984787998183
2023-12-12,105375.14990984889,-0.002226928584973642,False,0.0,14675.142193062984,73345.84314519851,17354.164571587393
2023-12-13,105440.7058761653,-0.001606194209581857,False,0.0,14676.015713431618,73448.75904470783,17315.931118025845
2023-12-14,105635.27175316346,0.0,False,0.0,14676.889285795512,73378.64051976742,17579.741947600538
2023-12-15,105671.71883578962,0.0,False,0.0,14677.762910157762,73444.80074088056,17549.155184751296
2023-12-18,105679.57117852703,0.0,False,0.0,14678.636586521461,73505.30624224043,17495.628349765127
2023-12-19,105722.79726084607,0.0,False,0.0,14679.510314889707,73497.95510656122,17545.331839395145
2023-12-20,105729.5632718096,0.0,False,0.0,14680.384095265594,73446.49715680655,17602.68201973747
2023-12-21,105761.96857634338,0.0,False,0.0,14681.257927652216,73474.20528359753,17606.505365093628
2023-12-22,105947.04459821193,0.0,False,0.0,14682.13181205267,73574.29382323023,17690.618962929035
2023-12-25,106035.75292545761,0.0,False,0.0,14683.005748470054,73635.36479656544,17717.38238042212
2023-12-26,106144.00854500828,0.0,False,0.0,14683.879736907462,73693.04293804869,17767.085870052135
2023-12-27,106267.53195991587,0.0,False,0.0,14684.753777367992,73765.98882286572,17816.789359682152
2023-12-28,106343.34390817872,0.0,False,0.0,14685.62786985474,73833.27998792952,17824.436050394463
2023-12-29,106357.41691079707,0.0,False,0.0,14686.502014370802,73900.00568101798,17770.909215408294
2024-01-02,106361.17761339284,0.0,True,3.1663211023172626,14890.564865875,74452.82432937498,17017.788418142856
2024-01-03,106331.16586425113,-0.00028216826679738904,False,0.0,14891.451209021778,74432.86780700815,17006.846848221205
2024-01-04,106347.01517486363,-0.00013315420952453305,False,0.0,14892.337604927076,74491.59700140195,16963.080568534595
2024-01-05,106473.43062359838,0.0,False,0.0,14893.224053594035,74569.71253180926,17010.494038195087
2024-01-08,106403.87012938228,-0.0006533131675076076,False,0.0,14894.110555025796,74550.32619579577,16959.433378560712
2024-01-09,106413.0834070282,-0.0005667819306350852,False,0.0,14894.9971092255,74562.30010921588,16955.786188586826
2024-01-10,106338.62742646232,-0.0012660735767274778,False,0.0,14895.883716196287,74552.60694120912,16890.136769056913
2024-01-11,106358.3302358675,-0.0010810245058955337,False,0.0,14896.770375941298,74571.42309086928,16890.136769056913
2024-01-12,106389.4067848046,-0.0007891531089180281,False,0.0,14897.657088463675,74546.90507767575,16944.84461866517
2024-01-15,106463.67947985549,-9.158288303268147e-05,False,0.0,14898.54385376656,74521.81687812888,17043.31874796004
2024-01-16,106427.26809968379,-0.0004335590921061838,False,0.0,14899.430671853093,74469.92991997513,17057.907507855572
2024-01-17,106315.69230803224,-0.0014814805406596632,False,0.0,14900.317542726418,74525.23799624892,16890.13676905691
2024-01-18,106245.33597784043,-0.0021422682111588154,False,0.0,14901.204466389674,74508.7025920021,16835.42891944865
2024-01-19,106472.98901309271,-4.147612254867816e-06,False,0.0,14902.091442846007,74636.99452150318,16933.903048743516
2024-01-22,106443.5781767223,-0.00028037461272023556,False,0.0,14902.978472098557,74672.34607541013,16868.253629213603
2024-01-23,106425.52105303101,-0.0004499673795309578,False,0.0,14903.865554150467,74627.87153984976,16893.78395903079
2024-01-24,106377.72628943523,-0.0008988564903246177,False,0.0,14904.75268900488,74601.07278124287,16871.900819187485
2024-01-25,106398.95416771121,-0.0006994839506060391,False,0.0,14905.639876664938,74698.00446131035,16795.30982973592
2024-01-26,106525.81253851818,0.0,False,0.0,14906.527117133786,74751.03179217079,16868.253629213603
2024-01-29,106585.75311381747,0.0,False,0.0,14907.414410414567,74777.26036442434,16901.07833897856
2024-01-30,106831.33840782878,0.0,False,0.0,14908.301756510426,74974.5448426793,16948.49180863905
2024-01-31,106872.92509624633,0.0,False,0.0,14909.189155424503,74993.36099233947,16970.374948482353
2024-02-01,106858.95766248279,-0.00013069197601689453,False,0.0,14910.076607159945,74923.79825723222,17025.082798090614
2024-02-02,106893.1220205154,0.0,False,0.0,14910.964111719893,74916.95602099216,17065.201887803338
2024-02-05,106852.80018267059,-0.0003772163922489691,False,0.0,14911.851669107495,75007.04546481959,16933.903048743512
2024-02-06,106702.6084361292,-0.0017822810372180031,False,0.0,14912.739279325893,74892.43800779863,16897.431149004675
2024-02-07,106700.96925503956,-0.001797615803933228,False,0.0,14913.626942378234,74857.08645389168,16930.255858769633
2024-02-08,106911.07530885444,0.0,False,0.0,14914.51465826766,74993.36099233947,17003.19965824731
2024-02-19,106823.50620392064,-0.0008190835671685326,False,0.0,14915.40242699732,74970.55353820593,16937.5502387174
2024-02-20,106841.04747238611,-0.0006550101218796289,False,0.0,14916.290248570354,74994.50136504613,16930.25585876963
2024-02-21,106889.26081413272,-0.00020404335714241384,False,0.0,14917.178122989912,75041.82683237319,16930.25585876963
2024-02-22,106912.27797997392,0.0,False,0.0,14918.066050259136,75074.89764086681,16919.314288847978
2024-02-23,106974.99218498512,0.0,False,0.0,14918.954030381175,75169.54857552092,16886.48957908302
2024-02-26,107059.31344365474,0.0,False,0.0,14919.842063359174,75176.39081176098,16963.080568534584
2024-02-27,107063.63266104928,0.0,False,0.0,14920.730149196279,75198.05789318783,16944.844618665164
2024-02-28,107067.14565966144,0.0,False,0.0,14921.618287895635,75204.32994307454,16941.197428691277
2024-02-29,107104.40773519423,0.0,False,0.0,14922.506479460391,75233.40944709479,16948.491808639046
2024-03-01,107132.05468448481,0.0,False,0.0,14923.394723893693,75187.2243524744,17021.435608116724
2024-03-04,107347.33093204179,0.0,False,0.0,14924.283021198686,75190.0752842411,17232.972626601997
2024-03-05,107584.49037231688,0.0,False,0.0,14925.17137137852,75192.92621600779,17466.392784930573
2024-03-06,107815.66396806149,0.0,False,0.0,14926.059774436339,75295.55975960864,17594.044434016516
2024-03-07,108105.17262939458,0.0,False,0.0,14926.948230375292,75361.70137659585,17816.52302242344
2024-03-08,108061.25250159537,-0.00040627221372446787,False,0.0,14927.836739198528,75331.48149986894,17801.934262527906
2024-03-11,108079.32464280221,-0.00023910036831431558,False,0.0,14928.725300909195,75283.0156598352,17867.58368205782
2024-03-12,107934.85579105187,-0.0015754735337835113,False,0.0,14929.61391551044,75210.60199296128,17794.639882580137
2024-03-13,107881.82285370836,-0.0020660415246910313,False,0.0,14930.50258300541,75189.50509788777,17761.815172815182
2024-03-14,107866.6183001237,-0.002206687464333501,False,0.0,14931.391303397255,75147.88149409408,17787.345502632368
2024-03-15,107995.07072016809,-0.0010184703150508678,False,0.0,14932.280076689123,75195.20696142114,17867.58368205782
2024-03-18,107923.85205884223,-0.0016772608205710693,False,0.0,14933.168902884165,75265.33988288172,17725.34327307634
2024-03-19,108021.65259113627,-0.000772581331927924,False,0.0,14934.057781985526,75325.77963633556,17761.815172815182
2024-03-20,108045.32895040582,-0.0005535690618053701,False,0.0,14934.946713996358,75312.09516385544,17798.287072554023
2024-03-21,108417.32702525002,0.0,False,0.0,14935.83569891981,75325.77963633556,18155.711689994656
2024-03-22,108320.3221335851,-0.0008947360567406193,False,0.0,14936.72473675903,75344.5957859957,18039.001610830368
2024-03-25,108321.19119746845,-0.0008867201435356353,False,0.0,14937.61382751717,75308.10385938207,18075.473510569213
2024-03-26,108349.99944558741,-0.0006210038700449338,False,0.0,14938.50297119738,75299.55106408198,18111.94541030805
2024-03-27,108469.21126464632,0.0,False,0.0,14939.39216780281,75330.34112716225,18199.477969681266
2024-03-28,108603.21794150819,0.0,False,0.0,14940.281417336606,75321.21814550884,18341.718378662743
2024-03-29,109042.27225173428,0.0,False,0.0,14941.170719801923,75405.60572580286,18695.495806129496
2024-04-01,109123.27173047668,0.0,False,0.0,14942.06007520191,75379.94733990265,18801.264315372133
2024-04-02,109166.11884367027,0.0,False,0.0,14942.94948353972,75407.31628486289,18815.853075267667
2024-04-03,109507.72151347602,0.0,False,0.0,14943.838944818503,75485.4318152702,19078.450753387315
2024-04-08,110052.43651549412,0.0,False,0.0,14944.728459041407,75580.65293627766,19527.05512017505
2024-04-09,110179.30722643982,0.0,False,0.0,14945.618026211589,75651.92623044492,19581.76296978331
2024-04-10,110257.47606501094,0.0,False,0.0,14946.507646332197,75659.90883939165,19651.059579287106
2024-04-11,110126.73279796322,-0.0011857995640188745,False,0.0,14947.397319406382,75674.1634982251,19505.171980331746
2024-04-12,110796.36677175421,0.0,False,0.0,14948.287045437299,75773.94611005926,20074.13361625765
2024-04-15,110469.11748230367,-0.002953610294141651,False,0.0,14949.176824428097,75763.11256934583,19756.828088529743
2024-04-16,110556.03535954977,-0.0021691271943919954,False,0.0,14950.066656381932,75721.48896555215,19884.479737615682
2024-04-17,110609.70647660158,-0.0016847149468101064,False,0.0,14950.956541301955,75741.44548791899,19917.30444738064
2024-04-18,110612.68112836263,-0.0016578670288889263,False,0.0,14951.846479191317,75801.88524137282,19858.949407798496
2024-04-19,110758.57445763923,-0.0003410970523323176,False,0.0,14952.736470053174,75852.06164046658,19953.77634711948
2024-04-22,110415.40026889152,-0.0034384385874990375,False,0.0,14953.626513890677,75898.24673508696,19563.52701991389
2024-04-23,110043.19669628938,-0.006797786763318658,False,0.0,14954.51661070698,76006.58214222119,19082.0979433612
2024-04-24,110039.98539380288,-0.006826770588150288,False,0.0,14955.406760505235,75801.88524137282,19282.693391924822
2024-04-25,110098.69049012724,-0.0062969238248057335,False,0.0,14956.296963288598,75856.05294493993,19286.340581898705
2024-04-26,110121.39379168037,-0.006092013662003182,False,0.0,14957.187219060223,75728.33120179221,19435.875370827947
2024-04-29,109675.32809348818,-0.010118009379995518,False,0.0,14958.077527823261,75409.02684392291,19308.223721742004
2024-04-30,109865.42230878319,-0.008402301357848807,False,0.0,14958.96788958087,75627.40821725139,19279.046201950932
2024-05-06,109871.05233763524,-0.008351487156841197,False,0.0,14959.858304336201,75748.8579105124,19162.336122786644
2024-05-07,110017.65439967994,-0.00702832046540347,False,0.0,14960.748772092411,75843.5088451665,19213.396782421023
2024-05-08,110006.69906310312,-0.0071271985865550835,False,0.0,14961.639292852655,75857.19331764663,19187.866452603837
2024-05-09,109899.61837111058,-0.008093662515946676,False,0.0,14962.529866620087,75789.34114159939,19147.74736289111
2024-05-10,110320.84013230044,-0.004291897408814749,False,0.0,14963.420493397862,75775.65666911927,19581.762969783307
2024-05-13,110287.1275678081,-0.004596172408750321,False,0.0,14964.311173189135,75857.76350399994,19465.05289061902
2024-05-14,110301.60475732529,-0.004465507568927385,False,0.0,14965.201905997063,75900.52748050028,19435.875370827947
2024-05-15,110451.46014572894,-0.0031129777633935873,False,0.0,14966.0926918248,75899.95729414695,19585.41015975719
2024-05-16,110587.27698673857,-0.0018871538039363367,False,0.0,14966.983530675505,75863.46536753332,19756.82808852974
2024-05-17,110528.07223966105,-0.0024215101984874643,False,0.0,14967.87442255233,75807.01691855286,19753.180898555856
2024-05-20,111110.05683030837,0.0,False,0.0,14968.765367458434,75899.38710779363,20241.904355056315
2024-05-21,110819.37867531525,-0.0026161282181418333,False,0.0,14969.656365396973,75859.47406305996,19990.24824685832
2024-05-22,110893.45962449572,-0.0019493933491857574,False,0.0,14970.547416371104,75892.54487155357,20030.367336571046
2024-05-23,110488.40230901299,-0.005594943779434813,False,0.0,14971.438520383983,75946.14238876736,19570.82139986166
2024-05-24,110319.58609635525,-0.007114304109846259,False,0.0,14972.329677438767,75947.85294782737,19399.40347108911
2024-05-27,110370.38757994541,-0.006657086419212366,False,0.0,14973.220887538615,75928.46661181388,19468.700080592906
2024-05-28,110400.02424605162,-0.006390353893357736,False,0.0,14974.112150686682,75971.80077466757,19454.111320697368
2024-05-29,110573.26781875125,-0.004831146944483389,False,0.0,14975.003466886128,76012.85419210792,19585.410159757193
2024-05-30,110411.07799611628,-0.006290869198812499,False,0.0,14975.894836140109,76043.07406883483,19392.10909114134
2024-05-31,110493.68207162217,-0.005547425465073363,False,0.0,14976.786258451784,76029.95978270806,19486.936030462322
2024-06-03,110404.12208039615,-0.006353473034311885,False,0.0,14977.67773382431,76110.92624488207,19315.518101689773
2024-06-04,110605.61907083371,-0.004539982913023377,False,0.0,14978.569262260848,76129.17220818889,19497.877600383974
2024-06-05,110548.50974069216,-0.005053971761294629,False,0.0,14979.460843764553,76151.40947596908,19417.639420958523
2024-06-06,110804.46858814682,-0.002750320275942797,False,0.0,14980.352478338586,76136.5846307823,19687.53147902594
2024-06-07,110836.9465970818,-0.0024580154219854267,False,0.0,14981.244165986105,76164.52376209587,19691.178668999826
2024-06-11,110246.99356203675,-0.007767643117937761,False,0.0,14982.135906710271,76164.52376209587,19100.333893230614
2024-06-12,110347.03770069715,-0.006867237326469322,False,0.0,14983.027700514242,76154.26040773578,19209.749592447133
2024-06-13,110362.63635012525,-0.0067268481495299515,False,0.0,14983.919547401176,76161.67283032916,19217.043972394902
2024-06-14,110382.79654346616,-0.006545404687830492,False,0.0,14984.811447374235,76173.64674374927,19224.338352342667
2024-06-17,110445.36663845983,-0.005982268489554299,False,0.0,14985.703400436578,76206.14736588953,19253.51587213374
2024-06-18,110485.59148955757,-0.005620241394570735,False,0.0,14986.595406591365,76227.24426096304,19271.75182200316
2024-06-19,110578.46956979965,-0.0047843307408309554,False,0.0,14987.487465841758,76242.63929250317,19348.342811454724
2024-06-20,110812.70385158133,-0.002676202201760791,False,0.0,14988.379578190914,76308.21072313703,19516.11355025339
2024-06-21,110865.4329079992,-0.002201636191067502,False,0.0,14989.271743641997,76268.86786475671,19607.293299600493
2024-06-24,110599.9922561284,-0.004590624725887449,False,0.0,14990.163962198167,76316.19333208377,19293.634961846466
2024-06-25,110668.59863431964,-0.003973161463349251,False,0.0,14991.056233862582,76340.14115892397,19337.401241533073
2024-06-26,110613.44670523886,-0.004469533534916192,False,0.0,14991.948558638407,76397.15979425778,19224.33835234267
2024-06-27,110588.96684970727,-0.0046898543252203995,False,0.0,14992.840936528803,76477.55607007844,19118.569843100035
2024-06-28,110845.19261919947,-0.002383800518736212,False,0.0,14993.733367536928,76532.29395999889,19319.165291663652
2024-07-01,110717.975216187,-0.003528768009903649,True,5.971964881513994,15500.51653026618,77502.5826513309,17714.87603458992
2024-07-02,110813.44168215012,-0.002669561663632747,False,0.0,15501.43918005965,77573.72504605459,17738.277456035878
2024-07-03,111050.6478459305,-0.0005346859327828302,False,0.0,15502.361884772748,77696.34445809865,17851.9415030591
2024-07-04,111092.92438865884,-0.00015419343791445161,False,0.0,15503.284644408746,77654.12173602686,17935.518008223233
2024-07-05,111086.02646050401,-0.00021627538037405358,False,0.0,15504.207458970914,77592.81203000483,17989.006971528277
2024-07-08,110942.54745865415,-0.0015075986497787852,False,0.0,15505.13032846252,77438.38097804366,17999.03615214797
2024-07-09,110967.09315864443,-0.0012866852537234408,False,0.0,15506.053252886832,77535.55107815407,17925.48882760353
2024-07-10,111134.76508219576,0.0,False,0.0,15506.976232247122,77585.29291511532,18042.49593483332
2024-07-11,111198.50056645533,0.0,False,0.0,15507.89926654666,77581.24416094404,18109.357138964628
2024-07-12,111358.83889461591,0.0,False,0.0,15508.822355788716,77643.71065387217,18206.305884955025
2024-07-15,111376.4662575355,0.0,False,0.0,15509.74549997656,77673.78711343017,18192.933644128767
2024-07-16,111587.42385623298,0.0,False,0.0,15510.668699113463,77673.20871997713,18403.546437142384
2024-07-17,111844.21297548556,0.0,False,0.0,15511.591953202695,77691.71731047434,18640.90371180852
2024-07-18,111811.39297233612,-0.00029344390984831215,False,0.0,15512.515262247527,77668.00317889977,18630.874531188827
2024-07-19,111370.75562344767,-0.004233185959667485,False,0.0,15513.438626251233,77721.21537657929,18136.10162061715
2024-07-22,111526.61929642136,-0.002839607616835882,False,0.0,15514.36204521708,77889.52787141337,18122.72937979089
2024-07-23,111521.14719546586,-0.002888533715110553,False,0.0,15515.285519148343,77973.39492210391,18032.466754213623
2024-07-24,111760.58478593803,-0.0007477203095510587,False,0.0,15516.209048048293,77974.55170900997,18269.824028879764
2024-07-25,111311.73393036469,-0.004760899388129958,False,0.0,15517.1326319202,77986.11957807073,17808.481720373744
2024-07-26,111423.67316769205,-0.0037600497746421713,False,0.0,15518.056270767338,78020.24479179997,17885.372105124745
2024-07-29,111534.98703974074,-0.0027647915570973014,False,0.0,15518.979964592978,78006.94174238009,18009.065332767666
2024-07-30,111570.88007905486,-0.002443871606397807,False,0.0,15519.903713400394,78018.50961144085,18032.466754213623
2024-07-31,111768.31657646777,-0.0006785903087754841,False,0.0,15520.827517192858,78074.61377638555,18172.87528288937
2024-08-01,112047.05200472406,0.0,False,0.0,15521.751375973643,78205.33069677216,18319.96993197825
2024-08-02,112247.80950772123,0.0,False,0.0,15522.675289746023,78321.58778083282,18403.546437142384
2024-08-05,111813.54617388087,-0.0038687911661251517,False,0.0,15523.59925851327,78351.08584693779,17938.861068429796
2024-08-06,111568.99055243559,-0.006047502915760283,False,0.0,15524.523282278657,78235.98554978319,17808.481720373748
2024-08-07,111763.96428589681,-0.004310509255783135,False,0.0,15525.447361045459,78346.45869931347,17892.058225537883
2024-08-08,111685.45202468403,-0.005009963985074695,False,0.0,15526.371494816949,78277.0514849489,17882.029044918185
2024-08-09,111736.49725436,-0.004555209189414655,False,0.0,15527.295683596401,78170.04869613684,18039.152874626754
2024-08-12,111514.72623883016,-0.006530936078896432,False,0.0,15528.219927387092,77810.28796834714,18176.218343095934
2024-08-13,111873.59311375872,-0.003333841396136794,False,0.0,15529.144226192293,78044.53731682757,18299.911570738852
2024-08-14,111887.79835239939,-0.003207288916378226,False,0.0,15530.06858001528,78117.99328536342,18239.736487020677
2024-08-15,111766.60146894488,-0.0042870149616884845,False,0.0,15530.992988859329,78039.33177575022,18196.276704335323
2024-08-16,111787.65348545903,-0.004099465497636734,False,0.0,15531.917452727714,78026.02872633035,18229.70730640098
2024-08-19,112023.2868304782,-0.0020002410579565977,False,0.0,15532.84197162371,78060.1539400596,18430.2909187949
2024-08-20,112011.48674843826,-0.0021053663347142537,False,0.0,15533.766545550592,78047.42928409277,18430.2909187949
2024-08-21,112007.62098476027,-0.0021398058814184884,False,0.0,15534.691174511636,77962.40544649617,18510.524363752473
2024-08-22,112121.37941890537,-0.0011263479382834785,False,0.0,15535.615858510118,78122.04203953469,18463.72152086056
2024-08-23,112175.0430980805,-0.0006482657430899597,False,0.0,15536.540597549316,78238.29912359535,18400.203376935817
2024-08-26,112290.78872609297,0.0,False,0.0,15537.465391632502,78239.45591050142,18513.867423959044
2024-08-27,112226.28592362371,-0.0005744264796874177,False,0.0,15538.390240762956,78187.40049972798,18500.49518313278
2024-08-28,112233.18017195203,-0.0005130300961859735,False,0.0,15539.315144943954,78213.4282051147,18480.43682189339
2024-08-29,112214.705437108,-0.0006775559228687777,False,0.0,15540.24010417877,78170.62708958988,18503.83824333935
2024-08-30,112147.87814368696,-0.001272683040410394,False,0.0,15541.165118470686,78146.33456456228,18460.378460654
2024-09-02,112230.83264506096,-0.0005339358794447246,False,0.0,15542.090187822976,78331.99886298752,18356.74359425047
2024-09-03,112371.03437344855,0.0,False,0.0,15543.015312238918,78437.8448648935,18390.174196316126
2024-09-04,112272.68615082777,-0.0008752097297061168,False,0.0,15543.940491721789,78465.60775063933,18263.13790846664
2024-09-05,112453.73257039816,0.0,False,0.0,15544.865726274867,78515.34958760059,18393.51725652269
2024-09-06,112530.83146850992,0.0,False,0.0,15545.791015901432,78541.37729298732,18443.663159621174
2024-09-09,112440.25712702241,-0.0008048846729871162,False,0.0,15546.71636060476,78583.6000150591,18309.940751358557
2024-09-10,112629.78312170066,0.0,False,0.0,15547.64176038813,78651.85044251762,18430.290918794908
2024-09-11,112847.38476733663,0.0,False,0.0,15548.567215254818,78771.5778872965,18527.239664785306
2024-09-12,112687.1820226145,-0.0014196407391489085,False,0.0,15549.492725208107,78647.22329489331,18490.466002513087
2024-09-13,113067.76073407228,0.0,False,0.0,15550.418290251273,78759.4316247827,18757.91081903832
2024-09-18,113081.66561119878,0.0,False,0.0,15551.343910387597,78779.097002186,18751.22469862519
2024-09-19,112946.07934921341,-0.0011990118933298266,False,0.0,15552.269585620357,78672.67260682696,18721.137156766097
2024-09-20,113214.87882441029,0.0,False,0.0,15553.195315952835,78729.93355867775,18931.749949779718
2024-09-23,113393.62330335204,0.0,False,0.0,15554.121101388308,78747.28536226889,19092.216839694855
2024-09-24,113259.83049614009,-0.001179897099275462,False,0.0,15555.046941930057,78659.36955740709,19045.41399680294
2024-09-25,113592.48585291111,0.0,False,0.0,15555.972837581363,78847.34742964449,19189.165585685256
2024-09-26,113568.29736647238,-0.00021294090235901564,False,0.0,15556.898788345505,78785.45933016941,19225.939247957478
2024-09-27,113090.00358070822,-0.004423552037179146,False,0.0,15557.824794225762,78449.9911274073,19082.187659075167
2024-09-30,112818.05523238554,-0.006817621911438421,False,0.0,15558.750855225418,78180.45977829152,19078.844598868603
2024-10-08,112811.14952348977,-0.006878415623662537,False,0.0,15559.676971347753,78149.22653182746,19102.246020314564
2024-10-09,112726.63940630291,-0.007622391922379124,False,0.0,15560.603142596048,78311.17669867813,18854.859565028724
2024-10-10,113037.6288527133,-0.0048846276761324026,False,0.0,15561.529368973583,78500.88975127463,18975.209732465082
2024-10-11,113290.81225585571,-0.0026557531054125505,False,0.0,15562.45565048364,78542.53407989338,19185.8225254787
2024-10-14,113479.59754892866,-0.0009938008058791858,False,0.0,15563.381987129502,78529.80942392655,19386.406137872626
2024-10-15,113501.346105023,-0.000802339584381695,False,0.0,15564.30837891445,78550.63158823593,19386.406137872626
2024-10-16,113797.4221451161,0.0,False,0.0,15565.234825841766,78561.62106384366,19670.56625543068
2024-10-17,113977.2908806981,0.0,False,0.0,15566.161327914733,78670.35903301481,19740.770519768554
2024-10-18,114022.86725441474,0.0,False,0.0,15567.087885136632,78581.28644124695,19874.49292803117
2024-10-21,114264.1123001266,0.0,False,0.0,15568.014497510747,78570.87535909227,20125.22244352357
2024-10-22,114146.14451735369,-0.0010324132433029432,False,0.0,15568.94116504036,78458.66702920289,20118.53632311044
2024-10-23,114193.71083791927,-0.0006161292534475615,False,0.0,15569.867887728755,78378.27033923058,20245.572610959924
2024-10-24,114021.94418963329,-0.00211937156486397,False,0.0,15570.794665579215,78409.50358569463,20041.645938359437
2024-10-25,114025.95948183234,-0.0020842311159668947,False,0.0,15571.721498595023,78402.56286425817,20051.675118979132
2024-10-28,114106.02113717353,-0.0013835591925644986,False,0.0,15572.648386779463,78418.1794874902,20115.19326290388
2024-10-29,114356.68405413095,0.0,False,0.0,15573.575330135818,78497.41939055642,20285.68933343871
2024-10-30,114623.18230601585,0.0,False,0.0,15574.502328667373,78522.29030903707,20526.389668311418
2024-10-31,114494.05380409957,-0.0011265478703211818,False,0.0,15575.429382377413,78515.92798105365,20402.6964406685
2024-11-01,114440.86922702886,-0.0015905428144566969,False,0.0,15576.356491269222,78635.65542583253,20228.8573099271
2024-11-04,114325.48389553952,-0.0025971919858370773,False,0.0,15577.283655346082,78669.78063956178,20078.41960063166
2024-11-05,114319.47039336826,-0.0026496552140451435,False,0.0,15578.21087461128,78662.83991812532,20078.41960063166
2024-11-06,114309.77901145125,-0.0027342051429691816,False,0.0,15579.138149068103,78692.33798423027,20038.302878152874
2024-11-07,113932.14348778779,-0.006028787583153616,False,0.0,15580.065478719833,78761.74519859484,19590.332810473115
2024-11-08,114090.76201349821,-0.0046449617067532145,False,0.0,15580.992863569756,78792.40005160586,19717.369098322597
2024-11-11,114137.06982621101,-0.0042409612961803456,False,0.0,15581.920303621158,78814.3790028213,19740.770519768557
2024-11-12,113920.85057075403,-0.0061273096866807375,False,0.0,15582.847798877327,78924.85215235157,19413.15061952515
2024-11-13,113884.426065493,-0.0064450857641568104,False,0.0,15583.775349341546,78924.27375889852,19376.37695725293
2024-11-14,113501.60744137823,-0.009784886809749205,False,0.0,15584.702955017101,78928.32251306978,18988.581973291344
2024-11-15,113569.24684128586,-0.009194784541195489,False,0.0,15585.630615907281,78985.00507146753,18998.611153911042
2024-11-18,113777.52456390848,-0.007377719978578834,False,0.0,15586.558332015371,78941.62556248966,19249.340669403446
2024-11-19,114094.82815885011,-0.004609487684220426,False,0.0,15587.486103344658,78923.69536544548,19583.64669005998
2024-11-20,114147.36030323594,-0.0041511847185465856,False,0.0,15588.413929898428,78978.6427434841,19580.303629853417
2024-11-21,114452.68099113076,-0.0014874941652718299,False,0.0,15589.34181167997,79028.96297389841,19834.376205552384
2024-11-22,114726.06279382789,0.0,False,0.0,15590.26974869257,79044.0012036774,20091.791841457914
2024-11-25,114478.101586851,-0.0021613328387508624,False,0.0,15591.197740939515,79109.35966387071,19777.544182040772
2024-11-26,114222.71267623083,-0.004387408626596256,False,0.0,15592.125788424095,79093.74304063867,19536.843847168067
2024-11-27,114373.38387658818,-0.00307409588241081,False,0.0,15593.053891149597,79059.61782690942,19720.71215852916
2024-11-28,114330.70278675869,-0.003446121983456396,False,0.0,15593.982049119308,79116.30038530717,19620.4203523322
2024-11-29,114556.69254701436,-0.0014763013973372319,False,0.0,15594.910262336516,79160.83668119111,19800.945603486733
2024-12-02,114563.53474812413,-0.001416661931437857,False,0.0,15595.838530804513,79337.24668436772,19630.449532951898
2024-12-03,114746.08700080153,0.0,False,0.0,15596.766854526584,79321.6300611357,19827.690085139257
2024-12-04,114810.31486718546,0.0,False,0.0,15597.69523350602,79391.61566895331,19821.003964726126
2024-12-05,114821.90898460356,0.0,False,0.0,15598.62366774611,79408.96747254446,19814.31784431299
2024-12-06,114717.73311066939,-0.0009072821977567092,False,0.0,15599.552157250142,79384.09655406383,19734.084399355423
2024-12-09,114835.92336369377,0.0,False,0.0,15600.480702021407,79391.03727550029,19844.40538617208
2024-12-10,115172.60801442433,0.0,False,0.0,15601.409302063194,79643.21682102492,19927.981891336214
2024-12-11,115345.89522114553,0.0,False,0.0,15602.337957378792,79648.42236210225,20095.13490166448
2024-12-12,115588.57861520731,0.0,False,0.0,15603.266667971493,79753.11157710216,20232.200370133658
2024-12-13,115703.5808894403,0.0,False,0.0,15604.195433844587,80037.68115599689,20061.704299598827
2024-12-16,115586.45095237065,-0.0010123276753342125,False,0.0,15605.124255001363,80100.147648925,19881.179048444294
2024-12-17,115448.29971676081,-0.002206337701193717,False,0.0,15606.053131445113,79984.46895831737,19857.777626998337
2024-12-18,115417.85701921803,-0.0024694470821545744,False,0.0,15606.982063179126,79979.84181069309,19831.033145345813
2024-12-19,115287.68988192374,-0.003594452343821275,False,0.0,15607.911050206696,80005.86951607981,19673.90931563724
2024-12-20,115564.77828467179,-0.0011996396628479733,False,0.0,15608.840092531113,80258.62745505747,19697.3107370832
2024-12-23,115718.99003205281,0.0,False,0.0,15609.769190155668,80214.66955262658,19894.551289270556
2024-12-24,115557.1608858557,-0.0013984666315552952,False,0.0,15610.698343083654,80152.20305969846,19794.259483073594
2024-12-25,115459.01048630505,-0.0022466454786352896,False,0.0,15611.627551318361,80002.97754881461,19844.405386172075
2024-12-26,115474.46877758211,-0.002113060737939154,False,0.0,15612.556814863083,80004.1343357207,19857.777626998337
2024-12-27,115660.42589230706,-0.0005060892747986712,False,0.0,15613.48613372111,80172.44683055479,19874.492928031163
2024-12-30,115422.96580782138,-0.0025581300368195947,False,0.0,15614.415507895736,80007.60469643892,19800.94560348672
2024-12-31,115563.80834384584,-0.0013410217991358664,False,0.0,15615.344937390253,80130.80250193604,19817.660904519547
2025-01-02,115836.29165715454,0.0,True,5.042844973125776,16217.080832001637,81085.40416000817,18533.806665144726
2025-01-03,116218.2588103475,0.0,False,0.0,16218.046134432112,81305.16158269846,18695.051093216924
2025-01-06,116099.45977164344,-0.0010222063204192722,False,0.0,16219.011494321066,81306.3305051596,18574.117772162776
2025-01-07,115996.42318859512,-0.001908784592224766,False,0.0,16219.976911671918,81171.3199609004,18605.12631602281
2025-01-08,116116.71505036659,-0.0008737332758238514,False,0.0,16220.942386488088,81197.62071627557,18698.151947602928
2025-01-09,116047.94981084106,-0.001465423774626995,False,0.0,16221.907918772999,81019.360040955,18806.681851113062
2025-01-10,116120.93252651852,-0.0008374440025624708,False,0.0,16222.873508530069,80967.34299143523,18930.716026553215
2025-01-13,116069.05258034615,-0.0012838449958610942,False,0.0,16223.839155762718,80867.98458224017,18977.22884234327
2025-01-14,115950.85506558587,-0.002300875503547073,False,0.0,16224.80486047437,80910.06579084044,18815.98441427107
2025-01-15,116148.42582887132,-0.0006008778843447082,False,0.0,16225.770622668446,81001.24174280767,18921.4134633952
2025-01-16,116197.3816667379,-0.0001796373807636531,False,0.0,16226.736442348367,80987.21467327425,18983.430551115278
2025-01-17,116213.0720884828,-4.462914793068595e-05,False,0.0,16227.702319517553,80949.2246932879,19036.14507567734
2025-01-20,116183.25684404878,-0.000301174416627914,False,0.0,16228.668254179429,80955.65376682406,18998.934823045292
2025-01-21,116201.75667312354,-0.00014199263861702782,False,0.0,16229.634246337415,80973.18760374084,18998.934823045292
2025-01-22,116423.35483160618,0.0,False,0.0,16230.600295994935,81026.37357572174,19166.3809598895
2025-01-23,116347.07442327095,-0.0006551985075979871,False,0.0,16231.56640315541,80930.52193391003,19184.986086205525
2025-01-24,116361.17357916452,-0.000534096037101861,False,0.0,16232.532567822263,80847.52843917062,19281.11257217164
2025-01-27,116600.08105660028,0.0,False,0.0,16233.49878999892,81135.08336460577,19231.49890199558
2025-02-05,117314.32476024237,0.0,False,0.0,16234.4650696888,81113.45829907508,19966.40139147848
2025-02-06,117279.46175129224,-0.0002971760611619745,False,0.0,16235.431406895328,81192.36056520058,19851.66977919634
2025-02-07,117287.73324283051,-0.00022666897214984605,False,0.0,16236.397801621928,81143.85028306417,19907.485158144413
2025-02-10,117458.15734188036,0.0,False,0.0,16237.364253872025,81009.42420003554,20211.368887972785
2025-02-11,117644.49302052517,0.0,False,0.0,16238.33076364904,80990.1369794271,20416.025277449036
2025-02-12,117503.98920853747,-0.001194308448957182,False,0.0,16239.2973309564,80991.3059018882,20273.385975692865
2025-02-13,117590.74056542787,-0.0004569058331351794,False,0.0,16240.263955797529,80977.86329358535,20372.61331604499
2025-02-14,117524.314320918,-0.0010215412257861267,False,0.0,16241.23063817585,80801.94046318703,20481.143219555124
2025-02-17,117126.14686831793,-0.004406038386487121,False,0.0,16242.197378094788,80747.00110751444,20136.9483827087
2025-02-18,117202.2958433681,-0.003758757981811467,False,0.0,16243.16417555777,80633.0311675554,20326.100500254932
2025-02-19,117441.80245847738,-0.00172290735285352,False,0.0,16244.131030568218,80738.23418905608,20459.437238853094
2025-02-20,117371.12338519393,-0.002323692578483416,False,0.0,16245.097943129562,80601.4702611052,20524.555180959174
2025-02-21,117136.21343795904,-0.004320470678363608,False,0.0,16246.064913245224,80523.73691744084,20366.41160727298
2025-02-24,116951.88953765461,-0.005887258001526008,False,0.0,16247.03194091863,80298.13488244495,20406.72271429103
2025-02-25,117066.42064985092,-0.004913722315700753,False,0.0,16247.99902615321,80408.59805502067,20409.82356867703
2025-02-26,116879.04750109855,-0.006506428815950427,False,0.0,16248.966168952385,80415.61158978738,20214.469742358793
2025-02-27,116762.3928816712,-0.007498014706902367,False,0.0,16249.933369319584,80381.71283841493,20130.74667393669
2025-02-28,116641.98880691797,-0.008521471663210711,False,0.0,16250.900627258234,80409.18251625123,19981.905663408506
2025-03-03,116866.885688907,-0.006609806474175639,False,0.0,16251.86794277176,80611.40610202472,20003.611644110533
2025-03-04,117013.18730514367,-0.005366215614285963,False,0.0,16252.835315863591,80607.89933464136,20152.452654638717
2025-03-05,117134.94160727858,-0.004331281474923676,False,0.0,16253.802746537154,80579.84519557453,20301.2936651669
2025-03-06,117023.30334416311,-0.005280227407275961,False,0.0,16254.770234795877,80504.44969683238,20264.083412534856
2025-03-07,116832.7140559798,-0.006900271688907278,False,0.0,16255.737780643185,80340.80055227579,20236.17572306082
2025-03-10,116753.90203287743,-0.0075701884957110055,False,0.0,16256.705384082508,80205.20554678603,20291.991102008888
2025-03-11,116444.57093415686,-0.01019956017965895,False,0.0,16257.673045117275,80015.84010808484,20171.05778095474
2025-03-12,116798.21152033172,-0.007193549638110142,False,0.0,16258.640763750913,80303.39503351999,20236.17572306082
2025-03-13,116961.64146363191,-0.005804364822874719,False,0.0,16259.60853998685,80313.91533567006,20388.117587975004
2025-03-14,117251.88149653797,-0.003337270737515108,False,0.0,16260.576373828515,80299.30380490607,20692.001317803377
2025-03-17,117097.51243236229,-0.004649436400456564,False,0.0,16261.544265279337,80131.56343173556,20704.40473534739
2025-03-18,117312.55368501238,-0.002821545887871535,False,0.0,16262.512214342747,80190.59401602205,20859.447454647583
2025-03-19,117488.45147358086,-0.0013263820765251344,False,0.0,16263.480221022171,80139.16142773283,21085.809824825858
2025-03-20,117612.23731146852,-0.0002741795066516506,False,0.0,16264.448285321041,80240.2732206196,21107.515805527888
2025-03-21,117479.90079343249,-0.0013990644429396903,False,0.0,16265.416407242787,80209.29677539995,21005.187610789762
2025-03-24,117459.73073561855,-0.0015705136735503222,False,0.0,16266.384586790837,80169.55341172192,21023.79273710579
2025-03-25,117543.20563936708,-0.0008609615168337914,False,0.0,16267.352823968622,80270.66520460868,21005.187610789766
2025-03-26,117702.22121194302,0.0,False,0.0,16268.321118779571,80363.59454026762,21070.305552895843
2025-03-27,117785.71161171116,0.0,False,0.0,16269.289471227117,80393.40206302612,21123.02007745791
2025-03-28,118159.85383751841,0.0,False,0.0,16270.25788131469,80375.86822610933,21513.727730094386
2025-03-31,118384.44091750814,0.0,False,0.0,16271.22634904572,80370.02361380374,21743.19095465867
2025-04-01,118517.7558072563,0.0,False,0.0,16272.19487442364,80365.93238518982,21879.62854764284
2025-04-02,118494.61636737948,-0.0001952402804052955,False,0.0,16273.16345745188,80425.54743070687,21795.905479220735
2025-04-03,118996.38469319805,0.0,False,0.0,16274.13209813387,80724.79158075321,21997.461014310982
2025-04-07,118571.69509030099,-0.003568928619066991,False,0.0,16275.100796473045,80972.01868127978,21324.575612548153
2025-04-08,118654.87627654518,-0.002869905817167173,False,0.0,16276.069552472834,80905.39010099601,21473.416623076333
2025-04-09,118972.96078146665,-0.00019684557469368258,False,0.0,16277.038366136672,80952.7314606713,21743.19095465866
2025-04-10,119523.57732436548,0.0,False,0.0,16278.00723746799,81031.04926556625,22214.52082133124
2025-04-11,119890.00905927841,0.0,False,0.0,16278.97616647022,81058.51894340254,22552.513949405653
2025-04-14,119987.11991267095,0.0,False,0.0,16279.945153146795,80987.2146732743,22719.96008624986
2025-04-15,119983.64063194499,-2.8997118428186752e-05,False,0.0,16280.914197501148,80988.968056966,22713.75837747785
2025-04-16,120605.52823989524,0.0,False,0.0,16281.883299536714,81057.934482172,23265.710458186524
2025-04-17,120747.31778325848,0.0,False,0.0,16282.852459256925,81006.50189388279,23457.96343011876
2025-04-18,120769.61916701184,0.0,False,0.0,16283.821676665213,80972.01868127979,23513.77880906683
2025-04-21,121138.84248533218,0.0,False,0.0,16284.790951765015,80903.0522560738,23950.999277493363
2025-04-22,121969.63977247442,0.0,False,0.0,16285.760284559763,80932.85977883231,24751.019709082342
2025-04-23,120400.60185017156,-0.012864167880054289,False,0.0,16286.729675052891,80857.46428009016,23256.407895028507
2025-04-24,120586.87493281282,-0.011336959281351033,False,0.0,16287.699123247834,80788.49785488418,23510.677954680817
2025-04-25,120500.24212569126,-0.01204724101443777,False,0.0,16288.668629148027,80862.13996993462,23349.43352660862
2025-04-28,120277.44662744865,-0.01387388819203228,False,0.0,16289.638192756905,80839.93044317338,23147.87799151837
2025-04-29,120547.7860044953,-0.011657440086168092,False,0.0,16290.607814077903,80948.05577082683,23309.122419590567
2025-04-30,120468.6537334455,-0.012306226712064494,False,0.0,16291.577493114455,81010.59312249666,23166.483117834392
2025-05-06,120863.00934633563,-0.009072999052904707,False,0.0,16292.547229869997,80966.75853020471,23603.70358626093
2025-05-07,121024.72002282659,-0.007747171766765204,False,0.0,16293.517024347964,80944.54900344346,23786.653995035158
2025-05-08,120835.84161958257,-0.009295740768004768,False,0.0,16294.486876551795,81108.19814800005,23433.156595030723
2025-05-09,120732.81086625722,-0.010140465352889594,False,0.0,16295.456786484923,81084.81969877768,23352.534380994624
2025-05-12,120215.15842410615,-0.014384574322275023,False,0.0,16296.426754150785,81046.82971879133,22871.901951164036
2025-05-13,120024.75150085145,-0.015945675294696482,False,0.0,16297.396779552817,80991.89036311876,22735.464358179866
2025-05-14,119787.37709001801,-0.017891851501138034,False,0.0,16298.366862694456,80924.09286037389,22564.91736694966
2025-05-15,119064.38633731706,-0.02381948032786596,False,0.0,16299.33700357914,80866.81565977907,21898.233673958843
2025-05-16,119367.01543466607,-0.021338296502829368,False,0.0,16300.307202210304,80811.8763041065,22254.831928349275
2025-05-19,119547.85196332591,-0.019855660914192885,False,0.0,16301.277458591388,80852.20412901508,22394.37037571945
2025-05-20,119535.98084827859,-0.01995298935649592,False,0.0,16302.247772725828,80879.67380685137,22354.059268701396
2025-05-21,120241.38081049231,-0.014169583227482296,False,0.0,16303.218144617062,80870.90688839299,23067.255777482267
2025-05-22,120275.87617715925,-0.013886763939573443,False,0.0,16304.188574268526,80870.32242716242,23101.365175728308
2025-05-23,120351.20297255769,-0.013269177501350371,False,0.0,16305.15906168366,80932.2753176017,23113.768593272325
2025-05-26,120260.49535685414,-0.01401286761860221,False,0.0,16306.129606865903,80930.52193391003,23023.843816078213
2025-05-27,120048.1235670436,-0.015754053295683024,False,0.0,16307.100209818693,80900.12994992093,22840.89340730399
2025-05-28,120081.09314585834,-0.015483743578639908,False,0.0,16308.070870545467,80904.22117853485,22868.801096778025
2025-05-29,119757.1549109839,-0.018139635942335697,False,0.0,16309.041589049666,80811.8763041065,22636.237017827738
2025-05-30,120049.81798356758,-0.015740161178536938,False,0.0,16310.012365334727,80889.60964777086,22850.195970462
2025-06-03,120384.69071709746,-0.012994619467053936,False,0.0,16310.983199404092,80885.51841915696,23188.189098536415
2025-06-04,120425.85970216089,-0.012657084772844662,False,0.0,16311.9540912612,80938.11992990729,23175.7856809924
2025-06-05,120493.89724373067,-0.012099261189068344,False,0.0,16312.925040909488,80977.27883235474,23203.693370466437
2025-06-06,120555.8795839159,-0.011591082757936966,False,0.0,16313.896048352399,81044.49187386906,23197.491661694432
2025-06-09,120334.32004418796,-0.013407596606311412,False,0.0,16314.867113593371,81073.13047416646,22946.322456428126
2025-06-10,120360.1468188494,-0.013195849037739293,False,0.0,16315.838236635846,81082.48185385541,22961.826728358144
2025-06-11,120428.34642196099,-0.012636696750015775,False,0.0,16316.809417483264,81078.39062524149,23033.14637923623
2025-06-12,120625.74277633427,-0.011018291098072397,False,0.0,16317.780656139066,81060.85678832472,23247.105331870494
2025-06-13,120925.84119761447,-0.008557855682832849,False,0.0,16318.751952606694,81077.80616401094,23529.28308099684
2025-06-16,120867.4094903946,-0.009036923320721035,False,0.0,16319.723306889586,81095.92446215826,23451.761721346742
2025-06-17,120759.93325129806,-0.009918095383678938,False,0.0,16320.694718991186,81185.93149166438,23253.307040642496
2025-06-18,120782.65951845479,-0.009731768137004049,False,0.0,16321.666188914935,81195.28287135334,23265.710458186513
2025-06-19,120669.30534691935,-0.010661131966780757,False,0.0,16322.637716664274,81198.7896387367,23147.87799151837
2025-06-20,120594.96368606758,-0.011270641521703206,False,0.0,16323.609302242647,81213.40116950068,23057.953214324258
2025-06-23,120665.80987660032,-0.01068979049463692,False,0.0,16324.580945653493,81196.45179381447,23144.777137132365
2025-06-24,120350.52652911512,-0.013274723499877794,False,0.0,16325.552646900258,81165.47534859483,22859.498533620015
2025-06-25,120392.47477162116,-0.01293079985966461,False,0.0,16326.524405986383,81144.43474429469,22921.51562134009
2025-06-26,120455.9672223294,-0.012410240392352279,False,0.0,16327.496222915312,81166.64427105595,22961.82672835814
2025-06-27,120267.49541751342,-0.013955475790009886,False,0.0,16328.468097690486,81222.16808795909,22716.85923186384
2025-06-30,120193.85157875044,-0.014559264067981026,False,0.0,16329.440030315347,81184.7625692033,22679.648979231795
2025-07-01,120466.49494537391,-0.012323926100827332,True,14.922599420801571,16865.309292352347,84326.54646176173,19274.639191259826
2025-07-02,120508.23049740752,-0.011981746259094095,False,0.0,16866.313179810226,84375.09533839287,19266.82197920443
2025-07-03,120653.05054680438,-0.0107944011979213,False,0.0,16867.31712702331,84386.01883563488,19399.714584146197
2025-07-04,120575.06294601818,-0.011433802945206017,False,0.0,16868.321133995156,84406.04524724522,19300.69656477782
2025-07-07,120427.82459034312,-0.012640975123050624,False,0.0,16869.325200729323,84393.30116712955,19165.198222484254
2025-07-08,120474.12071760272,-0.012261404212240645,False,0.0,16870.329327229367,84326.54646176174,19277.244928611624
2025-07-09,120255.0292444053,-0.014057682971496788,False,0.0,16871.333513498845,84325.33273984598,19058.36299106048
2025-07-10,120348.72931137454,-0.013289458459691872,False,0.0,16872.337759541315,84269.50153172018,19206.890020113045
2025-07-11,120339.70158755276,-0.013363474615176285,False,0.0,16873.342065360335,84246.44081532038,19219.918706872042
2025-07-14,120463.77915469905,-0.012346192221149854,False,0.0,16874.346430959464,84202.74682635238,19386.6858973872
2025-07-15,120539.3211647791,-0.011726841289057433,False,0.0,16875.35085634226,84287.70736045684,19376.26294798
2025-07-16,120457.19232860893,-0.012400196038021005,False,0.0,16876.355341512277,84293.16910907783,19287.667878018823
2025-07-17,120440.31329914765,-0.012538583176761153,False,0.0,16877.35988647308,84288.31422141474,19274.639191259826
2025-07-18,120449.66999651892,-0.012461869845568851,False,0.0,16878.36449122823,84281.03188992006,19290.27361537062
2025-07-21,120509.92446386299,-0.011967857831952422,False,0.0,16879.369155781278,84228.2349865837,19402.320321497995
2025-07-22,120538.98212318408,-0.01172962101027053,False,0.0,16880.373880135787,84183.32727569992,19475.28096734838
2025-07-23,120700.04097965076,-0.01040913784112174,False,0.0,16881.37866429532,84150.55678397391,19668.10553138153
2025-07-24,120215.90251623938,-0.01437847368825973,False,0.0,16882.383508263432,83988.52490821753,19344.994099758413
2025-07-25,120196.6340494372,-0.01453645125413694,False,0.0,16883.388412043685,84007.33759791209,19305.90803948142
2025-07-28,120223.6310360446,-0.014315109396788261,False,0.0,16884.39337563964,84088.05010531131,19251.187555093635
2025-07-29,120053.89881899211,-0.01570670338172664,False,0.0,16885.398399054855,83982.4562986386,19186.04412129865
2025-07-30,120175.73789830194,-0.014707773815835323,False,0.0,16886.403482292895,84066.8099717852,19222.52444422384
2025-07-31,120173.14283823558,-0.01472905009467984,False,0.0,16887.40862535732,84133.564677153,19152.169535725257
2025-08-01,120184.21440349663,-0.014638276970468711,False,0.0,16888.413828251683,84138.4195648161,19157.38101042886
2025-08-04,120413.16687047278,-0.012761150273995492,False,0.0,16889.419090979554,84121.42745799522,19402.320321498
2025-08-05,120464.32571135103,-0.012341711133454503,False,0.0,16890.424413544493,84148.12934014235,19425.771957664194
2025-08-06,120507.70173274042,-0.011986081474546828,False,0.0,16891.42979595006,84156.62539355278,19459.646543237584
2025-08-07,120611.08506840788,-0.011138466151091597,False,0.0,16892.43523819982,84217.31148934168,19501.338340866376
2025-08-08,120709.21934154826,-0.010333886639965262,False,0.0,16893.440740297334,84251.90256394137,19563.876037309557
2025-08-11,120403.02587273746,-0.012844293896902226,False,0.0,16894.44630224616,84150.5567839739,19358.02278651741
2025-08-12,120308.8672671663,-0.013616277857392833,False,0.0,16895.451924049867,84133.564677153,19279.85066596343
2025-08-13,120411.03712033035,-0.01277861158769944,False,0.0,16896.457605712014,84193.03705102613,19321.542463592217
2025-08-14,120403.33086725257,-0.012841793319580797,False,0.0,16897.463347236164,84160.87342025801,19344.994099758413
2025-08-15,120336.51551709835,-0.013389596447300645,False,0.0,16898.46914862588,84152.98422780544,19285.062140667025
2025-08-18,120187.94566112784,-0.01460768527864964,False,0.0,16899.47500988473,83972.1396623545,19316.330988888618
2025-08-19,120138.30083105658,-0.015014711405511028,False,0.0,16900.48093101627,83978.81513289128,19259.004767149032
2025-08-20,120057.38389769467,-0.0156781300522566,False,0.0,16901.48691202407,83941.18975350217,19214.707232168443
2025-08-21,120148.1300650074,-0.014934123859551507,False,0.0,16902.49295291169,83978.81513289128,19266.821979204433
2025-08-22,120084.99051270774,-0.015451789996939858,False,0.0,16903.499053682695,83956.3612774494,19225.130181575645
2025-08-25,120285.89425759265,-0.013804628086322768,False,0.0,16904.505214340654,84028.57773143818,19352.811311813814
2025-08-26,120347.86786562804,-0.013296521248006288,False,0.0,16905.511434889126,84032.21889718552,19410.1375335534
2025-08-27,120374.54059982215,-0.013077837858895047,False,0.0,16906.51771533168,84055.27961358528,19412.743270905197
2025-08-28,120381.1836673583,-0.013023372931815325,False,0.0,16907.524055671878,84014.01306844884,19459.646543237588
2025-08-29,120448.51289058453,-0.012471356681280965,False,0.0,16908.530455913286,84033.43261910128,19506.54981556998
2025-09-01,120936.40463069612,-0.008471248613226345,False,0.0,16909.53691605947,84100.79418542697,19926.073529209676
2025-09-02,120996.12938792627,-0.007981579566555763,False,0.0,16910.543436114,84099.5804635112,19986.00548830106
2025-09-03,121340.49306726294,-0.0051582238529612745,False,0.0,16911.550016080433,84187.57530240511,20241.367748777397
2025-09-04,121346.78647719091,-0.005106625685255772,False,0.0,16912.556655962344,84239.76534478356,20194.46447644501
2025-09-05,121286.10267058804,-0.005604157749104388,False,0.0,16913.563355763294,84112.93140458474,20259.607910239993
2025-09-08,121457.73041282024,-0.004197022805094042,False,0.0,16914.57011548685,84095.93929776385,20447.22099956955
2025-09-09,121756.6827581763,-0.0017459837931420585,False,0.0,16915.57693513658,84083.80207860607,20757.30374443367
2025-09-10,121662.05919527203,-0.002521779827965087,False,0.0,16916.583814716054,84037.6806458065,20707.79473474948
2025-09-11,121661.82139508842,-0.0025237294949809197,False,0.0,16917.590754228833,84098.97360255329,20645.257038306296
2025-09-12,121770.91499554887,-0.001629297071765179,False,0.0,16918.59775367849,84126.2823456583,20726.034896212073
2025-09-15,121766.0007210997,-0.001669588036453895,False,0.0,16919.60481306859,84180.29297091042,20666.10293712069
2025-09-16,122081.77049438609,0.0,False,0.0,16920.6119324027,84231.87615233097,20929.282409652427
2025-09-17,122000.86470413402,-0.0006627180284528578,False,0.0,16921.619111684387,84327.15332271956,20752.09226973007
2025-09-18,121680.25552535753,-0.003288901917154141,False,0.0,16922.626350917224,84271.32211459376,20486.307059846535
2025-09-19,121681.00592073705,-0.0032827552551547567,False,0.0,16923.633650104777,84177.25866612096,20580.113604511313
2025-09-22,122140.84230993639,0.0,False,0.0,16924.641009250616,84245.22709340455,20970.97420728122
2025-09-23,122313.53715772889,0.0,False,0.0,16925.64842835831,84169.36947366841,21218.519255702162
2025-09-24,122365.40469930565,0.0,False,0.0,16926.655907431425,84097.7598806375,21340.98891123673
2025-09-25,122220.20302505835,-0.0011866235771794686,False,0.0,16927.663446473533,84066.20311082726,21226.336467757563
2025-09-26,122320.8044866187,-0.00036448384080900453,False,0.0,16928.671045488205,84129.31665044773,21262.816790682755
2025-09-29,122558.54000991152,0.0,False,0.0,16929.678704479007,84108.07651692162,21520.784788510893
2025-09-30,122893.626935309,0.0,False,0.0,16930.68642344951,84233.69673520465,21729.243776654843
2025-10-09,123968.52407246399,0.0,False,0.0,16931.694202403287,84291.3485262041,22745.48134385659
2025-10-10,123620.39743898941,-0.0028081856751887013,False,0.0,16932.702041343906,84273.14269746744,22414.552700178076
2025-10-13,124315.96113660635,0.0,False,0.0,16933.709940274937,84298.0239967409,23084.22719959051
2025-10-14,124650.36283071268,0.0,False,0.0,16934.717899199954,84326.54646176168,23389.09846975104
2025-10-15,125176.30013159146,0.0,False,0.0,16935.725918122524,84301.66516248824,23938.909050980703
2025-10-16,125329.47640531506,0.0,False,0.0,16936.73399704622,84305.30632823557,24087.436080033265
2025-10-17,126235.42954201534,0.0,False,0.0,16937.742135974615,84365.99242402447,24931.694982016255
2025-10-20,125379.46577663397,-0.0067806935698386805,False,0.0,16938.75033491128,84290.74166524623,24149.97377647645
2025-10-21,125971.0849468397,-0.002094060250237839,False,0.0,16939.758593859788,84302.87888440401,24728.44746857591
2025-10-22,124974.23982085878,-0.009990774584695994,False,0.0,16940.766912823707,84318.65726930911,23714.81563872596
2025-10-23,124672.15986488358,-0.012383763281064053,False,0.0,16941.77529180661,84294.38283099355,23436.001742083427
2025-10-24,124553.0541117889,-0.01332728407809225,False,0.0,16942.783730812076,84288.92108237256,23321.34929860425
2025-10-27,124488.77853117649,-0.01383645635124564,False,0.0,16943.79222984367,84317.44354739334,23227.542753939477
2025-10-28,123833.08255696845,-0.019030687294071424,False,0.0,16944.800788904973,84486.7577546444,22401.524013419083
2025-10-29,124152.03209559909,-0.016504062718167622,False,0.0,16945.80940799955,84557.15362575951,22649.069061840022
2025-10-30,124252.88491119357,-0.01570513633149173,False,0.0,16946.818087130978,84625.72891400098,22680.337910061615
2025-10-31,124498.1197873536,-0.01376245766315154,False,0.0,16947.82682630283,84635.43868932722,22914.854271723554
2025-11-03,124469.32041923574,-0.01399059779958034,False,0.0,16948.83562551868,84597.8133099381,22922.671483778955
2025-11-04,124309.73701068596,-0.015254770695642517,False,0.0,16949.844484782105,84593.56528323286,22766.327242670992
2025-11-05,124233.0023768842,-0.01586263992918624,False,0.0,16950.853404096673,84596.5995880223,22685.54938476521
2025-11-06,124321.639663271,-0.015160481377435864,False,0.0,16951.862383465963,84556.54676480165,22813.230515003383
2025-11-07,124439.26568984575,-0.014228682539332294,False,0.0,16952.87142289355,84574.14573258044,22912.248534371756
2025-11-10,124810.46778681094,-0.011288128541837916,False,0.0,16953.880522383006,84571.71828874886,23284.868975679066
2025-11-11,125150.11648897668,-0.008597531271341108,False,0.0,16954.889681937908,84582.03492503297,23613.191882005787
2025-11-12,125100.3343115488,-0.008991891060890711,False,0.0,16955.89890156183,84617.23286059055,23527.20254939641
2025-11-13,125447.79703096623,-0.006239393440547136,False,0.0,16956.908181258354,84583.24864694875,23907.64020275912
2025-11-14,125232.63648366266,-0.007943832107917936,False,0.0,16957.917521031046,84572.93201066463,23701.786951966973
2025-11-17,124691.79647513515,-0.012228207821532444,False,0.0,16958.92692088349,84588.71039556975,23144.15915868191
2025-11-18,124424.05840079508,-0.014349150217113693,False,0.0,16959.936380819254,84593.56528323285,22870.556736742976
2025-11-19,124860.79527185489,-0.010889448985499928,False,0.0,16960.94590084192,84568.07712300151,23331.772248011464
2025-11-20,124773.21309695218,-0.011583249253938499,False,0.0,16961.95548095507,84612.37797292741,23198.879643069697
2025-11-21,124555.73171937463,-0.013306072857158124,False,0.0,16962.965121162266,84589.31725652762,23003.44934168474
2025-11-24,124642.01757820789,-0.012622541623919514,False,0.0,16963.974821467098,84599.02703185387,23079.01572488692
2025-11-25,125043.52573631289,-0.009441911910362255,False,0.0,16964.984581873137,84600.84761472752,23477.693539712225
2025-11-26,124954.89842857639,-0.010143991414175435,False,0.0,16965.994402383963,84508.6047491284,23480.299277064027
2025-11-27,124948.44768418066,-0.01019509231682314,False,0.0,16967.004283003153,84503.74986146529,23477.69353971223
2025-11-28,125131.36200664827,-0.008746098772528854,False,0.0,16968.014223734284,84537.1272141492,23626.22056876479
2025-12-01,125405.83378358484,-0.00657181396253248,False,0.0,16969.024224580935,84565.64967916998,23871.15987983393
2025-12-02,125257.92258078631,-0.0077435230725275694,False,0.0,16970.034285546684,84544.40954564387,23743.478749595764
2025-12-03,125224.52323574062,-0.008008102875256995,False,0.0,16971.04440663511,84551.69187713854,23701.786951966977
2025-12-04,125056.58242663537,-0.009338480644117464,False,0.0,16972.054587849787,84466.1244820762,23618.403356709397
2025-12-05,125288.89974627744,-0.0074981310648835064,False,0.0,16973.0648291943,84509.81847104419,23806.016446038953
2025-12-08,125213.05796224026,-0.008098927404804335,False,0.0,16974.075130672227,84500.71555667586,23738.267274892172
2025-12-09,125094.02942709747,-0.009041836503895007,False,0.0,16975.085492287148,84547.44385043331,23571.500084377014
2025-12-10,125235.46505920682,-0.0079214249631534,False,0.0,16976.095914042642,84560.18793054899,23699.181214615186
2025-12-11,125332.60653142502,-0.00715189874875688,False,0.0,16977.106395942286,84617.23286059055,23738.267274892176
2025-12-12,125614.82076627522,-0.004916280460974365,False,0.0,16978.116937989664,84593.56528323286,24043.138545052705
2025-12-15,125903.1380035816,-0.0026323159800644147,False,0.0,16979.127540188354,84557.76048671741,24366.249976675826
2025-12-16,125599.13343498032,-0.005040550892435713,False,0.0,16980.138202541937,84541.9821018123,24077.013130626096
2025-12-17,125838.98384120203,-0.0031405264136353805,False,0.0,16981.148925053993,84598.42017089599,24259.414745252052
2025-12-18,125911.81684315321,-0.0025635647617804347,False,0.0,16982.159707728104,84649.39649135867,24280.260644066442
2025-12-19,125944.70671011775,-0.0023030208947862896,False,0.0,16983.17055056785,84694.30420224245,24267.23195730745
2025-12-22,126417.95961981498,0.0,False,0.0,16984.181453576814,84650.61021327444,24783.167952963715
2025-12-23,126896.33101104677,0.0,False,0.0,16985.192416758575,84794.43626029415,25116.702333994035
2025-12-24,126869.96131090273,-0.00020780506366058216,False,0.0,16986.203440116715,84759.23832473658,25124.519546049432
2025-12-25,126644.4138906833,-0.001985219890569878,False,0.0,16987.214523654817,84730.7158597158,24926.483507312685
2025-12-26,126920.25955227348,0.0,False,0.0,16988.225667376464,84786.66844003319,25145.36544486383
2025-12-29,126592.01210469245,-0.0025862494194304197,False,0.0,16989.236871285237,84684.10893814993,24918.666295257284
2025-12-30,126057.91809640062,-0.006794356227405096,False,0.0,16990.248135384718,84670.1511361185,24397.51882489741
2025-12-31,125899.1942877565,-0.008044935206710901,False,0.0,16991.25945967849,84671.97171899216,24235.96310908585
2026-01-05,126307.81657664532,-0.004825415404826838,True,18.403356368438036,17683.094320730346,88415.47160365172,20209.25065226325
2026-01-06,126416.79861698157,-0.0039667499662222605,False,0.0,17684.146885868486,88348.87147869337,20383.78025241971
2026-01-07,126243.43497741394,-0.00533267562836004,False,0.0,17685.19951365931,88300.03138705724,20258.20407669738
2026-01-08,126306.33751498333,-0.004837068876598849,False,0.0,17686.252204106553,88376.78010248544,20243.30520839134
2026-01-09,126472.81430254116,-0.0035254044650613325,False,0.0,17687.30495721394,88369.80294653741,20415.706398789796
2026-01-12,126911.38871994466,-6.989295767367842e-05,False,0.0,17688.3577729852,88413.56874293863,20809.46220402083
2026-01-13,126971.86763068623,0.0,False,0.0,17689.410651424067,88438.94021911324,20843.51676014892
2026-01-14,127305.20553887641,0.0,False,0.0,17690.46359253427,88496.66032741049,21118.081618931647
2026-01-15,127224.08178571146,-0.0006372383031908457,False,0.0,17691.51659631954,88531.54610715057,21001.01908224134
2026-01-16,127260.93657598834,-0.0003477388273377402,False,0.0,17692.569662783604,88588.63192854346,20979.734984661278
2026-01-19,127573.41417693847,0.0,False,0.0,17693.622791930196,88582.92334640416,21296.868038604116
2026-01-20,127792.67804486827,0.0,False,0.0,17694.67598376305,88639.37488089268,21458.62718021254
2026-01-21,128419.70931728967,0.0,False,0.0,17695.72923828589,88637.47202017959,22086.508058824198
2026-01-22,128335.8941534613,-0.0006526658896360837,False,0.0,17696.782555502454,88629.22629042284,22009.885307535995
2026-01-23,128954.20011109002,0.0,False,0.0,17697.83593541647,88659.037774928,22597.326400745544
2026-01-26,129591.54960299506,0.0,False,0.0,17698.889378031676,88641.91202851012,23250.748196453264
2026-01-27,129622.132935652,0.0,False,0.0,17699.942883351796,88650.15775826688,23272.032294033317
2026-01-28,130373.57059184676,0.0,False,0.0,17700.996451380568,88664.11207016293,24008.46207030326
2026-01-29,131757.3005853588,0.0,False,0.0,17702.05008212172,88718.66074393834,25336.589759298757
2026-01-30,129844.54752873995,-0.01451724533002019,False,0.0,17703.10377557899,88709.78072727722,23431.663025883736
2026-02-02,127504.125002066,-0.03228037888145263,False,0.0,17704.157531756107,88711.68358799032,21088.28388231956
2026-02-03,128630.26149489549,-0.023733326931948406,False,0.0,17705.211350656806,88742.76364630423,22182.286497934445
2026-02-04,129568.94341527049,-0.016609001249768274,False,0.0,17706.26523228482,88733.24934273874,23129.428840246943
2026-02-05,128891.10450284233,-0.02175360355580158,False,0.0,17707.319176643883,88786.52944270543,22397.25588349301
2026-02-06,128561.67681866439,-0.02425386489019743,False,0.0,17708.37318373773,88809.36377126258,22043.93986366408
2026-02-09,129387.7638946702,-0.017984101679083042,False,0.0,17709.427253570095,88863.912445038,22814.42419606211
2026-02-10,129280.49467863144,-0.018798244163501066,False,0.0,17710.48138614471,88862.0095843249,22708.003708161832
2026-02-11,129511.57170429392,-0.01704443602811967,False,0.0,17711.535581465316,88902.60394620428,22897.432176624327
2026-02-12,129468.53503201326,-0.01737107198748944,False,0.0,17712.58983953564,88939.39258665749,22816.552605820114
2026-02-13,129195.22143076194,-0.019445443578566812,False,0.0,17713.644160359425,88973.64407949321,22507.933190909298
2026-02-24,130004.57806406486,-0.013302659613601109,False,0.0,17714.698543940398,88983.79266996306,23306.0868501614
2026-02-25,129951.21091732242,-0.013707700901676612,False,0.0,17715.752990282297,88910.21538905667,23325.24253798345
2026-02-26,129768.7298454714,-0.015092679730480008,False,0.0,17716.807499388862,88824.58665696735,23227.335689115193
2026-02-27,129868.16986009064,-0.014337958632085868,False,0.0,17717.862071263826,88880.40390455151,23269.903884275303
2026-03-02,130976.12353304066,-0.005928909053597886,False,0.0,17718.916705910924,88957.15261997972,24300.054207150017
2026-03-03,130633.91233275074,-0.008526193596993803,False,0.0,17719.971403333893,88950.17546403171,23963.76546538513
2026-03-04,130117.88948589793,-0.0124426585257702,False,0.0,17721.026163536473,89026.9241794599,23369.939142901567
2026-03-05,130047.46682539821,-0.012977146255762073,False,0.0,17722.080986522396,88989.50125210233,23335.884586773478
2026-03-06,129877.67075174986,-0.014265849598149916,False,0.0,17723.135872295403,89012.33558065949,23142.199298794963
2026-03-09,129760.88916468591,-0.015152188241588371,False,0.0,17724.19082085923,88905.14109382176,23131.55725000494
2026-03-10,129954.31852998372,-0.013684115015752285,False,0.0,17725.245832217613,88910.21538905668,23318.85730870943
2026-03-11,129987.34211074086,-0.0134334755399097,False,0.0,17726.300906374294,88903.87252001304,23357.168684353535
2026-03-12,129914.31164402881,-0.013987755768690935,False,0.0,17727.356043333006,88906.40966763049,23280.545933065332
2026-03-13,129646.83458454862,-0.016017829687114182,False,0.0,17728.41124309749,88927.34113547456,22991.082205976567
2026-03-16,129294.54633150749,-0.01869159616135141,False,0.0,17729.466505671484,88867.71816646421,22697.361659371792
2026-03-17,129239.4031672373,-0.019110116911436714,False,0.0,17730.521831058726,88868.98674027293,22639.894595905644
2026-03-18,129262.00944574577,-0.018938541762218875,False,0.0,17731.577219262956,88956.51833307535,22573.91389340747
2026-03-19,128289.63401765982,-0.02631859147305826,False,0.0,17732.632670287912,89004.72413780712,21552.277209564778
2026-03-20,127775.14952408896,-0.03022338074306563,False,0.0,17733.688184137332,88978.71837472814,21062.74296522349
2026-03-23,125709.95657593987,-0.04589760098721196,False,0.0,17734.74376081496,88945.10116879677,19030.111646328136
2026-03-24,126450.1485802583,-0.04027975665501948,False,0.0,17735.799400324533,88922.26684023962,19792.08233969414
2026-03-25,127207.34618708573,-0.034532844692923836,False,0.0,17736.85510266979,88950.49260748389,20519.998476932058
2026-03-26,126836.12718132709,-0.03735029013321012,False,0.0,17737.910867854473,88984.74410031963,20113.472213152985
2026-03-27,126984.74742557824,-0.036222305242878505,False,0.0,17738.96669588232,89038.65848719068,20207.122242505236
2026-03-30,127386.42294483403,-0.03317370362861305,False,0.0,17740.022586757077,89094.47573477482,20551.924623302144
2026-03-31,127504.37199432828,-0.032278504281250675,False,0.0,17741.07854048248,89119.84721094943,20643.44624289638
2026-04-01,128121.68104064043,-0.027593306242359228,False,0.0,17742.13455706227,89044.36706932995,21335.179414248203
2026-04-02,127545.17670806337,-0.031968808245024904,False,0.0,17743.19063650019,89062.76138955654,20739.224682006636
2026-04-03,127764.3450581063,-0.030305383531030072,False,0.0,17744.24677879998,89102.08717762721,20918.011101679105
2026-04-07,127773.77407371954,-0.03023382001560171,False,0.0,17745.302983965386,89091.304300253,20937.166789501156
2026-04-08,128316.60277784953,-0.026113906343126936,False,0.0,17746.359252000148,89045.6356431387,21524.6078827107
2026-04-09,127892.11798574045,-0.02933562377527843,False,0.0,17747.415582908005,89056.4185205129,21088.283882319553
2026-04-10,128030.66117784625,-0.028284120811189917,False,0.0,17748.4719766927,89057.68709432163,21224.502106831915
2026-04-13,127952.38829468441,-0.028878189472388183,False,0.0,17749.52843335798,89080.5214228788,21122.338438447645
2026-04-14,128155.107922694,-0.02733960582572148,False,0.0,17750.584952907586,89097.01288239229,21307.510087394134
2026-04-15,128353.33038058659,-0.025835154406240735,False,0.0,17751.641535345258,89181.37304067289,21420.315804568432
2026-04-16,128479.17322170569,-0.024880043451781186,False,0.0,17752.698180674743,89235.92171444831,21490.553326582616
2026-04-17,128377.9952889788,-0.025647954848549204,False,0.0,17753.75488889978,89278.41893704078,21345.821463038235
2026-04-20,128384.43662484371,-0.025599066962744832,False,0.0,17754.81166002412,89268.90463347532,21360.720331344273
2026-04-21,128326.9833706411,-0.02603512063071889,False,0.0,17755.8684940515,89265.73319895349,21305.381677636127
2026-04-22,128380.60136017688,-0.02562817551801877,False,0.0,17756.92539098567,89331.0647501031,21292.611219088092
2026-04-23,128160.30370518898,-0.027300171331603118,False,0.0,17757.98235083037,89331.0647501031,21071.256604255508
2026-04-24,128043.1841939262,-0.02818907472247756,False,0.0,17759.03937358935,89370.39053817376,20913.754282163096
2026-04-27,128069.76956535726,-0.027987299402909338,False,0.0,17760.096459266348,89244.80173110942,21064.871374981496
2026-04-28,127795.11924550457,-0.030071816303547827,False,0.0,17761.15360786511,89320.28187272888,20713.68376491057
2026-04-29,127644.08619546317,-0.031218113695573924,False,0.0,17762.210819389387,89370.39053817374,20511.48483790004
2026-04-30,127715.91681048143,-0.030672939995906923,False,0.0,17763.268093842922,89353.89907866024,20598.74963797827
2026-05-06,127918.15866245196,-0.029137982531902806,False,0.0,17764.32543122946,89314.5732905896,20839.259940632903
2026-05-07,128176.0769963592,-0.027180456590179758,False,0.0,17765.382831552746,89320.28187272888,21090.412292077566
2026-05-08,128166.15352899005,-0.027255772852163407,False,0.0,17766.44029481653,89371.02482507812,21028.688409095404
2026-05-11,127948.57677679748,-0.02890711779643551,False,0.0,17767.497821024554,89378.00198102613,20803.076974746808
2026-05-12,128050.72639723666,-0.028131831569521593,False,0.0,17768.55541018057,89410.98490005312,20871.186087002985
2026-05-13,128070.36155838559,-0.02798280634616257,False,0.0,17769.613062288317,89433.81922861029,20866.929267486976
2026-05-14,128059.87502847915,-0.02806239609079042,False,0.0,17770.670777351548,89441.43067146267,20847.773579664925
2026-05-15,127587.94612979729,-0.03164420064040707,False,0.0,17771.728555374008,89481.39074643771,20334.826827985573
2026-05-18,127534.72208973148,-0.03204815578998399,False,0.0,17772.786396359446,89514.37366546471,20247.56202790734
2026-05-19,127616.7855286279,-0.03142531790144332,False,0.0,17773.84430031161,89591.12238089292,20251.818847423354
2026-05-20,127322.50174540101,-0.03365884713981915,False,0.0,17774.902267234247,89610.78527492823,19936.814203238526
2026-05-21,127445.03482453254,-0.03272885632650446,False,0.0,17775.960297131107,89555.60231424845,20113.472213152985
2026-05-22,127477.75115450218,-0.03248054879573159,False,0.0,17777.018390005935,89563.8480440052,20136.884720491053
2026-05-25,127569.59817469478,-0.03178345634025059,False,0.0,17778.07654586248,89546.08801068296,20245.43361814934
2026-05-26,127481.4601204082,-0.03245239881171147,False,0.0,17779.134764704497,89580.33950351868,20121.985852185015
