date,total,drawdown,unallocated_cash,invested_total,应急现金/灵活资金,固收/债券,A股宽基,A股红利,美股宽基,黄金,主题仓
2022-04-19,499978.0,-4.4000000000044004e-05,455000.0,9978.0,35000.0,9978.0,0.0,0.0,0.0,0.0,0.0
2022-04-20,500010.04705233464,0.0,455027.0833333333,9980.880385667995,35002.083333333336,9980.880385667995,0.0,0.0,0.0,0.0,0.0
2022-04-21,500030.4142766824,0.0,455054.1682787698,9972.079207238014,35004.16679067461,9972.079207238012,0.0,0.0,0.0,0.0,0.0
2022-04-22,500057.0240728587,0.0,455081.25483640545,9969.518864422018,35006.250372031194,9969.518864422016,0.0,0.0,0.0,0.0,0.0
2022-04-25,500086.7560231597,0.0,455108.3430063362,9970.078939413019,35008.33407741048,9970.078939413017,0.0,0.0,0.0,0.0,0.0
2022-04-26,500121.6904062268,0.0,455135.43278865796,9975.83971074901,35010.41790681985,9975.839710749007,0.0,0.0,0.0,0.0,0.0
2022-04-27,500147.5853152495,0.0,455162.5241834668,9972.559271516016,35012.50186026668,9972.559271516013,0.0,0.0,0.0,0.0,0.0
2022-04-28,500171.321671649,0.0,455189.61719085864,9967.118543032026,35014.58593775836,9967.118543032024,0.0,0.0,0.0,0.0,0.0
2022-04-29,500210.9818966668,0.0,455216.7118109295,9977.599946435002,35016.670139302274,9977.599946435004,0.0,0.0,0.0,0.0,0.0
2022-05-05,500218.2424658292,0.0,445243.8080437754,19955.679957148,35018.7544649058,19955.679957148004,0.0,0.0,0.0,0.0,0.0
2022-05-06,500231.6272438421,0.0,445270.31065139704,19940.47767786871,35020.838914576336,19940.47767786871,0.0,0.0,0.0,0.0,0.0
2022-05-09,500273.33797012275,0.0,445296.81483655487,19953.599645246628,35022.92348832125,19953.599645246628,0.0,0.0,0.0,0.0,0.0
2022-05-10,500343.8547167497,0.0,445323.32059934275,19995.525931259,35025.008186147934,19995.525931259002,0.0,0.0,0.0,0.0,0.0
2022-05-11,500356.9245519132,0.0,445349.8279398546,19980.003603994883,35027.09300806378,19980.003603994883,0.0,0.0,0.0,0.0,0.0
2022-05-12,500396.4000477395,0.0,445376.3368581843,19990.885235479014,35029.17795407616,19990.88523547901,0.0,0.0,0.0,0.0,0.0
2022-05-13,500442.27820527804,0.0,445402.8473544259,20008.167826659686,35031.26302419248,20008.167826659683,0.0,0.0,0.0,0.0,0.0
2022-05-16,500468.47511386673,0.0,445429.35942867317,20005.767466773475,35033.348218420106,20005.76746677348,0.0,0.0,0.0,0.0,0.0
2022-05-17,500520.9176594296,0.0,445455.8730810201,20029.61104164311,35035.43353676644,20029.61104164311,0.0,0.0,0.0,0.0,0.0
2022-05-18,500581.2030829405,0.0,445482.3883115606,20061.295792141012,35037.51897923886,20061.295792141012,0.0,0.0,0.0,0.0,0.0
2022-05-19,500593.16296316346,0.0,445508.90512038866,20044.653296929995,35039.60454584477,20044.653296929995,0.0,0.0,0.0,0.0,0.0
2022-05-20,500610.72538564325,0.0,445535.4235075982,20033.611641453455,35041.690236591545,20033.611641453455,0.0,0.0,0.0,0.0,0.0
2022-05-23,500648.132485806,0.0,445561.9434732832,20042.412961036207,35043.77605148658,20042.412961036207,0.0,0.0,0.0,0.0,0.0
2022-05-24,500686.66145664064,0.0,445588.4650175375,20052.334448565845,35045.86199053726,20052.33444856585,0.0,0.0,0.0,0.0,0.0
2022-05-25,500731.2730420134,0.0,445614.9881404552,20068.336847807208,35047.94805375098,20068.33684780721,0.0,0.0,0.0,0.0,0.0
2022-05-26,500797.0094973125,0.0,445641.5128421302,20105.46241404717,35050.03424113513,20105.462414047175,0.0,0.0,0.0,0.0,0.0
2022-05-30,500767.0533081774,-5.981702879009898e-05,445668.0391226565,20046.893632823783,35052.1205526971,20046.893632823783,0.0,0.0,0.0,0.0,0.0
2022-05-31,500776.6247482989,-4.070461409910742e-05,445694.5669821281,20027.850777726562,35054.20698844428,20027.850777726562,0.0,0.0,0.0,0.0,0.0
2022-06-01,500777.47988302266,-3.8997066514889767e-05,435721.0964206389,30000.089913999676,35056.29354838407,30000.089913999673,0.0,0.0,0.0,0.0,0.0
2022-06-02,500800.46713720966,0.0,435747.03220018774,29995.05470449807,35058.38023252386,29995.054704498067,0.0,0.0,0.0,0.0,0.0
2022-06-06,500838.3219160242,0.0,435772.96952353296,30004.885351620243,35060.46704087103,30004.885351620243,0.0,0.0,0.0,0.0,0.0
2022-06-07,500864.9090845335,0.0,435798.9083907665,30003.44672033407,35062.55397343299,30003.44672033407,0.0,0.0,0.0,0.0,0.0
2022-06-09,500890.7786056021,0.0,435824.8488019802,30001.288773404805,35064.64103021712,30001.28877340481,0.0,0.0,0.0,0.0,0.0
2022-06-10,500907.77823537437,0.0,435850.79075726605,29990.25926687748,35066.728211230824,29990.259266877485,0.0,0.0,0.0,0.0,0.0
2022-06-13,500934.3704087887,0.0,435876.73425671586,29988.820635591313,35068.81551648149,29988.820635591313,0.0,0.0,0.0,0.0,0.0
2022-06-14,500947.7767972467,0.0,435902.6793004216,29974.194550848566,35070.902945976515,29974.194550848562,0.0,0.0,0.0,0.0,0.0
2022-06-15,500962.14394182846,0.0,435928.6258884752,29960.527553629923,35072.990499723295,29960.527553629923,0.0,0.0,0.0,0.0,0.0
2022-06-16,500988.9808929226,0.0,435954.5740209686,29959.32869422478,35075.07817772923,29959.328694224776,0.0,0.0,0.0,0.0,0.0
2022-06-17,501042.1944197281,0.0,435980.5236979936,29984.504741732795,35077.165980001715,29984.5047417328,0.0,0.0,0.0,0.0,0.0
2022-06-21,501062.3210958493,0.0,436006.47491964226,29976.592269658853,35079.25390654814,29976.59226965885,0.0,0.0,0.0,0.0,0.0
2022-06-22,501113.140241739,0.0,436032.42768600653,29999.37059835658,35081.34195737591,29999.37059835658,0.0,0.0,0.0,0.0,0.0
2022-06-23,501141.1827280273,0.0,436058.3819971783,29999.37059835658,35083.430132492416,29999.37059835658,0.0,0.0,0.0,0.0,0.0
2022-06-24,501170.9052866784,0.0,436084.33785324957,30001.04900152379,35085.51843190506,30001.04900152379,0.0,0.0,0.0,0.0,0.0
2022-06-27,501152.9149102998,-3.589668951009539e-05,436110.2952543123,29955.01280036627,35087.60685562124,29955.01280036627,0.0,0.0,0.0,0.0,0.0
2022-06-28,501184.5589826884,0.0,436136.25420045835,29958.6093785817,35089.69540364836,29958.6093785817,0.0,0.0,0.0,0.0,0.0
2022-06-29,501236.3455625772,0.0,436162.2146917798,29982.346794803554,35091.78407599381,29982.34679480355,0.0,0.0,0.0,0.0,0.0
2022-06-30,501265.3554833613,0.0,436188.1767283686,29983.305882327666,35093.872872665,29983.305882327666,0.0,0.0,0.0,0.0,0.0
2022-07-01,501315.04646866093,0.0,426214.1403103167,40004.94436467491,35095.961793669325,33353.7568237762,3440.2694177062235,1490.7834143393636,573.3782362843706,917.4051780549929,229.35129451374823
2022-07-04,501308.19963028707,-1.3657755581264475e-05,426239.51019962085,39970.638591652045,35098.050839014184,33294.89629723009,3463.4864684885265,1489.025415030001,580.5996246506725,921.5267129458322,221.10407330691822
2022-07-05,501304.46999978565,-2.109744949763126e-05,426264.8815990375,39939.44839204114,35100.140008706985,33263.4685047756,3455.194664637704,1494.2994129580886,585.4138835615404,920.5569400303407,220.51498607785896
2022-07-06,501244.41110600845,-0.00014090014482914803,426290.2545086565,39851.9272945968,35102.22930275512,33273.32298207065,3406.2730219178516,1462.6554253895642,582.5253282150196,903.1010275514931,224.0495094522147
2022-07-07,501283.22268144286,-6.348061452021714e-05,426315.62892856775,39863.27503170911,35104.318721166,33275.45367986417,3419.539908079167,1466.1714240082893,587.8210130169745,891.2213093367218,223.06769740378252
2022-07-08,501296.78956571256,-3.64180231113842e-05,426341.0048588611,39849.37644290447,35106.408263947014,33260.27245808531,3416.2231865388385,1466.1714240082893,592.1538460367556,889.5242067346115,225.0313215006468
2022-07-11,501254.38783974503,-0.00012099901916606814,426366.3822996265,39779.507609013,35108.49793110558,33272.25763317388,3353.2054772725874,1457.381427461477,588.7838647991481,889.5242067346115,218.3549995713083
2022-07-12,501273.96094281354,-8.195550111012029e-05,426391.76125095383,39771.6119692106,35110.5877226491,33292.49926221236,3323.354983409627,1469.687422627014,585.8953094526273,889.2817635057387,210.893228003224
2022-07-13,501319.5907501015,0.0,426417.141712933,39789.77139858352,35112.67763858497,33312.74089125084,3329.1592461052023,1469.687422627014,585.8953094526273,883.9480124705352,208.34051667730043
2022-07-14,501345.7912315583,0.0,426442.52368565404,39788.49986698369,35114.7676789206,33339.10827644571,3329.988426490285,1445.0754322959397,579.636772868499,884.1904556994082,210.50050318385115
2022-07-15,501341.2972008926,-8.963934163497278e-06,426467.90716920677,39756.53218802246,35116.85784366339,33385.983627903246,3276.091701459939,1423.9794405835903,582.043902323933,878.129374977586,210.3041407741647
2022-07-18,501427.97044516075,0.0,426493.2921636811,39815.73014865887,35118.94813282075,33362.27961495028,3314.233999173722,1452.1074295333894,595.5238272743633,881.2811369529335,210.3041407741647
2022-07-19,501415.0546500082,-2.5758026902744646e-05,426518.67866916704,39775.337434441106,35121.03854640008,33349.49542818913,3295.992030701913,1453.8654288427517,588.3024389080613,879.3415911219504,208.34051667730043
2022-07-20,501494.09920224093,0.0,426544.06668575446,39826.903432077655,35123.12908440879,33363.07862662285,3305.9421953228994,1460.8974260802015,606.1151968782726,879.5840343508233,211.28595282259687
2022-07-21,501479.3919361201,-2.9326897652892647e-05,426569.45621353335,39784.71597573249,35125.219746854294,33382.52124398876,3268.6290779941987,1438.0434350584896,607.5594745515331,872.5531807135097,215.40956342601186
2022-07-22,501543.1977559231,0.0,426594.84725259367,39821.039969585436,35127.310533743985,33407.29060583849,3271.116619149445,1432.7694371304024,611.8923075713142,884.9177853860267,213.0532145097747
2022-07-25,501558.2140552198,0.0,426620.2398030254,39808.57280710912,35129.40144508528,33412.88368754649,3256.1913722179647,1434.5274364397649,606.5966227693596,888.0695473613741,210.3041407741647
2022-07-26,501661.1747824532,0.0,426645.63386491843,39884.04843664921,35131.49248088558,33446.974852242885,3280.2376033853493,1450.349430224027,606.1151968782727,889.2817635057387,211.0895904129104
2022-07-27,501663.6643144195,0.0,426671.02943836275,39859.05123490445,35133.5836411523,33449.3718872606,3260.3372741433755,1445.0754322959394,608.0409004426199,887.0997744458826,209.12596631604615
2022-07-28,501711.2896840149,0.0,426696.4265234484,39879.18823467369,35135.67492589284,33442.44711943164,3262.8248152986225,1448.5914309146644,614.7808629178351,896.3126171430522,214.23138896789328
2022-07-29,501766.2480679037,0.0,426721.82512026525,39906.65661252382,35137.76633511462,33511.428460497,3213.90317257877,1436.2854357491271,627.7793619771785,908.9196650444421,208.34051667730043
2022-08-01,501843.1764104291,0.0,416747.22522890335,49956.093312700745,35139.85786882504,36885.55951903173,6673.570087468832,2928.1387710742056,1202.628087032905,1824.9768738063626,441.2199742866883
2022-08-02,501752.7011921422,-0.00018028583936136044,416772.03161135747,49838.720053753255,35141.94952703152,36939.12362354658,6551.889687825717,2870.794560135176,1198.95594020227,1839.6039927521795,438.3522492913245
2022-08-03,501659.32784384786,-0.00036634665015533585,416796.83947038196,49718.44706372442,35144.04130974146,36926.24482246104,6474.768307770222,2831.370415114593,1198.95594020227,1832.7780039107984,454.3295742654943
2022-08-04,501821.97349105444,-4.225009001090907e-05,416821.64880606474,49854.19146802742,35146.13321696228,36970.73522621107,6527.89636958623,2849.29048103304,1210.8904174018332,1833.2655745423253,462.1133992529103
2022-08-05,501971.8075846685,0.0,416846.4596184937,49977.122717473474,35148.22524870138,36915.12222152353,6639.293918555279,2863.6265337677974,1215.480600940127,1847.892693488142,495.7067491986006
2022-08-08,502000.4544066177,0.0,416871.2719077567,49978.86509389482,35150.31740496618,36922.43972214031,6615.300600315791,2892.298639237312,1219.152747770762,1837.6537102260706,492.0196742045615
2022-08-09,502032.8414571117,0.0,416896.08567394165,49984.346097405956,35152.4096857641,36897.267520018584,6627.297259435535,2906.634691972069,1212.726490817151,1845.9424109620331,494.4777242005876
2022-08-10,501977.7999337469,-0.00010963729624746676,416920.9009171365,49902.396925507855,35154.502091102535,36912.780621326165,6550.17587938004,2895.882652421001,1205.3821971558814,1849.8429760142508,488.33259921052223
2022-08-11,502200.0701205252,0.0,416945.7176374292,50097.75786210707,35156.59462098891,36902.536120462675,6700.9910225996755,2924.5547578905152,1232.005261677984,1841.5542752782883,496.11642419793833
2022-08-12,502251.96634463686,0.0,416970.5358349076,50122.743234298636,35158.68727543063,36903.41422053669,6702.704831045354,2949.6428501763407,1232.005261677984,1850.3305466457782,484.6455242164831
2022-08-15,502409.980980015,0.0,416995.3555096597,50253.84541592018,35160.78005443512,37035.12923163876,6685.566746588576,2949.6428501763407,1249.4479591234995,1852.280829171887,481.77779922111927
2022-08-16,502484.3655856347,0.0,417020.17666177335,50301.31596585155,35162.872958009786,37087.522536054916,6668.428662131801,2956.810876543719,1260.4643996154039,1850.8181172773052,477.2713742284048
2022-08-17,502591.35477770015,0.0,417044.9992913366,50381.38950020156,35164.965986162046,37096.30353679506,6738.694808404584,2963.978902911098,1261.3824363230626,1842.5294165413425,478.5003992264178
2022-08-18,502548.45512132,-8.535693257027965e-05,417069.82339843723,50311.572583983405,35167.05913889932,37121.475738916786,6675.283895914511,2942.474823808962,1253.1201059541343,1833.7531451738528,485.4648742151585
2022-08-19,502567.8182861065,-4.68302754711436e-05,417094.64898316335,50304.01688671416,35169.152416229015,37147.526041112535,6623.869642544181,2971.146929278477,1254.9561793694518,1833.7531451738528,472.76494923569015
2022-08-22,502640.76042743155,0.0,417119.4760456028,50350.03856367018,35171.24581815855,37149.28224126057,6670.142470577478,2985.482982013234,1242.1036654622299,1829.8525801216351,473.17462423502786
2022-08-23,502608.7684957007,-6.364770677114162e-05,417144.30458584364,50291.12456516167,35173.33934469535,37122.93923904015,6646.149152337991,2992.651008380613,1225.5790047243731,1834.728286436907,469.077874241651
2022-08-24,502459.8487418308,-0.00035992243336357976,417169.1346039737,50115.281142010295,35175.432995846815,37114.158238300006,6514.185902020811,2967.5629160947874,1225.5790047243731,1846.42998159356,447.3650992767536
2022-08-25,502599.1541202633,-8.27754341548026e-05,417193.9661000811,50227.6612485618,35177.526771620374,37089.57143622762,6575.883006065206,3024.9071270338172,1240.2675920469123,1851.305687908832,445.72639927940287
2022-08-26,502598.4781953057,-8.412018175751879e-05,417218.7990742537,50200.05844902851,35179.62067202345,37072.30213477201,6565.60015539114,3024.9071270338172,1246.6938490005234,1851.7932585403591,438.76192429066214
2022-08-29,502551.7181861134,-0.0001771488671997723,417243.63352657954,50126.36996247043,35181.71469706345,37074.64373496938,6522.754944249198,3046.4112061359533,1206.3002338635404,1836.6785689630153,439.5812742893375
2022-08-30,502618.27654651407,-4.47315114244784e-05,417268.4694571466,50165.99824261966,35183.8088467478,37108.596937831244,6507.3306682381,3053.579232503332,1209.9723806941754,1844.4796990674508,442.0393242853636
2022-08-31,502613.05904713174,-5.511168707494907e-05,417293.30686604284,50133.84906000497,35185.90312108392,37123.81733911415,6507.3306682381,3035.6591665848855,1198.037903494612,1832.2904332792705,436.7135492939737
2022-09-01,502549.3427919423,-0.0001818746959787454,407318.1457533562,60043.19951850686,35187.99752007922,40445.58007551204,9899.715609377912,4549.6672714678825,1749.5914746711842,2736.4486019843093,662.1964854935411
2022-09-02,502587.8724906282,-0.00010522015118386019,407342.3908810796,60055.389565807505,35190.092043741126,40494.68413637696,9839.207116415997,4549.6672714678825,1767.3330418870387,2733.514072652423,670.9839270071994
2022-09-05,502722.95857072057,0.0,407366.63745196536,60164.134426678145,35192.18669207706,40511.902443433486,9833.945508332352,4629.579460076803,1761.8740981283142,2762.125733638318,664.707183068872
2022-09-06,502891.6383221082,0.0,407390.8854660994,60306.47139091432,35194.28146509445,40497.872711757795,9910.238825545204,4688.181731723345,1761.8740981283142,2776.064747964779,672.239275794865
2022-09-07,502934.6732310578,0.0,407415.13492356765,60323.161944689484,35196.37636280071,40499.7858569863,9931.285257879783,4698.8366902045345,1748.2267387315032,2757.7239396404875,687.3034612468507
2022-09-08,502950.91410961107,0.0,407439.38582445594,60313.05689995185,35198.47138520325,40484.48069515827,9883.930785126979,4704.164169445129,1779.6156653441687,2780.466541962609,680.3990429146907
2022-09-09,503157.79634873377,0.0,407463.6381688502,60493.59164757406,35200.56653230951,40449.08750843097,10036.517419552682,4762.766441091671,1790.5335528616176,2776.7983802977506,677.8883453393597
2022-09-13,503206.41624616465,0.0,407487.89195683645,60515.86248520127,35202.66180412691,40415.28860939407,10073.348676138197,4736.1290448886975,1835.5698388710944,2778.265644963694,677.260670945527
2022-09-14,502934.7861469808,-0.0005397985606188094,407512.14718850056,60217.88175781741,35204.75720066287,40379.257707590594,9952.331690214363,4688.181731723345,1760.5093621886335,2758.457571973459,679.1436941270252
2022-09-15,502877.1819600323,-0.0006542728302002532,407536.40386392846,60133.92537417907,35206.85272192481,40377.66341990017,9854.991940666932,4736.1290448886975,1761.8740981283145,2746.7194546459127,656.5474159490466
2022-09-16,502434.2510099258,-0.0015344900448588383,407560.66198320605,59664.64065879959,35208.948367920166,40340.99480302053,9618.219576902911,4586.9596261520455,1733.2146433950113,2734.981337318366,650.2706720107192
2022-09-19,502423.38473348494,-0.001556084118563117,407584.9215464193,59627.41904840929,35211.044138656354,40345.77766609179,9589.280732442863,4581.632146911451,1729.1204355759678,2744.5185576469976,637.0895097402315
2022-09-20,502503.8806929032,-0.001396118035422278,407609.18255365425,59681.55810510811,35213.1400341408,40391.69315157587,9594.542340526506,4554.994750708477,1752.320946550547,2754.055777975629,633.9511377710679
2022-09-21,502475.4668152002,-0.0014525836860690422,407633.4450049967,59626.78575582259,35215.236054380926,40399.983447566054,9515.618219271833,4602.942063873829,1729.120435575968,2757.723939640487,621.3976498944131
2022-09-22,502365.0750179162,-0.0016719604541705069,407657.70890053274,59490.033917999295,35217.33219938416,40399.0268749518,9439.324902058983,4581.63214691145,1699.0962449029837,2753.3221456426572,617.6316035314167
2022-09-23,502274.50219214644,-0.00185195185103193,407681.97424034827,59373.09948264024,35219.42846915793,40358.53196761515,9418.278469724402,4539.012312986692,1689.5430933252158,2765.7938953031753,601.9397436855982
2022-09-26,502010.5032427575,-0.002376585362977801,407706.2410245292,59082.73735451866,35221.52486370967,40262.236991113816,9352.508368678842,4464.427603618366,1659.5189026522312,2740.8503959821387,603.1950924732637
2022-09-27,502246.0714384863,-0.0019084510385268816,407730.5092531616,59291.940802277866,35223.62138304679,40262.87470618998,9484.048570769964,4501.719958302529,1679.989941747448,2748.186719311855,615.1209059560858
2022-09-28,502051.01437303954,-0.0022960793738366903,407754.77892633143,59070.51741953138,35225.718027176736,40249.16383205237,9336.723544427907,4475.082562099556,1659.5189026522312,2751.854880976713,598.1736973226018
2022-09-29,502019.4805910803,-0.0023587450731226145,407779.05004412465,59012.615750848745,35227.814796106926,40178.696316135836,9339.35434846973,4432.462728174798,1689.5430933252158,2773.1302186328912,599.4290461102673
2022-09-30,501979.7896885455,-0.002437621059702577,407803.32260662725,58946.55539207346,35229.91168984479,40209.30663979188,9270.953443382346,4448.445165896582,1658.1541667125502,2775.3311156318064,584.3648606582816
2022-10-10,501847.4156338603,-0.002700682202032123,397827.59661392524,68787.81031153725,35232.008708397756,42929.808433434744,13223.359938948142,6272.0908395921715,2106.805396760487,3527.322222356363,728.4234804453482
2022-10-11,501869.9904996775,-0.002655820163138367,397851.2768280094,68784.60781989482,35234.10585177325,42987.24561691476,13211.844676301744,6242.294683584608,2103.3144184725656,3519.915771495772,719.9926531253789
2022-10-12,502203.59869227593,-0.0019928552608083905,397874.9584516301,69092.43712066715,35236.203119978716,42957.337497706234,13449.826770993988,6294.437956597844,2115.53284248029,3529.1738350715104,746.1282178172837
2022-10-13,502124.3734148212,-0.002150296173517141,397898.6414848712,68987.43141692845,35238.30051302157,42986.905751923754,13323.1588818836,6301.886995599735,2098.0779510406837,3533.80286685938,743.5989696212929
2022-10-14,502676.6422945339,-0.0010527964956861258,397922.32592781674,69513.91833580795,35240.398030909244,43086.14632929752,13660.939919511304,6309.336034601626,2164.4065385111876,3530.0996414290844,762.9898724572223
2022-10-17,502562.28725418966,-0.0012800492425754095,397946.0117805505,69373.77979998995,35242.49567364918,43023.271305961396,13657.101498629168,6279.539878594062,2122.5147990561322,3510.6577079200333,780.6946098291578
2022-10-18,502612.18079286563,-0.0011808980054982543,397969.6990431565,69397.88830846031,35244.5934412488,43016.81387113228,13630.23255245424,6264.641800590281,2192.334364814558,3519.9157714957723,773.9499479731824
2022-10-19,502386.3924712287,-0.0016295972158962835,397993.3877157186,69146.31342179456,35246.69133371554,43048.42131529585,13403.765720408393,6227.396605580826,2187.097897382676,3511.5835142776077,768.0483688492038
2022-10-20,502291.2250998406,-0.0018187191513796552,398017.07779832074,69025.35795046305,35248.78935105683,43017.8334661053,13357.704669822799,6182.70237156948,2167.897516799109,3494.918999841278,804.3009263250718
2022-10-21,502227.05329213594,-0.0019462449651070912,398040.76929104683,68935.39650780903,35250.88749328011,43022.931440970395,13273.259410415874,6205.049488575153,2150.4426253595025,3491.2157744109827,792.4977680771148
2022-10-24,501879.0124436331,-0.0026378912503416396,398064.4621939808,68561.56448925947,35252.9857603928,43060.65645497206,12897.09416396684,6070.966786541116,2206.298277966243,3536.5802859321016,789.968519881124
2022-10-25,501817.1867644746,-0.0027607547058987603,398088.1565072066,68473.94610486561,35255.08415240235,43034.146985673586,12835.679429852713,6026.272552529771,2248.1900174212983,3543.0609304351183,786.5961889531363
2022-10-26,501926.82583022374,-0.0025428738081013647,398111.85223080823,68557.79093009932,35257.18266931618,43036.18617561962,12943.155214552437,5981.5783185184255,2244.699039133377,3540.283511362397,811.8886709130442
2022-10-27,501922.2488850509,-0.0025519693701313573,398135.5493648696,68527.41820903958,35259.281311141734,43067.11388980117,12843.35627161698,6003.925435524098,2265.6449088609047,3533.8028668593806,813.574836377038
2022-10-28,501524.3128629325,-0.0033427701414865396,398159.24790947465,68103.68487557143,35261.380077886446,43128.629453173264,12513.252075753542,5899.638889497624,2225.49865854981,3536.580285932102,800.0855126650871
2022-10-31,501366.4131430288,-0.0036565573167011145,398182.9478647073,67919.9863087637,35263.47896955775,43160.23689733683,12363.553661350357,5750.658109459805,2304.045670028039,3524.544803283642,816.9471673050257
2022-11-01,501935.76438035053,-0.002525110620196336,388206.6492306516,78463.53716353586,35265.57798616308,45777.75306337918,17040.668015211508,7600.7403290971015,2770.305593606598,4262.850387337404,1011.2197749040809
2022-11-02,502186.3300733539,-0.0020271724284051107,388229.7567692963,78688.89617634771,35267.677127709874,45735.53374899083,17213.154681635202,7707.930256815137,2745.2160335135572,4270.682395923063,1016.3790594699179
2022-11-03,502009.387564613,-0.0023788025011312053,388252.8656833897,78486.74548701776,35269.77639420557,45777.75306337918,17060.96056420253,7649.46302351439,2692.9461166530555,4257.256095490505,1048.366623778108
2022-11-04,502715.66887653497,-0.0009752406841124772,388275.97597301373,79167.81711786365,35271.875785657605,45733.007807104346,17705.248994667512,7746.908412348968,2665.7657598855944,4256.137237121125,1060.7489067361173
2022-11-07,502844.43018915865,-0.0007193589853371485,388299.0876382502,79271.36724883503,35273.97530207342,45732.64695826342,17705.248994667512,7815.120184533173,2684.582929955375,4287.465271463761,1046.3029099517732
2022-11-08,502763.4707650537,-0.0008802460914851817,388322.200679181,79165.19514241221,35276.07494346045,45743.111574650284,17588.56683796913,7795.631106766258,2711.763286722836,4295.297280049421,1030.8250562542619
2022-11-09,502742.23253925773,-0.0009224518843969909,388345.3150958881,79118.7427335435,35278.17470982613,45768.01014467418,17385.6413480589,7805.375645649716,2722.2172700949363,4413.89626720369,1023.60205786209
2022-11-10,502537.08079867734,-0.0013301409240376039,388368.4308884533,78888.37530904611,35280.27460117791,45735.172900149904,17279.105465856028,7805.375645649716,2682.492133280955,4391.5190998160915,994.710064293402
2022-11-11,503350.26827908657,0.0,388391.5480569586,79676.34560460478,35282.374617523215,45644.238992236526,17776.272916136088,8029.500039969244,2799.5767470484793,4421.728275789349,1005.0286334250762
2022-11-14,503137.6334498039,-0.00042243908999917146,388414.6666014858,79438.49208944864,35284.474758869495,45519.38529327609,17786.419190631597,7971.032806668498,2768.2147969321786,4378.092799383533,1015.3472025567506
2022-11-15,503643.5240802807,0.0,388437.78652211686,79919.16253293966,35286.57502522419,45468.50560670551,18166.90448421328,8029.500039969244,2772.3963902810187,4400.469966771131,1081.3860449994663
2022-11-16,503449.5083910922,-0.00038522423085418644,388460.90781893366,79699.92515556375,35288.67541659474,45396.69668736122,18019.783504028364,8000.266423318871,2793.3043570252194,4423.965992528109,1065.9081913019547
2022-11-17,503446.3003396258,-0.00039159391757304096,388484.0304920181,79671.49391461915,35290.77593298859,45454.071653068466,17933.54017081652,7980.7773455519555,2791.213560350799,4428.441426005629,1083.4497588258012
2022-11-18,503297.69075380685,-0.0006866629072722619,388507.1545414521,79497.65963794157,35292.87657441317,45428.812234203644,17867.589386595693,7951.543728901582,2772.3963902810187,4421.728275789349,1055.5896221702806
2022-11-21,503178.03043416864,-0.0009242522217715043,388530.2799673177,79352.77312597501,35294.97734087593,45515.055107184984,17700.175857419756,7893.076495600836,2793.3043570252194,4403.826541879271,1047.3347668649412
2022-11-22,503278.200291376,-0.000725361831211524,388553.4067696967,79427.71528929501,35297.078232384316,45534.54094459499,17690.029582924246,7980.777345551956,2787.031967001959,4399.351108401751,1035.9843408200995
2022-11-23,503508.46701030026,-0.00026816004479968125,388576.53494867106,79632.75281268341,35299.179248945766,45613.927689598735,17705.248994667512,8058.733656619619,2824.6663071415205,4399.351108401751,1030.8250562542623
2022-11-24,503545.9465456694,-0.00019374325280852034,388599.66450432275,79645.00165077894,35301.28039056773,45671.663504146905,17613.932524207907,8078.222734386534,2845.574273885721,4416.133983942449,1019.4746302094206
2022-11-25,503804.69907529734,0.0,388622.7954367337,79878.521981306,35303.38165725764,45583.97723580186,17720.46840641078,8273.11351205569,2858.119053932242,4429.5602843750075,1013.283488730416
2022-11-28,503404.78537319246,-0.0007937871616499059,388645.92774598586,79453.37457818366,35305.48304902295,45498.45606050238,17492.177230261772,8185.41266210457,2845.5742738857216,4432.916859483147,998.837491946072
2022-11-29,504099.27750310657,0.0,388669.0614321612,80122.63150507429,35307.584565871104,45372.519815019165,18080.661151001437,8419.281595307559,2814.212323769421,4420.609417419968,1015.3472025567507
2022-11-30,504141.84494779457,0.0,388692.19649534166,80139.96224464336,35309.68620780955,45406.439606066226,18095.880562744704,8419.281595307559,2795.39515369964,4412.7774088343085,1010.1879179909135
2022-12-01,504422.81106601376,0.0,378715.3329356092,90395.69015555881,35311.78797484573,48137.28040983778,22438.743729242477,10130.79256239069,3311.143246473499,5167.174739132075,1210.555468482279
2022-12-02,504246.1847011301,-0.0003501553875218111,378737.8755149506,90194.41931919241,35313.88986698708,48152.191132621185,22295.861363303226,10048.140408618272,3298.9967195238532,5197.21645273168,1202.0132423941982
2022-12-05,504775.02828810876,0.0,378760.4194361122,90698.61696775549,35315.99188424107,48130.398537783905,22736.933014680915,10225.252166702026,3247.98130633534,5146.276155758436,1211.775786494862
2022-12-06,504749.98326653027,-4.9616205586522355e-05,378782.96469917387,90648.92454074127,35318.09402661513,48079.54914983026,22879.815380620166,10166.214914007442,3196.965893146827,5091.417374402636,1234.9618287339379
2022-12-07,504556.06009475834,-0.0004337936329635861,378805.51130421547,90430.35249642615,35320.196294116715,48050.49235671388,22805.268059260554,10107.177661312857,3153.238396128101,5091.417374402636,1222.7586486081084
2022-12-08,504756.85210727237,-3.600847866436219e-05,378828.0592513169,90606.4941692022,35322.29868675327,48121.605034603956,22861.178550280267,10166.214914007442,3145.9504799583133,5107.091311932864,1204.4538784193642
2022-12-09,504958.21813235903,0.0,378850.608540558,90783.20838726877,35324.40120453224,48079.54914983026,23072.39596079916,10118.985111851774,3170.243533857605,5125.3775723847975,1216.6570585451936
2022-12-12,504524.2438081504,-0.0008594262032485256,378873.15917201876,90324.58078867056,35326.50384746108,48087.578000559784,22811.480336040528,9918.258452690186,3143.521174568384,5121.459088002241,1242.2837368094354
2022-12-13,504435.4144721248,-0.0010353404330518678,378895.711145779,90211.0967107985,35328.606615547236,47974.02711167081,22743.145291460885,9953.680804306938,3192.1072823669683,5125.3775723847975,1222.7586486081082
2022-12-14,504652.7224350913,-0.0006049920296330447,378918.2644619186,90403.74846437447,35330.70950879816,48075.34356135289,22805.268059260557,9906.45100215127,3218.829641656189,5176.317869358042,1221.538330595525
2022-12-15,504562.01977269485,-0.0007846161235469662,378940.8191205175,90288.38812495602,35332.8125272213,48106.31198559535,22792.843505700625,9823.798848378852,3189.6779769770387,5137.13302553247,1238.6227827716862
2022-12-16,504550.55084771477,-0.0008073287452416977,378963.37512165564,90252.26005523498,35334.91567082411,48094.07754638846,22817.692612820494,9894.643551612355,3119.2281206690923,5113.622119237127,1212.9961045074444
2022-12-19,504113.39482854155,-0.0016730558558728514,378985.9324654129,89790.4434235146,35337.01893961404,48165.95487672895,22457.380559582383,9752.954145145352,3085.2178452100834,5148.888478680142,1180.047518167705
2022-12-20,503614.40177731303,-0.0026612426668016775,379008.4911518692,89266.7882918453,35339.12233359854,48170.54279143154,22066.007122444433,9658.494540834017,3039.0610428014284,5150.194640140993,1182.488154192871
2022-12-21,503661.4346058023,-0.0025681006467288547,379031.0511811044,89289.15757191287,35341.225852785064,48143.779955666454,22047.37029210453,9658.494540834017,3075.500623650367,5199.828775653384,1164.1833840041268
2022-12-22,503719.93758424534,-0.0024522435790699237,379053.6125531985,89322.99553386582,35343.32949718106,48159.45533090028,22097.06850634427,9611.26473867835,3111.940204499305,5199.828775653384,1143.4379777902168
2022-12-23,503535.24349365896,-0.002818004713267319,379076.17526823137,89113.63495863359,35345.43326679399,48173.98372745847,22034.945738544593,9552.227485983767,3075.5006236503673,5156.725447445255,1120.2519355511408
2022-12-26,503640.6386432351,-0.002609284178000215,379098.73932628304,89194.3621553207,35347.5371616313,48154.48508997249,22090.856229564302,9552.227485983767,3085.2178452100843,5163.256254749516,1148.3192498405483
2022-12-27,504120.57543399965,-0.0016588356586362263,379121.3047274334,89649.62952486578,35349.64118170044,48159.83765712551,22382.833238222775,9670.301991372935,3094.9350667698013,5176.31786935804,1165.4037020167093
2022-12-28,504077.4537013834,-0.001744232293581116,379143.8714717624,89581.83690261209,35351.74532700887,48230.56800879035,22302.073640083196,9658.494540834017,3060.9247913107924,5180.236353740597,1149.539567853131
2022-12-29,503960.7882429972,-0.0019752721186535593,379166.43955935,89440.49908608313,35353.849597564054,48257.71317078065,22227.526318723587,9611.26473867835,3022.055905071925,5172.3993849754825,1149.539567853131
2022-12-30,504262.14984215813,-0.0013784670992689207,379189.00899027614,89717.18685850856,35355.953993373434,48336.85469940023,22326.922747203065,9658.494540834017,3048.778264361146,5206.359582957645,1139.7770237524676
2023-01-03,504372.4880006636,-0.0011599576176061221,369211.5797646208,99802.84972159826,35358.05851444447,51035.13450702967,26486.35478538797,11478.49773319598,3505.9202343000966,5951.143000288754,1345.799461395813
2023-01-04,504592.2106837366,-0.0007248271945670126,369233.5566443687,99998.49087858328,35360.163160784614,51124.37138271695,26523.090367614586,11548.31827901834,3491.8965533628966,5973.532552584798,1337.281743285713
2023-01-05,505138.9786108877,0.0,369255.5348322642,100521.1758462222,35362.26793240133,51097.31766927329,27074.124101013786,11534.354169853868,3494.7012895503362,5972.039915765063,1348.6387007658464
2023-01-06,505120.8372925387,-3.591351908516227e-05,369277.5143283851,100478.95013485156,35364.37282930207,50990.717962569935,27191.677964138948,11548.31827901834,3472.263400050816,5928.753447992708,1347.2190810808297
2023-01-09,505432.0055421002,0.0,369299.49513280945,100766.03255779641,35366.47785149429,50991.92932287338,27375.355875272013,11534.354169853868,3517.1391790498574,5992.93683124137,1354.317179505913
2023-01-10,505379.0697248968,-0.00010473380518627451,369321.477245615,100689.00948029634,35368.58299898545,50961.6453152872,27419.43857394395,11450.569514867037,3500.310761925217,5989.951557601898,1367.0937566710631
2023-01-11,505429.23735676287,-5.476869899267989e-06,369343.4606668796,100715.08841810029,35370.688271783,50907.13410163207,27419.43857394395,11506.425951524925,3522.7486514247375,6007.863199438733,1351.4779401358796
2023-01-12,505492.8377114185,0.0,369365.4453966812,100754.59864484289,35372.79366989442,50921.26663850562,27463.521272615882,11478.497733195982,3545.186540924258,5998.907378520315,1347.2190810808297
2023-01-13,506115.7996302224,0.0,369387.43143509765,101353.46900179758,35374.899193327146,50932.57266800446,27919.042492225883,11604.17471567623,3536.7723323619375,6010.848473078206,1350.058320450863
2023-01-16,506652.0197684497,0.0,369409.4187822069,101865.5961441542,35377.00484208865,50890.98263091944,28381.910828281205,11618.138824840704,3539.5770685493776,6045.179119932141,1389.80767163133
2023-01-17,506692.9887180358,0.0,369431.40743808675,101882.47066376265,35379.11061618639,50894.61671182979,28352.522362499913,11590.21060651176,3553.6007494865776,6069.061309047921,1422.4589243867138
2023-01-18,506699.62745150947,0.0,369453.39740281523,101865.0135330664,35381.216515627835,50886.944763241285,28286.39831449201,11646.067043169647,3570.429166611218,6054.1349408505575,1421.039304701697
2023-01-19,506962.0710244073,0.0,369475.38867647015,102103.35980751671,35383.32254042043,50898.65457950794,28492.117574961045,11687.959370663062,3500.3107619252164,6072.046582687393,1452.2709377720637
2023-01-20,507379.3042406042,0.0,369497.38125912944,102496.49429090314,35385.42869057164,50949.12792548491,28661.101253203462,11799.672243978837,3505.9202343000966,6121.3035977386935,1459.3690361971474
2023-01-30,507596.3928833178,0.0,369519.37515087106,102689.48276635777,35387.53496608894,50949.12792548491,28837.4320478912,11729.851698156477,3601.2812646730595,6113.840413640012,1457.9494165121305
2023-01-31,507223.85957299324,-0.0007339163862225551,369541.3703517729,102292.84785424062,35389.64136697978,50942.667337199855,28499.464691406363,11785.708134814366,3570.429166611218,6073.539219507131,1421.0393047016967
2023-02-01,507645.1421371513,0.0,359418.41480556387,112690.02738198687,35536.699949600596,54385.191320057784,32064.932680706326,13317.883749916979,4205.989522388625,7038.411946122575,1677.6181627946066
2023-02-02,507736.5363636245,0.0,359439.8087588261,112757.91237543893,35538.8152293595,54421.81831987638,31982.92518024416,13302.19719661908,4248.375463311921,7096.907669947597,1705.6885454397918
2023-02-03,507296.71729875664,-0.0008662348154375721,359461.2039855379,112294.58267819081,35540.93063502791,54441.63999036644,31630.292928256855,13223.76443012958,4284.240490247018,7004.002696813737,1710.6421423771778
2023-02-06,506648.407172131,-0.002143098070677807,359482.60048577515,111622.76051974253,35543.04616661333,54414.923825792874,31162.850175622512,13176.704770235881,4267.938205276519,6912.8181861453195,1687.5253566693782
2023-02-07,506798.6297918657,-0.0018472308068984145,359503.9982596136,111749.46970812892,35545.16182412324,54423.11103751703,31244.85767608468,13223.76443012958,4274.459119264718,6899.0544864217845,1684.222958711121
2023-02-08,506680.033175161,-0.0020808098547134835,359525.39730712905,111607.35826046678,35547.277607565156,54441.63999036643,31105.444925299,13176.704770235881,4320.1055171821135,6899.0544864217845,1664.4085709615786
2023-02-09,507329.03707453574,-0.0008025801964287593,359546.79762839735,112232.84592919186,35549.393516946555,54445.94904916862,31548.28542779469,13286.51064332118,4303.803232211615,6914.538648610762,1733.7589280849777
2023-02-10,507128.78287204367,-0.0011969859327704002,359568.1992234943,112009.07409627447,35551.50955227495,54467.92524905979,31351.467426685493,13349.256856512779,4245.11500631782,6869.806624509273,1725.5029331893347
2023-02-13,507536.8829800349,-0.0003932224082582314,359589.60209249565,112393.65517398142,35553.62571355782,54472.234307861974,31613.89142816442,13396.316516406478,4267.938205276518,6912.8181861453195,1730.4565301267207
2023-02-14,507726.65502967883,-1.946153809695428e-05,359611.00623547734,112559.90679339881,35555.742000802675,54473.95793138284,31687.69817858037,13443.376176300175,4323.365974176213,6907.656798748993,1723.8517342102066
2023-02-15,507479.43519203895,-0.0005063672853383716,359632.4116525152,112289.16512550676,35557.858414017006,54476.54336666416,31458.077177286308,13412.003069704375,4313.584603193914,6885.29078669825,1743.6661219597493
2023-02-16,507212.20776265475,-0.0010326784925208665,359653.81834368495,111998.41446576151,35559.974953208315,54471.37249610154,31220.25542594603,13364.943409810676,4362.49145810541,6883.570324232808,1695.7813515650212
2023-02-17,506574.4866385085,-0.002288686438518872,359675.22630906256,111337.16871106184,35562.091618384104,54477.836084304814,30744.61192326548,13317.883749916977,4290.761404235216,6868.086162043831,1637.989387295522
2023-02-20,507758.28979789175,0.0,359696.6355487238,112497.44583961605,35564.208409551866,54437.33093156425,31605.690678118208,13600.241709279173,4294.021861229316,6899.054486421784,1661.1061730033218
2023-02-21,507916.43268270366,0.0,359718.0460627446,112632.06129323998,35566.3253267191,54419.66379047528,31646.69442834929,13741.42068896027,4280.980033252917,6890.452174094575,1652.8501781076789
2023-02-22,507622.5135628021,-0.0005786761384134476,359739.45785120066,112314.61334170814,35568.44236989331,54430.43643748074,31318.664426500633,13772.79379555607,4232.073178341421,6911.097723679877,1649.547780149422
2023-02-23,507570.1701238471,-0.0006817313569236205,359760.87091416796,112238.7396705971,35570.559539081994,54429.574625720306,31318.664426500633,13710.04758236447,4238.594092329621,6895.6135614909,1646.245382191165
2023-02-24,507331.0873898203,-0.0011524440935917202,359782.2852517224,111976.12530380528,35572.67683429265,54430.86734336096,30998.83517469819,13725.734135662371,4261.417291288319,6917.979573541643,1641.2917852537794
2023-02-27,507089.95332622045,-0.0016271955449795872,359803.7008639397,111711.45820674795,35574.79425553279,54421.818319876365,30875.823924004948,13662.987922470771,4241.854549323721,6899.054486421782,1609.9190046503368
2023-02-28,507400.20667520503,-0.0010163601220225527,359825.1177508959,111998.17712149922,35576.911802809904,54414.06201403243,31089.043425206575,13725.73413566237,4241.854549323721,6907.656798748991,1619.826198525108
2023-03-01,507893.88407634,-4.439432338221305e-05,349846.53591266676,122468.31868754172,35579.0294761315,57838.08484081394,34842.57532650508,15252.184041183184,4796.680119265648,7866.170935283749,1872.623424490141
2023-03-02,507951.77299526037,0.0,349867.36011123296,122503.26560852233,35581.14727550508,57850.90850855838,34797.20738988203,15390.840259739394,4748.378925190936,7860.313771519576,1855.6167536320065
2023-03-03,508304.3174431907,0.0,349888.1855493348,122832.86669291781,35583.26520093814,57843.122710284966,34878.86967580353,15512.16445097608,4800.395595732933,7895.456754104612,1902.8575060157132
2023-03-06,508290.62786266254,-2.69318596328727e-05,349909.01222704607,122796.23238317831,35585.383252438194,57883.883654186946,34652.029992688265,15512.16445097608,4889.5670309477855,7948.171227982165,1910.4160263971064
2023-03-07,507761.8964143496,-0.0010671186732575944,349929.84014444053,122244.55483989633,35587.501430012744,57929.68246755996,34134.835515185456,15460.168369017501,4904.428936816928,7957.933167589119,1857.506383727355
2023-03-08,507508.32034121855,-0.001565985325436725,349950.669301592,121968.03130595727,35589.61973366929,57961.28364878733,33989.65811799168,15425.504314378448,4844.9813133403595,7873.9804869693135,1872.6234244901411
2023-03-09,507460.0561421821,-0.0016609367106211748,349971.4996985742,121896.81828019253,35591.73816341534,57969.98542332821,33898.922244745576,15408.17228705892,4856.127742742216,7873.9804869693135,1889.6300953482755
2023-03-10,506620.7474232287,-0.0033121300807171794,349992.331335461,121034.55936850926,35593.8567192584,57992.42684188099,33399.87494189198,15096.195795307445,4737.232495789078,7928.647348768257,1880.1819448715341
2023-03-13,507312.61865631887,-0.0019509942230280242,350013.16421232617,121703.4790427867,35595.97540120598,57990.13690121233,33799.11278417485,15304.180123141761,4744.663448723649,7983.314210567202,1882.0715749668825
2023-03-14,507124.54998329293,-0.002320986502400979,350033.99832924356,121492.4574447838,35598.094209265575,58009.83039096273,33572.27310105959,15234.852013863656,4648.061060574225,8086.790770400918,1940.650107922679
2023-03-15,507433.3803892814,-0.0017134165971484094,350054.833686287,121778.33355954968,35600.2131434447,57995.63275881709,33563.19951373497,15477.500396337025,4726.086066387222,8080.933606636745,1934.9812176366343
2023-03-16,506968.14086329966,-0.0026286941386060025,350075.6702835302,121290.13837601861,35602.332203750855,58022.654058707165,33145.81449680289,15356.17620510034,4696.362254648938,8149.267183885425,1919.864176873848
2023-03-17,507604.1637848727,-0.0013774300833010455,350096.50812104705,121903.20427363407,35604.451390191556,58054.71322806827,33336.35983061971,15598.824587573708,4759.525354592792,8196.124493998805,1957.6567787808135
2023-03-20,507576.0191334004,-0.0014327997713136087,350117.3471989114,121852.10123171471,35606.570702774305,58093.64221943533,33136.74090947828,15494.83242365655,4677.78487231251,8447.982535858224,2001.1182709738239
2023-03-21,507923.99714375887,-0.0007482137892216301,350138.18751719705,122177.11948505521,35608.69014150661,58065.246955144066,33526.90516443653,15460.168369017496,4759.525354592792,8367.934631081198,1997.3390107831274
2023-03-22,508128.8801688476,-0.00034514220777337457,350159.0290759778,122359.04138647387,35610.80970639599,58062.499026341684,33690.22973627953,15546.828505615129,4811.54202513479,8244.934192033576,2003.0079010691725
2023-03-23,508552.20090232434,0.0,350179.87187532755,122759.39962954685,35612.92939744994,58050.59133486471,34035.02605461473,15546.828505615129,4733.517019321794,8303.505829675301,2089.930885455193
2023-03-24,508417.11808880884,-0.0002656223162063043,350200.7159153201,122601.35295881274,35615.04921467598,58025.85997564328,33989.65811799168,15425.504314378446,4740.947972256365,8346.4583639459,2072.9242145970584
2023-03-27,508107.27759153344,-0.0008748822834735437,350221.5611960293,122268.54723742252,35617.16915808161,58030.439856980585,33799.11278417486,15304.180123141761,4800.3955957329335,8289.839114225566,2044.5797631668345
2023-03-28,508015.45949532953,-0.0010554303098924134,350242.40771752904,122153.76255012614,35619.28922767435,58041.43157219011,33726.52408557797,15356.176205100339,4796.680119265648,8248.838967876356,1984.1116001156895
2023-03-29,508076.701609027,-0.0009350058704959974,350263.2554798932,122192.03670567207,35621.409423461715,58054.25523993455,33726.52408557797,15269.516068502706,4815.257501602076,8278.124786697219,2048.359023357531
2023-03-30,508612.2627813175,0.0,350284.1044831955,122704.6285526708,35623.529745451204,58070.28482461511,34116.688340536224,15304.18012314176,4848.696789807646,8293.743890068346,2071.0345845017105
2023-03-31,508894.3488694539,0.0,350304.95472751,122963.74394829353,35625.650193650334,58074.8647059524,34207.42421378233,15373.508232419867,4859.843219209503,8358.172691474245,2089.930885455193
2023-04-03,509380.16039030056,0.0,340295.425753656,133426.5834093235,35658.15122732104,61494.70825284058,37850.5198716301,16973.456533954315,5511.890463755553,9167.094003809281,2428.9142833337055
2023-04-04,509909.6963845256,0.0,340315.6814337604,133933.7412144426,35660.27373632266,61516.04806987593,38049.733134112364,17087.11807324419,5545.144704864184,9271.33956462019,2464.3576677256992
2023-04-06,509898.8871775325,-2.119827700819421e-05,340335.93831956,133900.55248630836,35662.39637166411,61535.447903544424,37930.20517662301,16973.456533954315,5491.106563062658,9403.81829815072,2566.518010973212
2023-04-07,510225.3548844983,0.0,340356.19641112664,134204.63934001874,35664.5191333529,61551.45276632093,38219.06440722229,16916.625764309378,5511.890463755553,9399.474733116933,2606.1312052936755
2023-04-10,509941.5426791421,-0.0005562487293883089,340376.45570853207,133898.4449492135,35666.642021396554,61604.8023089093,38069.654460360594,16897.682174427733,5507.733683616974,9310.431649924281,2508.1406719746333
2023-04-11,510200.942413348,-4.78464484694463e-05,340396.716211848,134135.4611656974,35668.765035802586,61626.62712178636,37970.04782911946,17125.00525300748,5536.831144587028,9362.554430329736,2514.395386867338
2023-04-12,510628.5875812651,0.0,340416.9779211463,134540.72148354023,35670.888176578526,61642.63198456287,37930.20517662301,17465.9898708771,5528.51758430987,9427.707905836554,2545.668961330862
2023-04-13,510307.2599945695,-0.000629278490296814,340437.24083649874,134197.0077143389,35673.01144373189,61628.567105153204,37681.18859852018,17484.933460758744,5507.733683616974,9438.566818421024,2456.0180478687594
2023-04-14,510633.2751055469,0.0,340457.5049579771,134500.63531029958,35675.134837270205,61611.59225069327,37890.362524126554,17409.159101232162,5536.831144587028,9482.002468758901,2570.6878209016813
2023-04-17,511351.9841546629,0.0,340477.7702856532,135196.9555118087,35677.258357201,61598.01236712532,38497.96297469746,17598.595000048615,5565.928605557079,9390.787603049357,2545.668961330862
2023-04-18,511441.561594414,0.0,340498.03681959875,135264.14277128346,35679.382003531784,61623.71714673607,38567.68761656625,17655.425769693553,5574.242165834237,9349.523735228373,2493.5463372249883
2023-04-19,511194.70873290603,-0.0004826609334180887,340518.30455988564,134994.89839675027,35681.50577627009,61660.57683070622,38238.98573347051,17693.312949456842,5574.242165834237,9332.149475093222,2495.6312421892235
2023-04-20,511269.17087247776,-0.00033706826914658983,340538.5735065856,135046.9676904687,35683.629675423435,61650.876913871965,38079.6151234847,17825.918078628358,5570.085385695659,9356.039082779054,2564.433106008976
2023-04-21,510140.77861098933,-0.0025433658136219117,340558.8436597705,133896.18125021947,35685.753700999354,61679.491668533,37352.486715424435,17579.65141016697,5553.458265141344,9312.603432441178,2418.48975851253
2023-04-24,509608.06731416425,-0.0035849536250708303,340579.11501951213,133341.07444164678,35687.87785300537,61695.496531309516,36844.49289609466,17617.538589930264,5545.144704864187,9288.713824755345,2349.6878946927773
2023-04-25,509613.0838520728,-0.0035751450012019292,340599.38758588233,133323.69413474147,35690.002131449,61700.34648972664,36655.24029673651,17731.200129220135,5565.92860555708,9373.413342914208,2297.565270586904
2023-04-26,509497.36763999995,-0.0038014000042410068,340619.66135895293,133185.57974470922,35692.126536337775,61700.83148556835,36565.59432861949,17769.087308983424,5528.5175843098705,9388.615820532466,2232.9332166956206
2023-04-27,509989.7370484879,-0.002838690976540992,340639.9363387957,133655.54964201295,35694.25106767922,61789.585724601726,36914.21753796345,17806.974488746713,5499.420123339818,9410.333645701405,2235.0181216598553
2023-04-28,510849.6869144996,-0.0011572674658454352,340660.2125254825,134493.0986635362,35696.375725480866,61817.230487579334,37302.683399803864,18185.84628637962,5582.5557261113945,9334.321257610118,2270.461506051849
2023-05-04,511556.17693668837,0.0,330568.5180432673,145177.1865078529,35810.47238556819,64638.70400172659,41417.63706550855,20427.298188678094,6006.054063967459,10286.033867265958,2401.4593207062258
2023-05-05,511407.8711016497,-0.00028991114119025774,330588.19474076986,145007.07239957442,35812.60396130542,64756.25535793602,41240.68587911385,20324.02570036324,5983.49187740109,10332.84175744692,2369.771827313307
2023-05-08,512432.8782605572,0.0,330607.87260950444,146010.2699871306,35814.73566392217,64723.827397602385,41738.361090848935,20881.697137263447,6064.715749040019,10222.843215521665,2378.8253968541408
2023-05-09,511799.2022659106,-0.0012366029221185793,330627.5516495407,145354.7831229439,35816.867493425976,64748.148367852606,41351.28037061053,20613.18866764483,6069.228186353292,10243.906766103095,2329.0307643795536
2023-05-10,511069.9334142065,-0.002659752924084824,330647.23186094844,144603.70210343364,35818.99944982439,64834.28513748883,41008.43744697081,20096.826226070563,6069.228186353292,10293.055050793104,2301.8700557570514
2023-05-11,511307.0272203943,-0.002197070266030887,330666.9132437973,144818.982443472,35821.13153312497,64924.47540216676,40953.140201222464,20241.40770971136,6100.815247546209,10283.693472756913,2315.4504100683025
2023-05-12,510287.189137494,-0.004187258886171885,330686.59579815704,143777.3295960017,35823.26374333528,64888.50063367163,40389.10829458937,19890.281249440857,6105.327684859482,10215.822031994521,2288.2897014458003
2023-05-15,511018.7578260748,-0.002759620809817287,330706.2795240974,144487.08222151455,35825.39608046286,64923.96871528654,41085.85359101849,19807.663258788976,6105.327684859482,10255.608738648338,2308.660232912677
2023-05-16,510556.9388565242,-0.003660849027487978,330725.9644216881,144003.44589032076,35827.52854451527,64888.500633671625,40897.84295547412,19559.809286833326,6100.815247546209,10225.183610030714,2331.294156764762
2023-05-17,510249.87918081507,-0.00426006833744208,330745.65049099893,143674.5675543161,35829.661135500064,64882.420391109066,40599.23782843307,19539.154789170356,6114.35255948603,10187.737297885946,2351.6646882316386
2023-05-18,510516.20808483416,-0.0037403341140582747,330765.3377320996,143919.0764993098,35831.793853424795,64862.152915900544,40588.1783792834,19745.699765800066,6195.5764311249595,10169.014141813563,2358.4548653872644
2023-05-19,510314.88015294,-0.0041332205591622095,330785.0261450598,143695.92730958317,35833.92669829702,64905.72798759886,40521.821684385395,19435.8823008555,6290.337614703709,10133.908224177843,2408.2494978618515
2023-05-22,510585.9740515754,-0.003604187567454842,330804.71572994936,143945.1986515018,35836.0596701243,64987.30457531317,40743.01066737877,19394.57330552956,6263.262990824066,10173.69493083166,2383.3521816245575
2023-05-23,509806.54057215434,-0.005125232591081774,330824.406486838,143143.94131640214,35838.19276891419,65151.97781138243,40112.62206584766,19126.064835910944,6290.337614703709,10133.908224177843,2329.030764379553
2023-05-24,508934.30873382656,-0.006827371301011076,330844.09841579554,142249.8843233568,35840.32599467424,65112.962921606006,39526.47126091523,18857.556366292323,6231.675929631149,10185.396903376899,2335.820941535179
2023-05-25,508630.6813701312,-0.007419892539550665,330863.79151689174,141924.43050582742,35842.45934741202,65030.37296013129,39426.93621856821,18733.629380314498,6227.163492317874,10145.610196723082,2360.718257772472
2023-05-26,508994.56586784986,-0.006709781004643256,330883.4857901963,142266.48725051852,35844.59282713508,65027.332838850016,39482.23346431655,19043.44684525906,6222.6510550046005,10087.100333996881,2403.722713091434
2023-05-29,509038.4533354497,-0.006624135704621059,330903.181235779,142288.5456658197,35846.72643385098,65042.533445256406,39305.282277921855,19084.755840585,6348.999299776267,10096.461912033075,2410.512890247059
2023-05-30,509315.22801647335,-0.006084016807560544,330922.87785370974,142543.48999519635,35848.860167567276,65096.24225455899,39349.52007452053,19229.337324225795,6376.073923655911,10063.696388906403,2428.6200293287275
2023-05-31,508928.7341964325,-0.006838249871904067,330942.5756440582,142135.1645240828,35850.994028291534,65130.69696241348,38951.37990513246,19064.10134292203,6326.437113209899,10215.822031994523,2446.7271684103953
2023-06-01,509145.06964309374,-0.006416076635488044,320962.2746068941,152329.66702016833,35853.12801603131,67925.64602517667,43175.18777764825,20857.61768780466,6799.093599845768,10948.86430344243,2623.257626250596
2023-06-02,509789.5004180182,-0.005158486027500575,320981.37950419215,152952.8587830319,35855.262130794166,67831.66439441108,43823.42714088207,20857.61768780466,6837.834873918962,10981.495031536137,2620.819654478987
2023-06-05,509925.2100218495,-0.004893652115414482,321000.48553868645,153067.32811057538,35857.39637258767,67900.83065076104,43603.27037601021,21127.619211271383,6963.744014656846,10853.482175168514,2618.3816827073792
2023-06-06,509322.81886048673,-0.006069203464515227,321019.5927104447,152443.69540862268,35859.53074141937,67926.70199855606,43150.725914884715,20947.618195626903,6939.530718361099,10936.314023406389,2542.8045577875196
2023-06-07,509551.8768761272,-0.0056222024515864,321038.7010195346,152651.51061929576,35861.66523729683,67992.70033476784,43003.95473830347,21172.619465182506,6973.429333175145,10951.374359449637,2557.43238841717
2023-06-08,509892.6088174188,-0.004957272553941627,321057.81046602386,152970.99849116732,35863.79986022762,67961.02113338618,43395.34454252011,21285.12009996031,6939.530718361099,10888.622959269429,2501.359037670178
2023-06-09,510383.44936059066,-0.003999409458119274,321076.92104998016,153440.5937003912,35865.9346102193,68001.67610849264,43591.03944462843,21352.62048082699,6978.271992434294,10981.495031536135,2535.490642472695
2023-06-12,510355.8316362377,-0.004053304759386256,321096.03277147125,153391.729377487,35868.069487279434,68040.74712353002,43639.96317015552,21150.119338226945,7036.383903544086,10989.02519955776,2535.490642472695
2023-06-13,510944.3939486648,-0.0029047400645818566,321115.1456305648,153959.04382668438,35870.20449141558,68117.83318022537,43994.66018022685,21105.119084315826,7123.5517702087745,11014.125759629842,2603.7538520777293
2023-06-14,510814.88687605254,-0.00315746989146537,321134.2596273285,153808.28762608874,35872.33962263531,68167.99191574633,43994.66018022685,20947.618195626903,7147.765066504522,10951.374359449637,2598.8779085345127
2023-06-15,511373.0683226662,-0.002068192699673066,321153.3747618301,154345.21867988998,35874.474880946174,67984.25254773273,44789.6707200419,20992.618449538022,7128.394429467924,10866.032455204555,2584.2500779048623
2023-06-16,511857.34946412593,-0.0011231301129327464,321172.4910341373,154808.24816363287,35876.610266355754,67836.94426130803,45242.21518116738,20992.618449538022,7186.506340577716,10941.334135420802,2608.6297956209464
2023-06-19,511221.55831438117,-0.0023638607075483486,321191.60844431794,154151.20409119164,35878.745778871606,67857.0077555164,44875.287239714286,20655.11654520461,7186.506340577716,10958.90452747126,2618.38168270738
2023-06-20,511055.9034698644,-0.002687132011058524,321210.7269924396,153964.29505892348,35880.881418501296,67870.73540944846,44789.67072004189,20520.11578347125,7201.034318355166,10978.984975528927,2603.75385207773
2023-06-21,510199.61921919894,-0.004358149400832789,321229.8466785701,153086.7553553765,35883.0171852524,67943.59757262628,44116.96949404454,20385.11502173789,7201.034318355166,10933.803967399179,2506.2349812133953
2023-06-26,509240.87239502044,-0.006229119951030371,321248.9675027771,152106.7518131109,35885.15307913248,67985.30852111212,43578.80851324666,19957.612609582236,7176.821022059418,10928.783855384763,2479.4172917257033
2023-06-27,509891.35244945256,-0.004959724324738457,321268.0894651285,152735.97388417498,35887.28910014909,67945.18153269537,43896.81272917268,20362.614894782324,7138.079747986223,10918.74363135593,2474.5413481824867
2023-06-28,510134.8745541475,-0.004484497002241961,321287.2125656919,152958.23674014577,35889.42524830982,67956.79723986865,43994.660180226834,20452.61540260457,7210.719636873465,10881.092791247807,2462.351489324445
2023-06-29,509897.19152267184,-0.004948329518770667,321306.3368045351,152699.29319451447,35891.561523622215,67938.84569241904,43774.50341535498,20385.115021737885,7244.61825168751,10901.173239305474,2455.0375740096197
2023-06-30,510472.2717429169,-0.0038260747910936477,321325.4621817259,153253.1116350972,35893.69792609386,68032.82732318463,44055.81483713569,20497.615656515685,7278.516866501555,10916.233575348722,2472.1033764108784
2023-07-03,511430.3361588523,-0.001956435943587298,311344.588697332,164189.91300578802,35895.834455732314,70840.84704939001,48691.3521713222,22462.203157694385,7826.0300289904935,11688.999923901185,2680.480674489722
2023-07-04,511553.6944787123,-0.0017157052545677676,311363.1211133259,164292.6022528413,35897.97111254516,70828.75753934654,48784.80966109441,22437.84068138452,7795.1783994412535,11705.093085797333,2740.922885777235
2023-07-05,511243.01831997803,-0.002321982041078474,311381.6546324398,163961.2557909983,35900.10789653995,70932.61742108359,48424.33077197302,22389.115728764795,7790.036461183046,11713.139666745405,2712.0157412484245
2023-07-06,510819.6117602732,-0.003148249397579961,311400.1892547393,163517.17769780965,35902.244807724266,70956.24691798673,48050.50081288418,22316.0282998352,7774.610646408428,11707.77527944669,2712.0157412484245
2023-07-07,510637.1042861861,-0.0035044081879890276,311418.72498029016,163313.99745979026,35904.38184610568,70963.39071937605,47903.63904324213,22364.753252454928,7723.191263826361,11691.682117550543,2667.3410633402623
2023-07-10,510901.6926815193,-0.0029880705239591077,311437.261809158,163557.91186066953,35906.51901169176,70958.9945339057,48117.256162721475,22413.478205074654,7671.7718812442945,11721.18624769348,2675.2248300299384
2023-07-11,511417.69889335474,-0.0019810972524800796,311455.79974140855,164053.2428474561,35908.656304490076,70967.7869048464,48464.3839818754,22437.840681384518,7707.7654490517425,11731.915022290908,2743.5508080071277
2023-07-12,511167.0399353307,-0.0024702519665079636,311474.3387771074,163781.90743371507,35910.7937245082,70966.13833529504,48210.71365249369,22462.20315769438,7743.759016859188,11723.868441342836,2675.224830029939
2023-07-13,512484.89399958553,0.0,311492.87891632033,165079.08381151152,35912.9312717537,70956.24691798673,49051.83106044359,22730.190397102884,7795.178399441254,11823.109606369075,2722.527430167993
2023-07-14,512492.6043105555,0.0,311511.42015911295,165066.1152052084,35915.06894623416,70933.71646745119,49025.12892050867,22827.64030234234,7779.752584666634,11769.465733381918,2730.411196857668
2023-07-17,512087.8649122827,-0.0007897468077950887,311529.962505551,164640.6956587745,35917.20674795715,70984.27260036023,48651.29896141982,22657.102968173294,7820.888090732286,11817.745219070357,2709.3878190185333
2023-07-18,512101.0565640187,-0.0007640066280829583,311548.5059557001,164633.20593138837,35919.34467693024,71029.33350143133,48571.19254161507,22608.378015553564,7856.881658539734,11860.660317460082,2706.7598967886415
2023-07-19,512515.549406444,0.0,311567.05050962605,165027.01616365695,35921.48273316101,71048.01728968033,48544.49040168015,22778.91534972261,7980.288176736694,11997.452193577328,2677.8527522598306
2023-07-20,511902.6693592826,-0.0011958272248934199,311585.5961673945,164393.4522752311,35923.620916657026,71046.36872012893,48170.6604425913,22632.740491863427,7923.726855896421,11989.405612629254,2630.5501521217766
2023-07-21,511909.0782398584,-0.0011833224714605795,311604.1429290711,164379.17608336138,35925.75922742587,71119.45530357353,48197.36258252622,22608.378015553564,7898.017164605388,11943.808320590173,2612.1546965125335
2023-07-24,511751.74216911645,-0.0014903103685578456,311622.69079472165,164201.15370891968,35927.897665475124,71139.23813819012,47970.39439307943,22657.102968173294,7923.726855896421,11914.304190447237,2596.387163133182
2023-07-25,513467.6321445489,0.0,311641.2397644118,165896.3561493247,35930.03623081235,70957.34596435432,49465.71422943481,23071.265065440974,7908.301041121801,11855.295930161366,2638.4339188114523
2023-07-26,513399.0123791738,-0.00013363990460024677,311659.7898382073,165807.0476175213,35932.174923445134,70970.53452076537,49345.55459972768,23022.540112821247,7923.726855896421,11906.257609499164,2638.4339188114523
2023-07-27,513476.6024643799,0.0,311678.3410161738,165863.94770482503,35934.313743381055,71032.08111735029,49292.15031985784,23071.265065440977,7944.294608929248,11930.397352343383,2593.7592409032904
2023-07-28,514962.60703613574,0.0,311696.89329837717,167329.2610471309,35936.45269062769,70982.07450762503,50573.85303673388,23461.0646863988,7887.733288088976,11812.38083177164,2612.1546965125335
2023-07-31,515350.9818642,0.0,311715.44668488303,167696.94341412437,35938.59176519261,70916.68124875355,50787.470156213225,23607.239544257984,7913.442979380008,11825.791800018427,2646.317685501128
2023-08-01,515263.28399590816,-0.00017017114816508805,301604.76226312696,177588.55185306762,36069.96987971357,74470.87832916588,53878.60029418814,24996.320102482383,8534.822943591214,12811.261135762152,2896.6690478778755
2023-08-02,514552.336091679,-0.0015497123331986717,301622.7149275474,176857.5042624014,36072.11690173022,74473.76154978362,53465.90103150154,24738.36014270444,8468.704237766106,12808.366589640198,2902.410711005483
2023-08-03,515042.82080429886,-0.0005979634671237077,301640.6686605788,177327.88809217425,36074.264051545804,74506.630264826,53978.21735759525,24789.95213466003,8391.56574763681,12753.370213323098,2908.1523741330902
2023-08-04,515400.6451992898,0.0,301658.62346228474,177665.61040783708,36076.41132916792,74532.0026062622,54277.068547816576,24815.74813063782,8408.095424093088,12738.897482713335,2893.7982163140723
2023-08-07,514744.462089984,-0.0012731515092536672,301676.5793327289,176989.32402265086,36078.55873460418,74564.29467718104,53835.90726701366,24583.584166837674,8364.01628687635,12764.94839781091,2876.5732269312507
2023-08-08,514727.68764220446,-0.0013056979329645335,301694.5362719749,176952.44510236738,36080.70626786219,74579.86406851692,53622.44213114128,24686.768150748852,8424.625100549367,12776.526582298717,2862.2190691122323
2023-08-09,514433.2682477421,-0.0018769416774276904,301712.4942800863,176637.92003870622,36082.85392894956,74594.28017160567,53508.59405867601,24506.196178904294,8424.625100549367,12767.84294393286,2836.3815850379997
2023-08-10,514416.236474342,-0.0019099873741273976,301730.4533571268,176600.7813993413,36085.0017178739,74564.8713213046,53579.7491039668,24506.196178904294,8380.545963332626,12724.424752103572,2844.9940797294107
2023-08-11,512851.4408307291,-0.00494606359597205,301748.41350315994,175015.87769292635,36087.14963464282,74586.78379799952,52227.80324344174,24248.236219126353,8386.05585548472,12779.421128420672,2787.5774484533376
2023-08-14,512484.70966674574,-0.005657609395146479,301766.3747182494,174629.03726923236,36089.297679263924,74624.84231015384,51843.565998871454,24196.644227170767,8402.585531940995,12796.788405152389,2764.610795942908
2023-08-15,512802.55802379356,-0.005040907883403278,301784.33700245887,174926.77516958988,36091.44585174483,74782.26615588315,51786.64196263882,24351.42020303753,8490.743806374474,12825.733866371913,2689.9691752840135
2023-08-16,512162.4054530556,-0.006282956329986877,301802.3003558519,174266.51094511055,36093.594152093145,74823.20788865523,51359.71169089407,24222.44022314856,8397.075639788904,12831.522958615818,2632.552544007941
2023-08-17,512276.43497959827,-0.006061711891112376,301820.2647784921,174360.42762078968,36095.74258031648,74798.98883546611,51544.71480865013,24196.644227170764,8347.48661042007,12819.94477412801,2652.648364954566
2023-08-18,511418.12816415454,-0.007727031528249828,301838.2302704432,173482.00675728888,36097.89113642245,74837.62399174398,50833.16435574221,24145.05223521518,8248.308551682407,12796.788405152389,2621.069217752726
2023-08-21,510635.24956377724,-0.009246002464102232,301856.1968317688,172679.0129115898,36100.039820418664,74907.3979306936,50093.15188471797,23964.48026337062,8281.36790459496,12845.995689225581,2586.6192389870826
2023-08-22,511328.3446692935,-0.007901232891203813,301874.16446253256,173351.9915744482,36102.18863231273,74864.72626555087,50420.465093055616,24299.82821108194,8314.427257507516,12825.733866371915,2626.8108808803336
2023-08-23,510481.138684366,-0.009545014273355301,301892.1331627982,172484.66794945553,36104.33757211227,74857.2298919447,49637.7595948569,24222.440223148555,8319.937149659609,12886.519334932918,2560.78175491285
2023-08-24,510909.3962643364,-0.008714092573975596,301910.1029326293,172892.80669188226,36106.4866398249,74839.35392411464,49965.07280319455,24119.25623923738,8441.154777005644,12921.253888396352,2606.7150599337083
2023-08-25,510490.3678027555,-0.009527107585663996,301928.07377208956,172453.6581952077,36108.63583545822,74803.02534433096,49865.45573978744,24093.460243259586,8270.348120290777,12874.941150445109,2546.4275970938315
2023-08-28,511556.36559424235,-0.007458817991120248,301946.04568124266,173499.53475397982,36110.785159019855,74707.87906394512,50619.699219869835,24377.216199015318,8347.486610420072,12880.730242689015,2566.523418040457
2023-08-29,512009.6233910208,-0.006579389917057199,301964.0186601523,173932.6701203511,36112.93461051741,74614.46271592994,50932.78141914932,24403.01219499311,8397.075639788904,12915.464796152446,2669.873354337388
2023-08-30,512154.3980625824,-0.006298492574552617,301981.992708882,174057.32116374187,36115.084189958514,74760.35367918824,50918.550410091164,24170.848231192966,8512.783374982844,12958.882987981735,2735.9024803048715
2023-08-31,511903.5287260432,-0.006785238834721263,301999.96782749565,173786.32700119674,36117.23389735077,74775.34642640056,50648.161237986154,24041.868251303997,8556.862512199583,13008.090272054927,2755.998301251497
2023-09-01,512195.35436739994,-0.006219027589013715,292017.94401605683,184058.0266186413,36119.383732701805,77477.97824097765,55075.82371231026,25864.55395941752,8962.56541771394,13738.536122944482,2938.5691652774235
2023-09-04,513549.2284232039,-0.00359218948080664,292035.326036534,185392.3686906507,36121.53369601923,77286.57460623086,55967.61538604392,26389.021969266967,8979.97972875872,13790.56443973888,2978.6125606113924
2023-09-05,512961.61261272524,-0.004732304100281914,292052.7090916552,184785.21973375935,36123.683787310656,77343.39756029632,55552.47098620238,26140.58975407512,8985.784499106981,13796.68541818528,2966.291515893248
2023-09-06,512709.58553889836,-0.005221296646516382,292070.0931814821,184513.65835083253,36125.83400658371,77283.58392443795,55398.71380107589,26030.17543621208,8985.784499106981,13787.50395051568,3027.896739483969
2023-09-07,511594.7319678137,-0.007384378089019372,292087.47830607626,183379.26930789146,36127.984353846005,77187.28397070596,54583.80071990547,26002.571856746323,8910.322484579596,13784.44346129248,2910.846814661598
2023-09-08,511418.5891912314,-0.007726137025922064,292104.86446549924,183183.58989662703,36130.13482910516,77250.08828835725,54260.910631139835,25892.157538883283,8962.56541771394,13882.379116434879,2935.4889040978865
2023-09-11,512018.4550853595,-0.006562254326675232,292122.25165981264,183763.91799317804,36132.2854323688,77250.08828835725,54691.430749494015,26057.779015677846,8916.127254927858,13909.923519443679,2938.5691652774226
2023-09-12,511924.02742100204,-0.00674546648451213,292139.6398890781,183649.9513682794,36134.43616364454,77263.84542460466,54614.55215693077,26002.571856746326,8945.15110666916,13912.984008666881,2910.846814661598
2023-09-13,511602.8584679258,-0.007368610743386794,292157.0291533572,183309.2422916286,36136.587022939995,77343.99569665489,54230.15919411454,26030.17543621209,8881.298632838296,13946.649390122082,2876.963941686701
2023-09-14,511886.59607062105,-0.006818092218937699,292174.4194527116,183573.43860764665,36138.73801026279,77384.07083268001,54184.03203857659,26195.79691300665,8921.932025276117,14053.766512934078,2833.840285173196
2023-09-15,511595.95170653914,-0.007382011505397856,292191.8107872028,183263.25179371578,36140.88912562054,77344.59383301348,53922.64482386155,26223.40049247241,8985.784499106981,13919.104987113284,2867.7231581480933
2023-09-18,511518.2680647635,-0.007532736271653406,292209.2031568925,183166.02453885018,36143.04036902087,77259.6584700946,54122.52916452599,26223.40049247241,8887.103403186555,13845.653245756486,2827.679762814124
2023-09-19,511675.8911471167,-0.007226909952223304,292226.5965618423,183304.102844803,36145.191740471404,77250.68642471582,54045.65057196275,26361.418389801212,8881.298632838294,13952.770368568485,2812.2784569164432
2023-09-20,511611.73698777816,-0.007351384300356423,292243.99100211385,183220.40274568455,36147.34323997977,77219.58333406947,53768.88763873506,26527.039866595776,8869.689092141773,14059.887491380483,2775.3153227620105
2023-09-21,510785.3605758851,-0.008954751350029988,292261.3864777687,182374.4792305628,36149.49486755358,77277.6025608521,53230.73749079234,26306.211230869692,8776.812766569607,14017.040642255683,2766.074539223402
2023-09-22,511932.4479660769,-0.006729128621621783,292278.7829888686,183502.01835400786,36151.64662320045,77220.77960678664,54383.91637924103,26444.229128198498,8666.52212995266,13958.891347014884,2827.679762814124
2023-09-25,511521.4007191784,-0.007526658176012613,292296.1805354751,183071.4216767753,36153.798506928026,77204.62992510488,53953.39626088685,26444.229128198498,8649.107818907878,14020.101131478883,2799.957412198299
2023-09-26,510996.19453731965,-0.008545683252427994,292313.5791176498,182526.6649009259,36155.95051874391,77115.5076076759,53630.50617212122,26389.021969266978,8608.474426470057,14010.919663809284,2772.2350615824744
2023-09-27,510660.03742734645,-0.009197908105276542,292330.97873545444,182170.95603323623,36158.10265865574,76937.26297281795,53784.26335724771,26306.211230869696,8562.036263683975,13805.866885854886,2775.3153227620105
2023-09-28,510563.5766253184,-0.00938506503440839,292348.3793889506,182054.94230969663,36160.254926671136,77282.98578807934,53569.00329807062,26278.607651403934,8538.817182290933,13576.330194114891,2809.198195736907
2023-10-09,510308.757553783,-0.009879474721142256,282365.7810781999,191780.56915278538,36162.40732279772,80135.09312713165,57528.522381119335,27852.39739722665,9000.208387598643,14233.682625770394,3030.665233938724
2023-10-10,509398.8937620745,-0.011644827171092387,282382.58856516884,190851.74534986253,36164.55984704312,80076.84338982697,57081.40951287229,27470.857706853683,9122.660202395904,14049.501034472116,3050.4735034415917
2023-10-11,509528.8528375349,-0.011392675613520864,282399.39705258346,190962.74328553648,36166.71249941497,79928.12065628312,57213.8873997603,27470.857706853683,9177.763519054672,14072.119826385942,3099.99417719876
2023-10-12,510684.6329245161,-0.009150186983080233,282416.20654050325,192099.56110409196,36168.86527992089,79916.3467732109,57810.03789075635,27823.048190274883,9245.112017193163,14185.213785955057,3119.802446701628
2023-10-13,510124.47367140884,-0.010237029342174742,282433.0170289878,191520.4384538525,36171.0181885685,79983.89168136206,57230.447135621296,27793.698983323116,9165.518337574946,14233.682625770394,3113.199690200672
2023-10-16,509643.20252995926,-0.011170809976584928,282449.82851809665,191020.2027864972,36173.17122536544,79992.56717415212,56518.378493598226,27911.095811130184,9159.395746835082,14411.40170509329,3027.363855688247
2023-10-17,510122.4352417742,-0.010240984381140406,282466.6410078894,191480.4698435655,36175.32439031933,79952.288100484,56717.09532393025,28057.841845889016,9226.744244973575,14476.026824847073,3050.473503441592
2023-10-18,509602.5737221363,-0.01124963953995739,282483.4544984256,190941.64154027298,36177.4776834378,79936.79614907317,56253.4227198222,27911.09581113018,9214.49906349385,14614.9708323177,3010.856964435857
2023-10-19,507598.6442243337,-0.015137740023471014,282500.2689897648,188918.7441298404,36179.631104728476,79791.17180581148,54978.32305852508,27324.11167209485,9092.04724869659,14692.520976022237,3040.5693686901586
2023-10-20,507462.72416067764,-0.015401457317816836,282517.08448196657,188763.8550245121,36181.78465419899,79854.3789675676,54680.247813027054,27412.15929295015,8981.840615379057,14854.083775406694,2981.1445601815562
2023-10-23,506159.05390919186,-0.017930888089060293,282533.9009750905,187441.21460224438,36183.93833185698,79929.9796904524,54050.97785030899,26854.52436086658,8920.614707980427,14773.302375714466,2911.81561692152
2023-10-24,506426.0232787075,-0.017412903930518087,282550.7184691962,187689.2126718013,36186.09213771007,79891.55965095355,54133.776529614006,27001.270395625415,8908.3695265007,14782.996143677534,2971.2404254301223
2023-10-25,507142.4221052519,-0.01602291958878832,282567.53696434316,188386.63906914287,36188.24607176588,79986.9900716442,54464.97124683403,27324.11167209485,8914.492117240565,14724.833535899132,2971.2404254301223
2023-10-26,507530.5028664451,-0.015269950486386241,282584.356460591,188755.74627182202,36190.40013403206,80083.6598484477,54680.24781302705,27412.15929295015,8773.672530223716,14831.46498349287,2974.5418036806
2023-10-27,508619.0283041516,-0.013157951892970421,282601.17695799936,189825.29702163598,36192.554324516226,80046.47916506173,55574.47354952112,27529.55612075721,8773.672530223716,14860.54628738207,3040.569368690158
2023-10-30,508670.06806742656,-0.013058922596537847,282617.9984566278,189857.36096757275,36194.70864322602,80155.54250299389,55839.42932329715,27059.968809528946,8736.936985784538,14892.85884725896,3172.6244987092746
2023-10-31,508638.0870502206,-0.013120973386547274,282634.8209565359,189806.40300351562,36196.86309016907,80180.3296252512,55706.95143640914,27059.968809528946,8761.42734874399,14928.40266312354,3169.3231204587964
2023-11-01,508668.4267874602,-0.013062107070561435,272651.6444577833,199817.76466432388,36199.01766535301,82976.70825770048,59804.4698682681,28752.955974793294,9324.319767307064,15607.036602190285,3352.274194064694
2023-11-02,508617.97108805826,-0.013160003143979138,272667.8737223344,199748.92499693838,36201.17236878547,83039.54156831084,59502.067730326235,28815.259238010614,9433.941783935157,15640.942829872647,3317.1718464828646
2023-11-03,509157.1155006676,-0.012113934580365138,272684.1039529131,200269.68434728042,36203.32720047409,83033.77116223439,60000.14183987755,28628.34944835865,9582.253924079047,15630.770961567938,3394.397011162889
2023-11-06,509980.1036775217,-0.010517141513612493,272700.33514957695,201074.28636751825,36205.482160426494,83010.04838169782,60853.98317053693,28566.04618514133,9633.840755433443,15552.786637898507,3457.581236810182
2023-11-07,509827.67570960085,-0.010812888073770344,272716.56731238344,200903.47114856707,36207.63724865033,83032.48884977294,60658.31119892749,28628.34944835865,9620.944047594843,15491.75542807026,3471.6221758429137
2023-11-08,509636.95814378496,-0.011182925572932101,272732.80044139014,200694.3652372416,36209.79246515322,83040.82388077228,60462.639227318046,28628.34944835865,9653.18581719134,15430.724218242014,3478.6426453592794
2023-11-09,509683.24935504654,-0.011093109598325213,272749.0345366545,200722.26700844927,36211.947809942816,83045.31197438731,60516.00431048426,28690.65271157597,9704.772648545735,15329.005535194934,3436.519828261084
2023-11-10,509085.76089485374,-0.012252379509525624,272765.26959823404,200106.38801359295,36214.10328302674,83048.5177555409,60035.71856198835,28534.89455353267,9627.392401514142,15440.896086546723,3418.9686544701694
2023-11-13,509295.21611656307,-0.0118459864953524,272781.5056261863,200297.4516059641,36216.25888441264,83149.82043999435,59946.77675671134,28628.34944835865,9756.359479900131,15386.646122254948,3429.4993587447184
2023-11-14,509469.3540914967,-0.011508117351113678,272797.74262056884,200453.19685681973,36218.41461410814,83142.76772145645,59946.77675671134,28659.50107996731,9788.60124949663,15454.458577619667,3461.0914715683643
2023-11-15,510337.90144996054,-0.009822928621619487,272813.9805814391,201303.35039640052,36220.57047212088,83140.8442527643,60391.48578309643,28877.56250122793,9924.016681801919,15518.88041021615,3450.5607672938154
2023-11-16,509622.1728800081,-0.011211612505931723,272830.2195088547,200569.22691269498,36222.72645845851,83189.57212629887,59751.10478510189,28846.41086961927,9936.913389640518,15457.849200387902,3387.3765416465226
2023-11-17,509548.6883760715,-0.011354189944708937,272846.45940287306,200477.34640006977,36224.88257312865,83197.26600106747,59662.16297982487,28784.10760640195,9930.46503572122,15501.927296374968,3401.4174806792544
2023-11-20,509555.737301501,-0.011340513350596937,272862.7002635518,200465.99822181024,36227.03881613896,83152.38506491722,59857.83495143431,28908.71413283659,9827.291373012427,15332.396157963169,3387.3765416465226
2023-11-21,509693.6452400931,-0.011072939105440827,272878.9420909484,200585.50796164764,36229.19518749706,83113.27453484343,59946.77675671133,29002.169027662574,9865.981496528224,15312.052421353752,3345.253724548327
2023-11-22,508673.68651927356,-0.013051901938180732,272895.1848851205,199547.1499469425,36231.351687210605,83016.45994400501,59253.03067555057,28877.562501227934,9853.084788689624,15254.411834293738,3292.6002031755834
2023-11-23,509161.4561713386,-0.012105512645485095,272911.42864612554,200016.51920992584,36233.508315287225,82910.66916593655,59591.00953560325,29064.472290879894,9885.326558286122,15240.849343220796,3324.19231599923
2023-11-24,508770.50530498417,-0.012864050435447028,272927.67337402113,199607.16685922845,36235.66507173456,82972.22016408548,59146.30050921815,29064.472290879894,9898.223266124722,15254.41183429374,3271.538794626486
2023-11-27,508330.2877977238,-0.013718177242157181,272943.91906886484,199148.5467722987,36237.82195656026,82960.03819570183,58719.37984388845,28846.410869619274,9891.774912205423,15413.771104400834,3317.1718464828637
2023-11-28,508469.5783496705,-0.013447920397808621,272960.16573071416,199269.43364918442,36239.97896977196,82952.3443209332,58790.53328811006,28846.410869619274,9898.223266124722,15461.239823156136,3320.6820812410465
2023-11-29,507844.6246954149,-0.014660479326627951,272976.4133596267,198626.0752244109,36242.1361113773,82921.56882185875,58310.24753961415,28628.349448358655,9878.878204366823,15566.349128971455,3320.6820812410465
2023-11-30,508036.5058856091,-0.014288184119042424,272992.66195566003,198799.55054856514,36244.29338138393,82981.83750754622,58381.40098383577,28690.652711575975,9872.429850447523,15559.567883434984,3313.6616117246804
2023-12-01,508255.64597738406,-0.013863000150383886,263008.9115188716,209000.28367871296,36246.45077979949,85381.77916288962,62780.61947749586,30858.255260888487,10305.57547461256,16177.916337803046,3496.1379650234135
2023-12-04,507824.4002736232,-0.014699719521571564,263024.5668112239,208551.22515576764,36248.60830663162,85319.15563185743,62319.56229651058,30725.81639710785,10359.145717495536,16368.286240230884,3459.2588725653604
2023-12-05,505755.3502600875,-0.01871416931477199,263040.22303543886,206464.36126276065,36250.76596188797,85309.92690096846,61051.65504880105,30328.499805765936,10272.0940728107,16146.188020731737,3355.9974136828127
2023-12-06,505831.3287474998,-0.01856675295408261,263055.8801915719,206522.52481035172,36252.923745576176,85298.06138982553,61147.70862817298,30229.170657930455,10352.449437135165,16139.137283604781,3355.9974136828127
2023-12-07,505587.16291266575,-0.019040492824430655,263071.53827967856,206260.54297528332,36255.081657703886,85344.86423933381,60974.8121853035,30196.060941985295,10265.397792450327,16160.289494985649,3319.11832122476
2023-12-08,505891.76417946955,-0.01844949382270067,263087.19729981426,206547.32718137655,36257.23969827875,85388.3711135246,61109.28719642421,30162.951226040135,10345.753156774792,16184.967074929998,3355.9974136828127
2023-12-11,506838.2215907611,-0.016613141035587642,263102.8572520345,207475.9664714182,36259.397867308406,85510.32220027152,61570.344377409485,30460.93866954657,10439.50108182,16065.10454377173,3429.7555985989184
2023-12-12,507146.4146195753,-0.016015173160139895,263118.51813639473,207766.34031838007,36261.55616480051,85502.41185950956,61724.03010440458,30626.487249272363,10493.071324702976,16001.647909629113,3418.6918708615026
2023-12-13,505959.4622924148,-0.018318143360539163,263134.17995295045,206561.56774870167,36263.7145907627,85622.38536106599,60609.808583690145,30427.828953601405,10553.337847946324,15966.394223994328,3381.8127784034496
2023-12-14,505897.3977978756,-0.018438563261285013,263149.84270175715,206481.68195091578,36265.873145202626,85540.64517319237,60302.43712969995,30394.719237656245,10667.17461407265,16209.644654874346,3367.061141420228
2023-12-15,505595.1180269915,-0.019025058008041107,263165.5063828704,206161.57981599314,36268.03182812793,85617.7709956215,60167.96211857926,30229.17065793045,10620.300651550046,16181.441706366517,3344.9336859453965
2023-12-18,505327.3036586852,-0.019544681665482844,263181.1709963455,205875.9420227934,36270.19063954627,85688.30486741566,59899.012096337836,30196.060941985288,10667.17461407265,16132.086546477816,3293.3029565041224
2023-12-19,505481.837360387,-0.019244849480286264,263196.83654223813,206012.6512386836,36272.34957946529,85679.73533159021,59937.433528086614,30162.951226040128,10720.744856955627,16177.916337803039,3333.8699582079807
2023-12-20,504810.6985860916,-0.020547018541475448,263212.50302060373,205323.68691759522,36274.50864789264,85619.74858081198,59341.90133598062,30063.62207820465,10774.315099838605,16230.796866255218,3293.3029565041224
2023-12-21,505282.54526721814,-0.019631523604630496,263228.1704314978,205777.70699088436,36276.66784483597,85652.04913892334,59937.433528086614,29997.40264631433,10633.693212270793,16234.3222348187,3322.8062304705645
2023-12-22,505662.6821035296,-0.01889396760843176,263243.83877497585,206140.0161582508,36278.827170302924,85768.72666516229,60052.697823332936,30030.512362259487,10693.95973551414,16311.880343215227,3282.239228766706
2023-12-25,505910.4416837322,-0.018413255016178742,263259.50805109343,206369.94700833765,36280.98662430116,85839.91973201996,60225.59426620242,29997.402646314327,10714.048576595256,16336.557923159577,3256.4238640460694
2023-12-26,505580.0504370909,-0.01905429272095993,263275.178259906,206021.7259703466,36283.14620683832,85907.15762849664,59841.37994871469,29964.292930369167,10747.529978397115,16382.387714484796,3178.9777698841585
2023-12-27,506224.3419851364,-0.017804213672656943,263290.8494014691,206648.18666574525,36285.30591792206,85992.19379168772,60033.48710745855,30196.06094198528,10767.618819478232,16428.21750581002,3230.608499325432
2023-12-28,507917.7551664824,-0.014518588795933596,263306.52147583826,208323.7679330841,36287.46575756003,86070.63800424385,61647.18724090704,30129.841510094964,10747.529978397115,16435.268242936974,3293.302956504122
2023-12-29,508289.92309830384,-0.01379649437232744,263322.19448306895,208678.10288947498,36289.625725759885,86148.42302173648,61839.294399650906,30262.2803738756,10734.137417676371,16385.913083048275,3308.054593487343
2024-01-02,507724.335635999,-0.01489386875005283,253337.8684232167,218094.681390253,36291.78582252927,88414.706983537,65620.84374483676,32433.0084986453,11134.332536563557,17066.435371076714,3425.354255593667
2024-01-03,507705.36855343176,-0.014930669407451913,253352.9480582419,218058.47444731402,36293.94604787585,88391.00808301353,65414.03364794159,32783.635617549575,11051.188796402535,17055.462523645674,3363.145778761092
2024-01-04,507421.60381154704,-0.015481240588392176,253368.0285908644,217757.4688188754,36296.10640180727,88460.75056169688,64793.6033572561,33169.32544834427,11009.616926322024,17011.571133921516,3312.6013913346246
2024-01-05,507163.59964229027,-0.015981830123271368,253383.11002113763,217482.22273682145,36298.26688433119,88553.5148294602,64442.026192534315,33204.388160234696,10961.116411228095,17059.12013945602,3262.057003908157
2024-01-08,505650.0213105328,-0.018918532562152146,253398.19234911507,215951.4014659625,36300.42749545526,88530.49304038026,63470.01873712702,32818.69832944,10974.97370125493,17007.91351811117,3149.3041396491153
2024-01-09,506271.89944681287,-0.017711940870673737,253413.27557485012,216556.0356367756,36302.58823518713,88544.71238069436,63635.46681464315,33064.13731267299,11162.04711661723,17004.255902300825,3145.4161098470795
2024-01-10,505663.66583186394,-0.018892058941177403,253428.35969839623,215930.55702993323,36304.749103534465,88533.20148615436,63304.57065961088,32888.82375322085,11155.118471603811,16938.418817714588,3110.4238416287562
2024-01-11,505952.4227596577,-0.01833180173062976,253443.44471980684,216202.067939346,36306.91010050491,88555.5461637908,63697.509843711705,32608.322058097438,11245.190856778252,16938.418817714588,3157.0801992531874
2024-01-12,505801.3570285236,-0.018624905226989896,253458.5306391354,216033.75516328204,36309.07122610613,88526.43037171909,63470.01873712702,32748.572905659148,11196.690341684323,16993.283054869782,3098.759752222648
2024-01-15,506121.2640472177,-0.01800420942136005,253473.61745643534,216336.4141104365,36311.232480345774,88496.63746820387,63387.294698368954,32994.011888892135,11252.11950179167,17092.038681749138,3114.3118714307916
2024-01-16,506697.5677619111,-0.016886042961807846,253488.7051717601,216895.46872691944,36313.39386323151,88435.02032684283,63842.276911538334,33204.388160234696,11196.690341684323,17106.66914499052,3110.423841628756
2024-01-17,504475.20724737394,-0.021197951639527535,253503.7937851632,214655.85808743976,36315.555374770986,88500.70013686504,62291.201184824575,32748.572905659144,11148.189826590393,16938.418817714584,3028.775215786001
2024-01-18,505207.3642166238,-0.019777392747974742,253518.88329669804,215370.7639049539,36317.717014971866,88481.06390500271,63221.846620852826,32538.19663431658,11155.118471603811,16883.554580559387,3090.9836926185762
2024-01-19,505513.1951539816,-0.019184007892510402,253533.97370641807,215659.34266372176,36319.87878384181,88633.41397979652,63366.61368867944,32327.820362974016,11265.976791818508,16982.310207438743,3083.207633014504
2024-01-22,503297.7132769383,-0.02348257037526924,253549.06501437677,213426.60758117304,36322.04068138846,88675.39488929523,61939.62402010278,31486.31527760376,11446.12156216739,16916.473122852505,2962.6787091513897
2024-01-23,504019.7094900834,-0.022081725770455196,253564.15722062762,214131.34956183625,36324.20270761949,88622.58019670004,62394.606233272156,31696.691548946328,11473.836142221064,16942.07643352493,3001.559007171749
2024-01-24,505887.29478159477,-0.018458165519013803,253579.25032522407,215981.67959382813,36326.36486254256,88590.75595885424,63449.33772743751,32433.0084986453,11598.551752462598,16920.130738662854,2989.894917765641
2024-01-25,508085.6338440637,-0.014192864179278675,253594.34432821962,218162.7623696787,36328.52714616533,88705.864904254,64607.47427005045,33414.76443157726,11543.12259235525,16843.320806645577,3048.21536479618
2024-01-26,508491.69965539273,-0.013404999796276074,253609.43922966774,218551.57086722954,36330.68955849546,88768.8362685021,64483.38821191334,33975.767821824105,11459.978852194228,16916.47312285251,2947.1265899432456
2024-01-29,507923.3332934552,-0.014507765901114356,253624.53502962188,217965.94616429266,36332.85209954061,88799.98339490438,63862.95792122785,33975.767821824105,11508.479367288159,16949.39166514563,2869.3659939025265
2024-01-30,506840.77870709315,-0.016608179620898222,253639.63172813554,216866.13220964916,36335.01476930844,89034.26395436506,62704.821378614906,33730.328838591115,11647.052267556528,16996.940670680135,2752.7250998414484
2024-01-31,506139.16694886354,-0.01796947352839484,253654.72932526222,216147.26005579473,36337.17756780661,89056.6086320015,62270.520175135054,33519.95256724855,11598.551752462598,17018.886365542214,2682.7405634048014
2024-02-01,505611.3250933058,-0.018993612439500818,243669.82782105537,225602.1567772076,36339.34049504279,91304.99970019805,66929.50189046658,34894.46957193731,11866.576677480334,17692.98930612686,2913.6196309984707
2024-02-02,505150.8303922623,-0.0198870818313861,243684.33197747328,225124.9948637644,36341.50355102463,91296.66149001145,66261.76492448254,34968.2422348801,12066.735802160727,17734.682297208135,2796.9081150214224
2024-02-05,505680.6277843296,-0.018859148713719076,243698.83699723383,225638.12405133594,36343.66673575981,91406.447924135,66706.92290180524,35042.01489782288,12116.775583330826,17598.232508214867,2767.73023602716
2024-02-06,508487.72374963434,-0.013412714000352932,243713.34288038843,228428.55081998993,36345.83004925599,91266.78290350948,68999.4864850171,35521.53720695098,12116.775583330826,17560.329789050073,2963.638852131492
2024-02-07,509660.4061506947,-0.011137430855127306,243727.84962698843,229584.56303218548,36347.99349152082,91223.70215087873,69644.96555213499,35927.286853136306,12159.666824333766,17594.44223629839,3034.499415403272
2024-02-08,510798.81858153304,-0.008928639613901446,243742.35723708526,230706.30428188582,36350.157062561986,91389.77150376179,70134.63932718994,35890.40052166492,12474.202591688667,17670.247674627983,3147.0426629525696
2024-02-19,512153.3150827193,-0.006300593813410527,243756.86571073032,232044.12860960187,36352.320762387135,91361.97746980646,70735.60259657558,36738.78614550694,12417.014270351412,17602.02278013135,3188.725347230087
2024-02-20,512698.38083227945,-0.0052430364458807555,243771.375047975,232572.52119330052,36354.484591003944,91391.16120545955,71002.69738296919,37033.876797278084,12374.12302934847,17594.44223629839,3176.220541946832
2024-02-21,513933.7953884953,-0.002846037979303051,243785.8852488707,233791.26159120453,36356.648548420075,91448.83382591685,72071.07652854364,37218.308454635044,12274.043467008274,17594.44223629839,3184.5570788023356
2024-02-22,515218.15833769564,-0.0003540679727390694,243800.39631346884,235058.94938958358,36358.812634643196,91489.13517515209,72649.78189906313,37660.944432291755,12445.608431020039,17583.07142054895,3230.408031507605
2024-02-23,515643.66367532726,0.0,243814.9082418208,235467.77858382548,36360.97684968097,91604.48041606668,72716.55559566154,37734.71709523454,12624.32193519896,17548.958973300632,3238.7445683631086
2024-02-26,513948.24278507865,-0.0032879699871889434,243829.42103397805,233755.68055755954,36363.14119354107,91612.81862625328,71937.52913534683,36775.67247697834,12545.687993360234,17628.554683546707,3255.417642074115
2024-02-27,515340.26923309884,-0.0005883800453707622,243843.934689992,235131.02887687567,36365.305666231165,91639.22295851084,72850.10298885834,37033.876797278084,12588.579234363175,17609.603323964307,3409.6435739009294
2024-02-28,514271.6366512963,-0.0026608045840254,243858.44920991402,234045.71717362336,36367.470267758916,91646.86631784854,72048.8186296775,36738.78614550694,12745.847118040625,17605.813052047826,3259.5859105018667
2024-02-29,515984.557540062,0.0,243872.96459379556,235741.95794813446,36369.634998131995,91682.30371114159,73273.00306731489,37033.876797278084,12667.213176201902,17613.39359588079,3472.167600317205
2024-03-01,516743.258397768,0.0,233887.48084168808,246483.97769872184,36371.79985735807,94131.61342901105,78431.08770883363,38726.63946638887,13099.539881682673,18353.26361168215,3741.8336011234683
2024-03-04,517217.37273480016,0.0,233901.4027155477,246942.0051738076,36373.96484544482,94135.182689737,78360.19489077803,38919.501216719495,13195.156961111015,18581.35216738765,3750.617248074462
2024-03-05,518458.035389727,0.0,233915.3254180903,248166.58000923676,36376.1299623999,94138.75195046295,79045.49213198206,39266.652367314615,13158.381161330883,18833.03609092475,3724.26630722148
2024-03-06,518302.27270984673,-0.00030043449854755266,233929.2489493652,247994.72855225057,36378.29520823099,94267.24533659719,78714.65898105597,39266.652367314615,13099.539881682673,18970.675736609104,3675.9562489910127
2024-03-07,518191.9561132552,-0.0005132127545709464,233943.1733094217,247868.32222088773,36380.460582945765,94350.05218543924,78265.67113337056,39382.36941751298,13062.764081902542,19210.561976230405,3596.903426432066
2024-03-08,518886.58619920263,0.0,233957.09849830915,248546.8616143416,36382.62608655189,94312.21802174416,78501.9805268892,39613.80351790973,13239.287920847171,19194.831731009337,3684.7398959420066
2024-03-11,519772.4606105991,0.0,233971.0245160769,249416.64437546514,36384.791719057044,94251.54058940298,79636.26561577863,39343.79706744686,13195.156961111015,19265.617834504148,3724.26630722148
2024-03-12,518746.5250494358,-0.001973816696556163,233984.95136277427,248374.61620619264,36386.95748046889,94160.88136696383,79754.42031253793,38379.48831579375,13151.026001374858,19186.9666083988,3741.8336011234683
2024-03-13,518077.4673375909,-0.003261029395472459,233998.87903845063,247689.46492834517,36389.1233707951,94134.46883759179,79258.1705861488,38302.3436156615,13114.250201594727,19151.573556651398,3728.6581306969774
2024-03-14,517827.75487748056,-0.003741455887897538,234012.8075431553,247423.65794428188,36391.28939004336,94082.35763099289,78950.96837457459,38418.06066585988,13121.605361550754,19179.10148578827,3671.564425515516
2024-03-15,518183.45444778714,-0.003057118803380332,234026.73687693762,247763.26203262818,36393.455538221344,94141.60735904369,79163.64682874136,38456.633015926,13055.408921946517,19265.61783450415,3680.3480724665105
2024-03-18,519045.8673569358,-0.0013979064085267723,234040.66703984694,248609.57850175214,36395.621815336715,94229.41117290208,79896.2059486491,38495.20536599212,13099.539881682675,19112.24794359873,3776.968188927445
2024-03-19,518383.7533357203,-0.0026717600106158645,234054.59803193263,247931.36708239053,36397.78822139715,94305.07950029227,79352.69434355626,38340.915965727625,13048.053761990492,19151.5735566514,3733.049954172475
2024-03-20,518833.2706844108,-0.0018069251400602004,234068.52985324405,248364.7860747564,36399.954756410334,94287.9470488077,79423.58716161184,38572.35006612437,13165.736321286911,19190.899169704073,3724.266307221481
2024-03-21,519696.4596150061,-0.00014621974296924467,234082.46250383055,249211.87569079164,36402.121420383926,94305.07950029227,79376.3252829081,38803.784166521116,13430.522079703856,19576.29017762026,3719.874483745984
2024-03-22,518726.23452487984,-0.00201285401787199,234096.3959837415,248225.55032781273,36404.28821332561,94328.63662108353,78643.76616300034,38610.92241619049,13511.428839220143,19450.44821585171,3680.3480724665105
2024-03-25,518183.6414718317,-0.0030567589843081278,234110.33029302626,247666.85604356235,36406.45513524307,94282.95008379137,78194.77831531495,38688.06711632274,13423.166919747828,19489.773828904385,3588.119779481073
2024-03-26,518534.4420601891,-0.0023818471431819033,234124.26543173418,248001.55444231097,36408.62218614398,94272.2423016135,78454.71864818543,38726.639466388864,13474.65303944001,19529.099441957056,3544.2015447261033
2024-03-27,517523.74758529465,-0.004326341227587904,234138.20139991463,246974.756819344,36410.789366036006,94310.79031745378,77556.74295281463,38495.205365992115,13562.914958912326,19623.480913283467,3425.6223108876834
2024-03-28,518389.89633823466,-0.0026599413726927645,234152.138197617,247824.80146569083,36412.95667492684,94299.36868313074,77958.4689217963,38572.35006612436,13739.438797856956,19776.85080418889,3478.3241925936477
2024-03-29,519774.70379908057,0.0,234166.07582489066,249193.50386136578,36415.12411282416,94405.01880061888,78336.56395142611,39150.93531711622,13651.17687838464,20158.30925079981,3491.499663020139
2024-04-01,521218.149175152,0.0,224110.49551926,260620.84321363136,36486.81044226064,97684.63288115514,84031.89108634248,40764.8662270916,14068.364146181428,20272.35352865256,3798.735344208153
2024-04-02,521187.9572807073,-5.792563918294302e-05,224123.83542970757,260575.13957478417,36488.98227621554,97720.10020947164,83732.93386931428,41086.165665334694,14015.10370863504,20288.083773873626,3732.7523481549097
2024-04-03,521293.9219088536,0.0,224137.17613419742,260665.5915352099,36491.15423944627,97821.32987570831,83384.15044944805,41487.78996313855,13710.758351227114,20571.228187852867,3690.3347078349675
2024-04-08,521248.90023956867,-8.636522965788096e-05,224150.51763277684,260605.05627483135,36493.32633196052,97944.72662214279,82661.67050829658,41608.27725247972,13748.801520903105,21054.933228400736,3586.647142608442
2024-04-09,521077.932905928,-0.00041433247894906433,224163.85992549307,260418.57442666893,36495.49855376599,98037.08945630031,82512.19189978248,41327.14024401701,13794.453324514294,21113.921647979743,3633.7778540750446
2024-04-10,520439.70690086554,-0.0016386437134354725,224177.2030123934,259764.83298360178,36497.67090487038,98047.43409372594,81864.45126288806,41367.3026737974,13771.6274227087,21188.64031277982,3525.377217701859
2024-04-11,520601.0887844893,-0.0013290642672895148,224190.54689352508,259910.6985056828,36499.84338528138,98065.90666055745,81789.71195863101,41889.41426094241,13604.23747613434,21031.33786056913,3530.090288848519
2024-04-12,520666.71263167297,-0.0012031778058795295,224203.89156893542,259960.80506773086,36502.015995006695,98195.214628378,81092.14511889855,41768.92697160126,13710.758351227112,21644.817424190813,3548.94257343516
2024-04-15,522989.87009592785,0.0,224217.23703867165,262268.4443232022,36504.18873405402,98181.17547758606,82910.80152248676,42692.66285655013,13566.194306458345,21302.684590632565,3614.925569488403
2024-04-16,521783.58161233,-0.0023065236108236187,224230.5833027811,261046.63670711784,36506.36160243105,98127.23558243806,82113.58227707823,42612.33799698936,13246.631681180022,21440.324236316916,3506.5249331152177
2024-04-17,523928.4755591088,0.0,224243.93036131104,263176.01059765223,36508.534600145475,98153.09717600216,83259.58494235299,43455.749022377466,13193.371243633634,21475.717288064323,3638.4909252217044
2024-04-18,524045.45181639405,0.0,224257.27821430872,263277.4658748803,36510.70772720501,98231.42085936775,83409.06355086708,43455.749022377466,13162.93670789284,21412.796307180048,3605.4994271950827
2024-04-19,523338.1067491723,-0.0013497780865572295,224270.62686182148,262554.5989037335,36512.88098361734,98296.44429461467,82711.49671113462,43536.07388193824,13003.15539525368,21515.042901116994,3492.385719675237
2024-04-22,522002.13111977547,-0.003899128767430815,224283.97630389658,261203.1004464887,36515.05436939017,98356.29541114875,82537.10500120152,42652.50042676975,13056.415832800065,21094.2588414534,3506.524933115217
2024-04-23,520445.9731978995,-0.006868638218342271,224297.32654058133,259631.41877278703,36517.2278845312,98496.68691906819,81914.2774657261,42009.901550283575,13147.719440022443,20575.160749158127,3487.6726485285762
2024-04-24,520995.92990196333,-0.0058191935525072624,224310.67757192304,260165.85080099214,36519.40152904814,98231.42085936775,82263.06088559233,41889.414260942416,13436.847529559973,20791.451620947824,3553.6556445818196
2024-04-25,521486.03051199135,-0.004883968166370822,224324.029397969,260640.4258110737,36521.57530294868,98301.61661332747,82512.1918997825,42250.876128965894,13231.414413309622,20795.384182253092,3548.9425734351594
2024-04-26,522373.0562662185,-0.0031913177461589948,224337.38201876648,261511.92504121148,36523.74920624052,98136.10241451718,83757.84697073334,41728.76454182087,13284.674850856007,20956.619195769046,3647.9170675150244
2024-04-29,522990.1958493535,-0.002013672599166627,224350.73543436284,262113.5371760593,36525.92323893137,97722.31691749144,84829.11033175104,41608.27725247972,13345.543922337592,20818.979550084692,3789.3092019148316
2024-04-30,522948.068102017,-0.0020940620905560703,224364.08964480535,262055.88105618273,36528.09740102892,98005.31664135012,84380.67450620876,41768.926971601264,13375.978458078383,20787.519059642556,3737.465419301569
2024-05-06,524545.2469890227,0.0,214188.00905345066,273637.5306463405,36719.70728923159,101283.82919290802,89557.72913364487,43482.67809891441,13852.830078069663,21439.94007643616,4020.524066367406
2024-05-07,524954.1743619335,0.0,214200.75833970384,274031.52303613554,36721.89298609405,101410.38699672047,89609.84302898013,43524.208832533244,13994.587293194876,21497.069722623848,3995.427162082965
2024-05-08,524405.7403460789,-0.0010447274117235672,214213.5083848431,273468.15314817824,36724.0788130575,101428.68451052469,88854.19154661887,43731.86250062739,14049.715099076904,21468.504899530006,3935.194591800307
2024-05-09,525585.2946248585,0.0,214226.25918891362,274632.7706658153,36726.26477012971,101337.95933791214,89766.18471498592,44064.10836957802,14010.338094875455,21423.617320382535,4030.562828081182
2024-05-10,526409.5216212673,0.0,214239.01075196057,275442.0600119883,36728.45085731841,101319.66182410793,89818.29861032119,44271.76203767217,14167.84611168125,21909.21931297787,3955.27211522786
2024-05-13,526592.5055327653,0.0,214251.76307402912,275610.1053841049,36730.63707463134,101429.4469069332,89740.12776731829,44520.946439385145,14230.849318403569,21778.637264548874,3910.0976875158663
2024-05-14,526309.5145593955,-0.0005374003055427234,214264.51615516449,275312.17498215474,36732.82342207626,101486.62663757135,89583.78608131252,44354.82350490983,14230.849318403569,21745.991752441623,3910.0976875158663
2024-05-15,525819.8586694554,-0.001467257614173989,214277.2699954118,274807.5787743827,36735.00989966091,101485.86424116284,88906.30544195413,44271.76203767217,14380.481934369074,21913.300001991276,3849.8651172332084
2024-05-16,526567.5727303507,-4.734743117817963e-05,214290.0245948163,275540.3516281413,36737.19650739303,101437.07087101828,89218.9888139657,44354.82350490983,14569.491554536027,22105.092385621367,3854.8844980900967
2024-05-17,527869.9676674777,0.0,214302.77995342313,276827.80446877424,36739.383245280376,101361.59362657591,90287.32366833853,44645.538640241626,14522.23914949429,22101.011696607962,3910.0976875158667
2024-05-20,529193.3403374351,0.0,214315.5360712775,278136.234152827,36741.57011333069,101485.10184475435,90495.77924967957,45143.90744366757,14443.485141091393,22647.824024404392,3920.136449229643
2024-05-21,528616.4667523508,-0.001090099857863902,214328.29294842458,277544.41669237445,36743.75711155172,101431.73409615872,90183.095877668,45226.96891090523,14451.360541931683,22366.256482479366,3885.000783231426
2024-05-22,528978.3990667885,-0.00040616775432134045,214341.0505849096,277891.4042419277,36745.94423995122,101475.95308785223,90391.55145900906,45185.4381772864,14522.23914949429,22411.144061626837,3905.0783066589784
2024-05-23,527057.4729730298,-0.0040360813366309145,214353.80898077774,275955.53249371523,36748.13149853693,101547.61835025207,89427.44439530675,44687.069373860446,14561.616153695737,21896.977245937655,3834.8069746625442
2024-05-24,525470.0544251419,-0.007035776205949862,214366.5681360742,274353.16740175104,36750.31888731661,101549.9055394776,88359.10954093392,44687.069373860446,14317.478727646754,21705.184862307564,3734.4193575247814
2024-05-27,527363.916156769,-0.0034570052969669085,214379.3280508442,276232.08169962687,36752.506406297995,101523.9840615883,89140.81797096283,45476.153312618204,14443.48514109139,21782.71795356228,3864.923259803873
2024-05-28,526640.0026092964,-0.004824961943985628,214392.08872513293,275493.21982867457,36754.69405548884,101581.92618863497,88541.50817460734,45268.49964452406,14474.98674445255,21766.395197508653,3859.9038789469846
2024-05-29,526874.9114523674,-0.0043810620964908065,214404.85015898562,275713.1794584849,36756.88183489691,101636.81873004761,88567.56512227497,45351.561111761715,14404.108136889941,21913.300001991276,3839.826355519432
2024-05-30,525879.6134327269,-0.0062618454393156275,214417.61235244747,274702.9313357495,36759.06974452994,101677.22573969858,88202.76785492814,44977.78450919225,14222.973917563279,21697.023484280748,3925.1558300865304
2024-05-31,525689.1892999653,-0.006621683929800559,214430.37530556368,274497.556210006,36761.25778439568,101659.69062230288,87837.97058758132,45060.84597642991,14230.849318403567,21803.121398629308,3905.078306658978
2024-06-03,525438.2461124645,-0.0070958833733173465,204424.36774500884,284231.66113958316,36782.21722787253,104906.17554725456,91960.78994519603,45845.05385529503,14902.998998243269,22391.671496897066,4224.971296697228
2024-06-04,526619.2065406891,-0.004864259620320777,204436.53586213652,285398.264032988,36784.40664556466,104931.32455442254,92641.77920723094,46059.08305163162,14927.363574262197,22603.07322930735,4235.640416133333
2024-06-05,525621.2880830254,-0.006749994722405339,204448.70470355687,284385.9871858892,36786.59619357928,104961.97490690851,92287.66479097279,45374.18962335457,15000.457302318975,22510.056467046823,4251.644095287489
2024-06-06,526385.413897768,-0.005306050219522129,204460.87426931303,285135.7537565309,36788.785871924134,104941.54133858455,92287.66479097279,45631.02465895847,15211.61696114967,22822.93103101404,4240.974975851385
2024-06-07,526269.0130491327,-0.005526009239719132,204473.0445594481,285004.99280907755,36790.975680606985,104980.05075581052,91661.15466990067,46016.27721236431,15284.710689206446,22827.159065662247,4235.640416133333
2024-06-11,524278.2138112468,-0.009287959903377163,204485.2155740052,282999.832617606,36793.16561963559,104980.05075581052,90980.16540786574,45160.160427017996,15341.561366583941,22142.21745265293,4395.677207674894
2024-06-12,524770.2026297271,-0.008358264117397374,204497.38731302746,283477.4596276819,36795.35568901771,104965.90443927853,90871.20712594016,45631.02465895848,15365.925942602866,22269.0584920991,4374.3389688026855
2024-06-13,524159.001906779,-0.009513230887308599,204509.559776558,282851.8962414599,36797.54588876111,104976.1212234405,90517.092709682,45160.160427018,15503.991873376784,22277.51456139551,4417.015446547102
2024-06-14,524806.8016264616,-0.008289104145143944,204521.73296463993,283485.3324429481,36799.736218873535,104992.62525939448,91061.88411930992,45288.577944819954,15455.262721338931,22285.970630691918,4401.011767392946
2024-06-17,524037.581753085,-0.00974267473030288,204533.9068773164,282701.7481964058,36801.926679362754,105037.42192841243,90789.48841449597,44689.296195077535,15374.047467942512,22319.79490787756,4491.69928259983
2024-06-18,524597.9776554878,-0.008683712230802332,204546.08151463052,283247.7788706208,36804.11727023652,105066.5004679504,91089.12368979132,44817.71371287948,15447.14119599929,22340.935081118587,4486.364722881778
2024-06-19,524637.4226440937,-0.008609174277280918,204558.25687662544,283272.8577759657,36806.30799150261,105087.7199427484,90816.72798497735,44988.93706994874,15463.384246678574,22429.723808730905,4486.364722881778
2024-06-20,524410.7429509587,-0.00903752375913669,204570.43296334427,283031.81114444556,36808.49884316877,105178.0991872583,90190.21786390521,44946.13123068143,15601.450177452489,22624.213402548365,4491.69928259983
2024-06-21,524277.63420262403,-0.009289055171549654,204582.60977483017,282884.33460255107,36810.68982524276,105123.87164055236,90026.78044101683,44946.13123068143,15544.599500074992,22729.914268753506,4513.037521472039
2024-06-24,522781.4212459241,-0.012116401705702828,204594.78731112627,281373.7529970655,36812.88093773236,105189.1018778943,89563.70774283308,44346.84948093901,15512.113398716423,22366.30328900782,4395.677207674894
2024-06-25,522363.93424645293,-0.012905313749087433,204606.96557227575,280941.8964935319,36815.07218064532,105222.10994980227,88991.67676272376,44603.68451654291,15487.748822697498,22417.03970478629,4219.636736979176
2024-06-26,523419.06808935,-0.010911460534259954,204619.1445583217,281982.6599770389,36817.26355398941,105300.70059720219,89563.70774283308,44817.71371287948,15698.908481528193,22285.970630691918,4315.6588119041135
2024-06-27,522924.42415693676,-0.011846173605474797,204631.3242693073,281473.64482985705,36819.455057772386,105411.51341003607,89046.15590368655,44774.90787361217,15820.731361622822,22163.357625893954,4256.9786550055405
2024-06-28,524186.06770066475,-0.009462085508441076,204643.50470527573,282720.91630338697,36821.64669200202,105486.96043153999,89236.83289705632,45331.383784087266,16007.52644443459,22395.899531545263,4262.313214723593
2024-07-01,525160.0056380657,-0.007621665640761055,194655.6858662701,293680.48131510953,36823.83845668606,107965.85852083791,94217.30873061012,47642.76923526047,16323.142644857333,23068.136003461277,4463.266180082379
2024-07-02,525203.3594681036,-0.007539741272608147,194667.2725142383,293710.05660203303,36826.03035183229,108064.96424687709,94074.12133132349,47731.16027280269,16356.336630917032,23098.609102541144,4384.865017571521
2024-07-03,525127.7551116579,-0.007682608445497174,194678.85985188797,293620.67288232147,36828.222377448474,108235.78062021288,93902.29645217952,47200.81404754933,16588.69453333493,23246.621298071943,4446.465930972909
2024-07-04,524335.4367535918,-0.009179827510198413,194690.44787926011,292814.5743407893,36830.41453354237,108176.96177467743,93472.73425431958,47024.03197246487,16406.12761000658,23355.45379478576,4379.264934535031
2024-07-05,523664.43244076567,-0.01044780324171124,194702.03659639577,292129.78902424814,36832.60682012174,108091.55358800953,92985.89709674502,46714.66334106708,16538.90355424538,23425.106592682605,4373.664851498541
2024-07-08,522617.65609115246,-0.012425863564514583,194713.62600333604,291069.23085062206,36834.79923719437,107876.42164611962,92298.59758016914,46493.685747211515,16588.69453333493,23438.166492288263,4373.664851498541
2024-07-09,524459.465723265,-0.008945453869755204,194725.21610012196,292897.25783837494,36836.99178476801,108011.78556461215,93358.18433489029,47068.227491235986,16563.799043790154,23342.3938951801,4552.867508666214
2024-07-10,523440.818840133,-0.01087035882506393,194736.8068867946,291864.827490488,36839.18446285044,108081.07899907854,93129.08449603166,46140.121597042606,16472.51558212598,23494.75939057945,4547.267425629725
2024-07-11,525144.2161684878,-0.0076515025044825435,194748.398363395,293554.44053364336,36841.37727144942,108075.43883580802,94446.40856946878,46228.51263458483,16630.187015909552,23581.825387950506,4592.068089921642
2024-07-12,525475.282386299,-0.00702589709229029,194759.99052996427,293871.721645762,36843.57021057272,108162.45849769608,94732.78336804206,46272.70815335595,16381.232120461804,23708.07108413854,4614.468422067602
2024-07-15,526610.0964224973,-0.0048814747239461775,194771.58338654344,294992.74975572573,36845.76328022811,108204.35685341997,94933.24572704337,46714.66334106708,16796.156946208048,23690.65788466433,4653.669003323031
2024-07-16,527604.0862237157,-0.003003163480300164,194783.17693317358,295972.9528101188,36847.95648042336,108203.5511158099,95649.18272347657,46537.88126598262,16829.35093226775,23964.915776383157,4788.070996198786
2024-07-17,527993.4177206116,-0.00226745600399747,194794.7711698958,296348.49673954956,36850.149811166244,108229.33471933227,95792.37012276323,46272.70815335594,17036.813345140872,24274.0000670504,4743.270331906868
2024-07-18,528534.7193759198,-0.001244575302280615,194806.36609675115,296876.01000670413,36852.343272464524,108196.29947731922,96393.75719976712,46449.49022844039,16821.052435752827,24260.940167444747,4754.470497979847
2024-07-19,527997.1197789549,-0.0022604603408604707,194817.9617137807,296324.62120084825,36854.53686432598,108270.4273374461,97052.41923648566,46095.92607827148,16422.72460303643,23616.651786898932,4866.472158709643
2024-07-22,526775.8588963458,-0.004568238594136131,194829.55802102556,295089.57028856187,36856.73058675838,108504.89698197781,96221.93232062313,45653.97089056034,16231.859183193155,23599.238587424723,4877.672324782622
2024-07-23,524596.392857141,-0.008686706974360137,194841.1550185268,292896.3133988447,36858.92443976949,108621.72893543864,94217.30873061017,45477.188815475885,16455.918589096127,23481.699490973795,4642.46883725005
2024-07-24,524115.9775425112,-0.009594532674365164,194852.75270632553,292402.1064128186,36861.118423367094,108623.34041065878,93587.28417374894,45477.188815475885,16331.441141372252,23790.783781641043,4592.068089921641
2024-07-25,522233.58724853676,-0.013151626368654856,194864.3510844628,290505.92362651497,36863.31253755896,108639.45516286028,93014.53457660238,45256.21122162032,15858.426840021531,23190.028399780756,4547.267425629723
2024-07-26,522643.01955100393,-0.012377935032694243,194875.95015297973,290901.5626156713,36865.50678235286,108686.99368185467,93444.09677446229,44902.64707145141,15991.20278426033,23290.154296757468,4586.468006885152
2024-07-29,522742.61299281986,-0.012189736440186505,194887.5499119174,290987.3619231459,36867.70115775657,108668.46171682296,92871.34717731572,45123.624665306976,16364.635127431951,23451.226391893924,4508.066844374295
2024-07-30,521758.18539481366,-0.014049978289372489,194899.15036131692,289989.13936971885,36869.89566377787,108684.57646902444,92212.68514059718,44770.060515138066,16281.650162282704,23481.699490973795,4558.4675917027025
2024-07-31,524776.0365094015,-0.008347240018585556,194910.75150121938,292993.1947077577,36872.09030042452,108762.73301720168,94417.77108961146,45256.211221620324,16165.471211073755,23664.538085453012,4726.470082797397
2024-08-01,524696.8978550995,-0.008496785842899146,184922.3533316659,302900.2594557294,36874.2850677043,111591.05722261367,98215.51526451365,46923.63663776923,16714.291876550826,24497.971736862797,4957.786717419156
2024-08-02,523166.88089592813,-0.01138801073661333,184933.36061460228,301357.04031570087,36876.479965624996,111756.94426387238,97134.90446086988,46832.07832237846,16205.74344217301,24609.732556830237,4817.637269576919
2024-08-05,519685.67947332456,-0.017966327501491408,184944.3685527341,297862.6359263961,36878.67499419438,111799.03500568432,95964.24275692242,46374.286745424615,15129.315922739972,23988.34239781127,4607.413097813563
2024-08-06,519275.8631158491,-0.01874074457411401,184955.3771461003,297439.6158163286,36880.87015342022,111634.79858175154,95964.24275692242,46099.61179925231,15290.356260292945,23813.995518662065,4636.6108994473625
2024-08-07,519584.0140578137,-0.018158441437479467,184966.38639473994,297734.5622197634,36883.065443310305,111792.43253638048,95754.12398954724,46328.50758772923,15349.686910970357,23925.756338629504,4584.054856506524
2024-08-08,519520.64790555043,-0.01827818246109636,184977.396298692,297657.990742986,36885.260863872405,111693.39549682304,95874.19185661877,46328.50758772923,15247.977224094793,23912.34504023341,4601.573537486804
2024-08-09,519627.7660297863,-0.018075764713043063,184988.4068579955,297751.90275667654,36887.4564151143,111540.71339417197,95513.98825540417,46420.065903120005,15553.10628472148,24122.455381772194,4601.573537486804
2024-08-12,519516.72522848204,-0.01828559502049454,184999.4180726894,297627.65505874885,36889.65209704377,111027.37140579922,95393.92038833264,46557.40337620615,15765.001465712237,24305.743126518795,4578.215296179764
2024-08-13,520580.8953976445,-0.016274666144322603,185010.42994281277,298678.61754516314,36891.84790966859,111361.62141430558,95544.00522217205,46694.74084929231,15993.848261182253,24471.149140070607,4613.252658140324
2024-08-14,519987.2841303366,-0.017396394673501292,185021.4424684046,298071.79780893546,36894.04385299655,111466.43561450389,94823.59801974286,46557.40337620615,16290.50151456931,24390.681349694052,4543.177934219205
2024-08-15,521769.69920031494,-0.014028221013489328,185032.4556495039,299841.0036237756,36896.239927035414,111354.19363633876,95964.24275692242,47106.75326855076,16510.8725027997,24332.565723310978,4572.375735853005
2024-08-16,522263.11014926387,-0.01309583787232138,185043.46948614973,300321.2045313212,36898.43613179297,111335.21153709026,96024.2766904582,47289.8698993323,16739.719298269716,24377.270051297954,4554.857054872725
2024-08-19,523270.3785834507,-0.011192434413871744,185054.48397838103,301315.26213779266,36900.632467277006,111383.904748206,96294.42939136915,47976.557264763076,16460.017659361918,24645.49601921981,4554.857054872725
2024-08-20,522506.49416922475,-0.01263592274979608,185065.4991262369,300538.1661094926,36902.82893349529,111365.74795762048,95814.15792308302,47564.544845504606,16663.437033113045,24645.49601921981,4484.782330951606
2024-08-21,521536.96891318046,-0.014468004112396127,185076.5149297563,299555.42845296854,36905.02553045562,111244.42758416261,95363.90342156477,47060.974110855386,16671.912840352677,24752.786406388554,4461.424089644566
2024-08-22,521540.5549487988,-0.014461227693751022,185087.5313889783,299545.8013016547,36907.22225816576,111472.21277514473,95093.75072065383,47198.31158394154,16705.8160693112,24690.200347206788,4385.509805396688
2024-08-23,521926.48722538416,-0.013731943617085851,185098.5485039419,299918.51960480877,36909.41911663351,111638.09981640345,95513.98825540418,47152.53242624616,16646.485418633787,24605.262124031535,4362.151564089648
2024-08-26,522276.12562300777,-0.013071242941221972,185109.5662746862,300254.94324245496,36911.61610586664,111639.7504337294,95544.00522217205,47198.31158394153,16765.14671998861,24757.256839187256,4350.472443436128
2024-08-27,521891.4934459124,-0.013798070260798823,185120.58470125016,299857.09551878925,36913.81322587294,111565.4726540613,95033.71678711804,47472.98653011384,16765.14671998861,24739.375107992462,4280.397719515009
2024-08-28,521201.05212818715,-0.01510277548873118,185131.60378367285,299153.4378678541,36916.010476660194,111602.61154389536,94433.37745176039,47198.31158394153,16926.187057541585,24712.552511200276,4280.397719515009
2024-08-29,519694.85117869754,-0.01794899601850808,185142.62352199332,297634.019798468,36918.20785823619,111541.53870283492,94133.20778408156,46145.39095694769,16731.243491030087,24743.845540791164,4338.793322782608
2024-08-30,520922.8900086313,-0.01562840969149437,185153.64391625058,298848.84072177205,36920.4053706087,111506.87573898981,95483.97128863631,45916.49516847076,16765.146719988606,24685.729914408097,4490.621891278365
2024-09-02,519391.25309599383,-0.018522695760288865,175164.66496648366,307303.9851157247,36922.60301378552,114365.880990523,98287.1327080639,47644.589001809436,17277.574270396388,25177.151242223383,4551.6569027085
2024-09-03,519483.2771852509,-0.018348800735082382,175175.09143463642,307383.38496284,36924.80078777443,114520.41772433565,98665.03901773924,47123.62431093478,17268.931161706845,25223.002910848816,4582.369837274684
2024-09-04,517886.4820605497,-0.021366214226497426,175185.5185234123,305773.9648445542,36926.99869258323,114560.95194959799,98003.70297580738,47028.90345804847,16586.125575232953,25048.76657007218,4545.5143157952625
2024-09-05,518309.2057014863,-0.02056740666654766,175195.94623284822,306184.0627404184,36929.19672821969,114633.57576985964,98224.148323118,46886.82217871902,16672.556662128383,25227.588077711356,4539.371728882025
2024-09-06,517007.8036065708,-0.02302662524644461,175206.37456298113,304870.0341488981,36931.39489469161,114671.5766060431,97342.36693387553,46507.938767173815,16586.125575232953,25296.365580649504,4465.660685923183
2024-09-09,514704.1493973832,-0.027379768102926305,175216.80351384796,302553.75269152847,36933.593192006774,114733.22240696289,96051.18704248474,45750.171944083406,16465.12205357935,25112.958906147785,4441.090338270236
2024-09-10,514979.274902369,-0.026859872095145176,175227.2330854857,302816.25019671035,36935.79162017297,114832.86904406614,96051.18704248474,45797.532370526555,16378.69096668392,25278.02491319933,4477.945859749657
2024-09-11,514006.0868578125,-0.028698874913918315,175237.66327793125,301830.4334006833,36937.99017919798,115007.67289050994,95830.74169517413,44708.24256233409,16413.26340144209,25410.994752213075,4459.518099009946
2024-09-12,513910.6893595384,-0.028879144563973336,175248.0940912216,301722.40639922715,36940.188869089594,114826.11333985574,95484.32757797172,44945.04469454984,16689.842879507465,25360.5579167251,4416.519990617288
2024-09-13,513858.3572550081,-0.028978034894862503,175258.5255253937,301657.44403975876,36942.38768985561,114989.93916695766,95011.94469087753,44802.963415220394,16776.273966402896,25727.37126572854,4348.951534571683
2024-09-18,514915.21926679066,-0.026980916013682577,175268.95758048448,302701.67504480237,36944.58664150382,115018.65090985181,95326.866615607,45560.7302383108,16758.98774902381,25718.200932003456,4318.2386000054985
2024-09-19,515849.2114578637,-0.025215980365630997,175279.39025653093,303623.0354772908,36946.785724042005,114863.26971301285,96177.15581237651,45560.7302383108,16983.708574951925,25676.934430240566,4361.236708398157
2024-09-20,516429.38022162113,-0.024119653712337263,175289.82355357,304190.57173057314,36948.98493747796,114946.87155261642,96460.58554463304,45466.0093854245,17026.92411839964,25965.79994258078,4324.381186918736
2024-09-23,517477.2615468056,-0.02213950535197373,175300.25747163864,305225.8197933475,36951.18428181947,114972.20544340537,96744.01527688955,45986.97407629916,17061.49655315781,26185.88795198284,4275.240491612841
2024-09-24,523973.2108235559,-0.009864314449895883,175310.69201077387,311709.13505570765,36953.38375707434,114843.84706340797,101278.89099299375,48070.83283979778,16940.493031504207,26121.69561590724,4453.37551209671
2024-09-25,526596.424422149,-0.004907310272707299,175321.1271710126,314319.71388788597,36955.583363250356,115118.29754695503,102759.02403922219,48828.599662888184,16810.846401161063,26318.85779099659,4484.088446662894
2024-09-26,533487.508509846,0.0,175331.56295239183,321198.1624570989,36957.78310035531,115027.94000314108,107986.72798973118,50296.77288262585,16836.77572722969,26369.294626484567,4680.651227886473
2024-09-27,540112.0982546378,0.0,175341.99935494852,327810.11593129224,36959.982968396995,114538.1514478879,115198.44006603578,50296.77288262585,16586.125575232945,26172.13245139522,5018.4935081144995
2024-09-30,554676.8340505349,0.0,175352.43637871963,342362.21470443206,36962.18296738321,114144.63167763276,126661.59812618807,53375.20060143063,16491.05137964797,26167.547284532677,5522.185634999921
2024-10-08,561424.6620312664,0.0,163025.99077887525,359097.4049102025,39301.26634218865,118851.26498330747,134382.5378227509,55175.66714286535,17036.746312574185,27278.95610548141,6372.232543223125
2024-10-09,545528.4629134109,-0.02831403782716302,163035.6947068978,343189.16250323266,39303.605703280446,119097.56277854696,121907.12964591851,50923.95198649745,17324.74202414438,26925.675959908145,7010.100108217149
2024-10-10,550407.8579356901,-0.01962294291760691,163045.39921253512,348056.513519535,39305.94520361993,119386.08305297035,123954.37611596282,53243.06934451631,17603.737869728,27097.54197667352,6771.705159684027
2024-10-11,546011.1829524585,-0.027454225154700196,163055.10429582157,343647.79381342157,39308.284843215384,119449.41677174623,120467.65947166864,52276.77044534179,17702.736395580254,27398.30750601292,6352.903223071789
2024-10-14,550204.961028991,-0.019984339415518027,163064.80995679155,347829.52645012434,39310.6246220751,119430.06480212028,122482.91771561849,53774.5337390623,17891.73358129819,27684.75086728854,6565.525744736463
2024-10-15,546017.414894195,-0.027443124926730178,163074.51619547946,343629.9341585082,39312.964540207366,119461.73166150822,118996.2010713243,52614.97506005287,18422.725674505735,27684.75086728854,6449.549823828458
2024-10-16,546208.6164174855,-0.02710256004559597,163084.22301191968,343809.0888079454,39315.304597620474,119478.4447261852,118196.49541896324,53532.95901426868,18215.72875681466,28090.545629095664,6294.915262617786
2024-10-17,544739.3440059682,-0.02971960292041631,163093.93040614657,342327.76880549884,39317.64479432271,119643.81610298884,116821.00169690224,52953.17967476396,18404.725942532597,28190.80080554213,6314.244582769119
2024-10-18,550460.4059002053,-0.01952934538249851,163103.63837819453,348036.7823916883,39319.98513032237,119508.35231560713,121715.20028935187,53243.06934451632,18242.72835477437,28381.76304639254,6945.669041046031
2024-10-21,550534.0241494011,-0.01939821781690587,163113.346928098,348098.3516156754,39322.325605627746,119492.51888591317,121715.20028935187,52759.91989492905,18161.729560895248,28739.81724798706,7229.165736598931
2024-10-22,551102.8794864243,-0.01838498242577613,163123.05605589133,348655.15721028583,39324.66622024713,119321.86969921154,122482.91771561846,52953.17967476395,18053.731169056427,28730.269135944538,7113.1898156909265
2024-10-23,551433.0513826157,-0.017796885894717285,163132.76576160893,348973.278646818,39327.00697418881,119199.6004365748,122962.7411070351,52904.86472980522,17990.732107150452,28911.68326475243,7003.6570015000325
2024-10-24,549444.9010989831,-0.021338145155468946,163142.4760452852,346973.07718623686,39329.34786746108,119247.1007256567,121555.25915887963,52614.97506005286,17918.733179257903,28620.465847455554,7016.543214934255
2024-10-25,550343.2930620897,-0.01973794476552493,163152.18690695456,347859.4172550629,39331.68890007224,119236.54510586071,122482.91771561846,52518.345170135406,17918.733179257903,28634.788015519334,7068.088068671145
2024-10-28,550934.4731014576,-0.01868494499663531,163161.8983466514,348438.5446827757,39334.030072030575,119260.29525040166,122674.84707218509,52614.97506005286,18107.73036497584,28725.495079923283,7055.201855236923
2024-10-29,549405.9774244888,-0.021407475338353188,163171.61036441012,346897.9956767342,39336.37138334438,119380.8052430724,121619.2356110685,51841.935940713236,18044.731303069857,28968.971937007555,7042.3156418027
2024-10-30,548143.342873751,-0.023656458391875468,163181.32296026516,345623.3070794639,39338.712834021964,119418.62954734133,120275.73011510193,51503.731326002155,18179.729292868386,29312.703970538296,6932.782827611808
2024-10-31,547756.3314161266,-0.024345796577027845,163191.03613425087,345224.2408578041,39341.054424071604,119408.95356252835,120275.73011510193,51358.786491125975,17963.73250919074,29136.063897751665,7080.974282105368
2024-11-01,548068.6133875186,-0.023789565273860336,153200.74988640173,355524.4673476152,39343.396153501606,123577.89138464835,124165.4290099565,53581.68160858702,18272.17641524073,28887.81298464613,7039.475944536472
2024-11-04,550159.2460829002,-0.020065766095146653,153209.86897865686,357603.63908192306,39345.73802232026,123631.52000811277,125911.91726301587,54029.85552538747,18198.012330348836,28672.980463689415,7159.353491368692
2024-11-05,554594.9583232228,-0.012164951363791698,153218.9886137151,362027.8896789719,39348.08003053588,123620.61249147593,129371.94116058631,54677.217849654786,18179.471309125864,28672.980463689415,7505.666404439549
2024-11-06,554359.5816538851,-0.012584200259068479,153228.10879160877,361781.05068411963,39350.42217815675,123666.96943718249,128515.17333833077,54527.82654405463,18809.866030706973,28615.69179143429,7645.523542410472
2024-11-07,559662.4924363804,-0.003138746325304642,153237.22951237016,367072.49845881906,39352.76446519116,123776.04460355084,133029.6807094465,55473.97147952225,18958.194200490765,27975.968284585408,7858.639181223308
2024-11-08,557570.656376702,-0.006864688915909634,153246.3507760316,364969.1987090229,39355.106891647425,123824.21946869684,131250.23984783885,54727.0149515215,19125.063391497533,28157.382413393298,7885.278636074911
2024-11-11,558591.2962896071,-0.005046742569890017,153255.47258262543,365978.3742494478,39357.44945753383,123858.75993804682,131942.24462735292,54229.043932854336,19366.096667396192,28190.800805542123,8391.428278255396
2024-11-12,556317.4204922765,-0.009096931225841653,153264.5949321839,363693.033397234,39359.792162858685,124032.37124451641,130426.4246341316,53731.07291418717,19588.58892207188,27722.943315458615,8191.632366868363
2024-11-13,557293.9614068272,-0.0073575332609971955,153273.7178247394,364658.1085744575,39362.135007630284,124031.46228479667,131283.19245638716,54079.65262725419,19421.719731065117,27670.42869922475,8171.65277572966
2024-11-14,553963.938080065,-0.013288913821861814,153282.8412603242,361316.61882788385,39364.477991856926,124037.82500283483,128943.55724945856,53681.275812320455,19672.02351757526,27116.638200758553,7865.299044936209
2024-11-15,551050.6307992855,-0.018478046893143363,153291.96523897065,358391.8444447679,39366.82111554692,124126.903055369,126669.82725962656,53581.68160858702,19356.826156784708,27130.960368822336,7525.645995578251
2024-11-18,551687.9022252611,-0.017342949935218566,153301.08976071107,359017.6480858414,39369.164378708556,124058.73107638877,126109.63291430564,54527.82654405464,19486.613305345523,27489.014570416857,7345.829675329922
2024-11-19,553160.924407378,-0.0147192280331786,153310.21482557777,360479.20180045004,39371.50778135015,124030.55332507697,126768.68508527143,54577.623645921354,19523.695347791472,27966.420172542883,7612.224223845967
2024-11-20,553698.7548454946,-0.013761253661032535,153319.3404336031,361005.5630884116,39373.85132347999,124116.9044984519,127098.21117075434,54677.21784965479,19579.318411460394,27961.646116521628,7572.265041568559
2024-11-21,554247.385274239,-0.012784042530407547,153328.46658481937,361542.72368431324,39376.19500510639,124195.98399406893,127262.97421349576,54627.42074778807,19532.96585840296,28324.47437413741,7598.904496420164
2024-11-22,549133.3292045654,-0.021893111681681843,153337.59327925893,356417.1970990688,39378.538826237644,124219.61694678207,123308.66118770097,53183.30479365329,19727.646581244186,28692.076687774454,7285.890901913813
2024-11-25,548577.5425670437,-0.022883069328912375,153346.7205169541,355849.93926320755,39380.88278688206,124322.32939511226,122583.70379963859,53332.69609925343,20181.901601207046,28243.315421775987,7185.992946220295
2024-11-26,548027.1972428933,-0.023863335001886643,153355.84829793725,355288.12205790804,39383.226887047946,124297.78748267937,122320.08293125227,53432.29030298686,20218.98364365299,27899.583388245246,7119.394309091284
2024-11-27,551184.6310171413,-0.018239367998327816,153364.9766222407,358434.083268157,39385.571126743605,124244.15885921493,124429.04987834282,54029.85552538746,20209.713133041507,28162.15646941456,7359.149402755725
2024-11-28,550041.5603082189,-0.020275385982978955,153374.10548989679,357279.53931234486,39387.91550597734,124333.2369117491,123473.42423044241,53930.26132165403,20191.17211181853,28018.93478877675,7332.50994790412
2024-11-29,552074.3187133347,-0.016654671499647944,153383.23490093785,359300.82378763944,39390.26002475746,124403.2268101688,124890.38639801889,54029.85552538746,20228.25415426448,28276.73381392481,7472.367085875045
2024-12-02,553340.1422682642,-0.014400008246434948,143392.36485539624,370555.17272977566,39392.604683092264,129149.44157205972,128478.21759930435,55236.30199642004,20857.53418896394,29084.8659057678,7748.811467259853
2024-12-03,554453.9014894031,-0.012416199382197846,143400.90011520905,371658.051893204,39394.949480990064,129124.01999198295,128612.74976432981,55897.51003136797,21028.26434603595,29377.101445352324,7618.406314135021
2024-12-04,553984.8229796237,-0.013251713996184189,143409.43588307305,371178.0926780915,39397.29441845917,129237.94633232703,127906.45589794622,55999.23434443688,21028.26434603595,29367.195155874884,7638.996601470521
2024-12-05,553916.6462358271,-0.013373149245483495,143417.97215901848,371099.0345813008,39399.63949550789,129266.19253241236,127671.02460915167,55999.23434443688,21180.024485655515,29357.288866397437,7625.269743246854
2024-12-06,556203.6883317926,-0.009299509003726336,143426.50894307555,373375.19467657246,39401.98471214452,129225.70631229009,129352.67667196982,56711.30453591928,21132.599442024402,29238.413392668142,7714.4943217006885
2024-12-09,556358.8460062656,-0.009023144809265027,143435.04623527452,373519.4697026138,39404.330068377385,129237.00479232421,129251.77754820074,56914.7531620571,21123.114433298175,29401.867169045923,7590.9525976876885
2024-12-10,557811.9008994995,-0.006434988300470512,143443.58403564568,374961.64129963913,39406.67556421479,129647.51623356406,130294.40182714797,56914.7531620571,20933.41425877372,29525.695787513945,7645.860030582355
2024-12-11,558057.4184556019,-0.00599767663123596,143452.1223442192,375196.2749117176,39409.02119966504,129655.99009358964,129958.07141458434,57067.33963166047,21123.11443329818,29773.353024449978,7618.406314135022
2024-12-12,560000.7196589974,-0.0025363017846723457,143460.6611610254,377128.6915232355,39411.36697473645,129826.40883410435,131370.65914735157,57118.20178819492,21170.539476929294,29976.43195873752,7666.450317917855
2024-12-13,555990.5880322834,-0.009679079610294017,143469.20048609452,373107.6746567515,39413.71288943732,130289.64651550341,128108.25414548442,56151.82081404024,21284.359581643967,29723.821577062772,7549.772023016688
2024-12-16,556098.1613605298,-0.00948747183899079,143477.7403194568,373204.3620972971,39416.05894377598,130391.33283581052,127301.06115533171,57067.33963166046,21568.909843430647,29456.351761171853,7419.366869891853
2024-12-17,555597.6630474738,-0.010378950868866754,143486.28066114246,372692.9772485706,39418.405137760725,130203.02483524177,127671.02460915169,56660.44237938481,21379.20966890619,29421.67974800081,7357.596007885354
2024-12-18,556501.9659329412,-0.008768222045170915,143494.8215111818,373586.39295035956,39420.751471399875,130195.49251521904,128242.78631050987,57067.33963166046,21142.084450750623,29382.054590091044,7556.63545212852
2024-12-19,555293.9549885262,-0.010919910465918892,143503.36286960507,372367.49417421944,39423.097944701745,130237.861815347,128444.58455804802,56355.26944017807,20459.163822462582,29149.25678737117,7721.357750812522
2024-12-20,555108.251777406,-0.011250681847511435,143511.90473644255,372170.9024832888,39425.444557674644,130649.31479658968,128040.98806297168,55999.23434443687,20335.858709021686,29183.92880054222,7961.5777697266885
2024-12-23,556086.2344938163,-0.009508715769869003,143520.44711172447,373137.99607176497,39427.79131032689,130577.75775637357,128175.52022799714,56253.54512710916,20810.109145332826,29476.164340126736,7844.899474825523
2024-12-24,557919.2907512828,-0.006243707334303572,143528.98999548113,374960.16255313496,39430.138202666785,130476.07143606644,129756.2731670462,56711.30453591926,20734.229075523042,29327.569997965118,7954.714340614856
2024-12-25,558329.6937705381,-0.005512704499888721,143537.53338774276,375359.6751480927,39432.48523470266,130233.15411533277,129857.17229081529,57067.33963166047,20838.564171511494,29401.867169045927,7961.5777697266885
2024-12-26,558415.9141112159,-0.005359130304615989,143546.07728853964,375435.00441623334,39434.83240644282,130235.03719533846,129890.80533207164,56914.753162057095,20867.019197690166,29421.67974800081,8105.70978107519
2024-12-27,558559.4838472737,-0.005103406347747974,143554.62169790204,375567.68243147613,39437.17971789559,130509.02533616597,129689.00708453346,57118.20178819492,20781.65411915416,29446.445471694413,8023.34863173319
2024-12-30,559012.9732279435,-0.004295658823745274,143563.16661586025,376010.27944301395,39439.527169069275,130240.68643535553,130328.03486840434,57525.09904047057,20535.043892272366,29337.476287442554,8043.938919068689
2024-12-31,556389.5940591469,-0.00896837690368335,143571.71204244453,373376.00725673017,39441.8747599722,130441.23445596122,128175.52022799714,57169.06394472938,20506.588866093694,29362.242011136157,7721.357750812522
2025-01-02,551683.5791540656,-0.017350650115648625,133580.25797768513,378659.09868576773,39444.22249061267,134231.44192887514,127937.30866841196,57360.75810435159,21102.93797718906,30443.870965704,7582.781041235892
2025-01-03,549876.2010339426,-0.020569921092423615,133588.20918351714,376841.42148942646,39446.570360999016,134595.23558604284,126553.45459952703,56579.27638630866,20977.267709803145,30708.733152455985,7427.454055288788
2025-01-06,549521.1481409911,-0.021202335229107416,133596.1608626352,376476.0689072163,39448.91837113955,134597.17065868736,125999.91297197306,56631.37516751151,21373.61239925104,30510.086512391998,7363.911197401336
2025-01-07,550652.1488314773,-0.019187816154733084,133604.1130150675,377596.7692953671,39451.2665210426,134373.66976824653,126934.01446847038,56839.77029232296,21199.607413639773,30561.021548305842,7688.685804381644
2025-01-08,550830.6101727122,-0.018869943867845462,133612.0656408422,377764.92972115363,39453.61481071647,134417.208902748,126726.43635813764,57048.165417134405,21170.60658270456,30713.826656047375,7688.685804381644
2025-01-09,549856.7415197619,-0.02060458204605964,133620.01873998748,376780.7595396049,39455.96324016949,134122.11032446037,126449.66554436066,56475.07882390292,21131.93880812428,30892.09928174583,7709.8667570107955
2025-01-10,547606.6751565286,-0.024612361745462885,133627.97231253152,374520.39103458705,39458.31180940998,134035.99959177972,124962.02242030937,55745.695887062844,21006.26854073836,31095.839425401206,7674.5651692955435
2025-01-13,546020.7909687095,-0.027437111520581925,133635.9263585025,372924.20409176074,39460.66051844625,133871.51841699646,124443.07714447752,55120.51051262849,20677.59245680596,31172.241979271967,7639.263581580293
2025-01-14,550578.7907740849,-0.01931848027113836,133643.8808779286,377471.9005288696,39463.009367286635,133941.1810321988,127833.5196132456,55954.09101187428,20899.932160642584,30907.37979251998,7935.7969183884015
2025-01-15,550258.979534476,-0.019888122578000655,133651.835870838,377141.78530769853,39465.35835593945,134092.1166984705,127037.80352363677,56162.48613668574,20861.2643860623,31080.55891462705,7907.555648216201
2025-01-16,551047.8501527352,-0.018482999733191674,133659.79133725888,377920.3513310634,39467.70748441301,134068.89582673638,127106.996227081,56631.3751675115,21199.607413639773,31182.428986454735,7731.047709639945
2025-01-17,551518.3647060845,-0.01764492726297473,133667.74727721943,378380.5606761494,39470.05675271565,134006.00596578984,127556.74879946861,56475.07882390291,21180.27352634963,31269.01854750827,7893.435013130101
2025-01-20,552284.290284575,-0.016280673730329265,133675.70369074785,379136.18043297145,39472.406160855695,134016.64886533466,128214.07948218896,56527.177605105775,21276.942962800334,31207.896504411652,7893.435013130101
2025-01-21,552102.7724040092,-0.01660399027276427,133683.6605778723,378944.35611729557,39474.75570884146,134045.6749550023,128387.06124079958,56058.28857428001,21267.276019155262,31207.896504411652,7978.158823646701
2025-01-22,550623.2290574296,-0.01923932756134472,133691.61793862097,377454.50572212733,39477.105396681276,134133.72076032747,127141.59257880313,55276.806856237075,21441.28100476653,31482.945698346408,7978.158823646701
2025-01-23,551533.0255855487,-0.01761881355537387,133699.57577302208,378353.99458814325,39479.455224383455,133975.04480347774,127522.1524477465,56162.486136685744,21315.61073738061,31513.506719894714,7865.1937429579
2025-01-24,553015.7454103025,-0.014977818378230645,133707.5340811038,379826.4061372424,39481.80519195634,133837.65464571762,128629.23570285446,56370.8812614972,21402.61323018625,31671.405331227623,7914.61596575925
2025-01-27,553033.9526282563,-0.014945387993202885,133715.49286289435,379834.3044659537,39484.15529940824,134313.68251626682,127868.11596496776,57152.36297954013,21228.60824457498,31589.909273765472,7681.625486838594
2025-02-05,552668.1643192845,-0.015596923869180213,123723.45211842189,389458.2066541151,39486.50554674749,138205.89376922254,131023.37419773231,57677.84232104922,21617.8098961717,32797.069624923555,8136.216845015837
2025-02-06,554666.5445904597,-0.012037443129689795,123730.81660961942,391446.87204685784,39488.85593398241,138340.3321033654,132627.3056011322,57731.39649219226,21676.982733478737,32608.609992042337,8462.245124646925
2025-02-07,556711.8986547639,-0.008394293473769743,123738.18153917951,393482.5106544631,39491.20646112134,138257.67742385535,134623.30912536313,57784.95066333529,21617.8098961717,32700.293056687256,8498.47048905038
2025-02-10,557193.6720296774,-0.007536166983261761,123745.54690712827,393954.5679943766,39493.5571281726,138028.63433605645,134765.88080566534,57784.95066333529,21568.499198415833,33199.456408642916,8607.146582260742
2025-02-11,557331.0725878298,-0.007291431460502151,123752.9127134918,394082.2519391935,39495.90793514452,137995.77163215488,134195.5940844565,58320.49237476565,21529.050640211142,33535.62764567428,8505.71556193107
2025-02-12,558766.4352515697,-0.004734788048104344,123760.27895829617,395507.89741122816,39498.25888204542,137997.76331117918,135550.0250473275,58427.600717051726,21450.153523801757,33301.326480470605,8781.028331397325
2025-02-13,558459.0453896616,-0.005282305609580873,123767.64564156749,395190.78977921046,39500.60996888363,137974.8590023993,135193.595846572,58588.26323048084,21420.567105148242,33464.31859539491,8549.185999215217
2025-02-14,559419.1933396825,-0.0035721065126137486,123775.01276333186,396141.21938068315,39502.96119566749,137675.11130923638,136262.88344883858,58588.26323048084,21430.429244699415,33642.59122109336,8541.940926334526
2025-02-17,559037.7153249781,-0.004251588623934266,123782.38032361539,395750.0224389575,39505.31256240533,137581.50239509245,136512.38388936745,58534.7090593378,21400.842826045893,33077.2123224497,8643.371946664198
2025-02-18,558211.4638489346,-0.005723293612906466,123789.74832244417,394914.051457385,39507.66406910547,137387.31369021948,135478.7392071764,58641.81740162387,21548.77491931349,33387.91604152414,8469.490197527617
2025-02-19,559580.6521652624,-0.003284518815636406,123797.11675984431,396273.51968964183,39510.01571577625,137566.56480240994,136227.240528763,58588.263230480836,21460.015663352933,33606.93669595367,8824.49876868147
2025-02-20,558751.9384427354,-0.004760609515907177,123804.48563584192,395435.08530446736,39512.367502426,137333.53835656235,135799.5254878564,58374.04654590869,21440.291384250584,33713.900271372746,8773.783258516634
2025-02-21,560132.1705339907,-0.0023021637357349967,123811.8549504631,396805.59615446464,39514.71942906305,137201.09170144386,137724.24317193622,57945.61317676441,21243.04859322712,33454.13158821215,9237.467922880849
2025-02-24,558942.6716190124,-0.004420878846458254,123819.22470373395,395606.37541958265,39517.07149569573,136816.69764974655,137260.88521095403,57784.950663335294,20957.046546243095,33520.34713490015,9266.448214403612
2025-02-25,556913.9564062553,-0.008034391664753615,123826.59489568061,393567.93780824234,39519.42370233238,137004.91131754656,135799.52548785636,57356.51729419101,20651.320220156726,33525.44063849153,9230.222850000158
2025-02-26,558370.9288664429,-0.005439257252745078,123833.96552632916,395015.18729113234,39521.77604898133,137016.8613916926,136975.7418503496,57784.950663335294,20621.733801503207,33204.54991223432,9411.34967201743
2025-02-27,559079.0084649668,-0.004178037989661654,123841.33659570572,395713.5433336101,39524.12853565091,136959.10269998678,137439.09981133178,58320.49237476566,20552.698824644995,33067.02531526694,9375.124307613976
2025-02-28,555052.0740151064,-0.011350744716314365,123848.70810383641,391676.88474892057,39526.48116234946,137005.90715705877,134837.1666458164,58052.72151905049,20039.867567983987,32822.537142880494,8918.684716130452
2025-03-03,555147.4515840703,-0.011180859822731537,113856.08005074736,401762.53760423773,39528.83392908531,141198.42307423853,137634.47282090518,59435.376511564966,20910.755252367813,33638.834800260236,8944.675144900964
2025-03-04,555144.2085408972,-0.011186636275731243,113862.85719836943,401750.164506661,39531.1868358668,141192.2806429306,137488.44155000767,59490.25682228665,20516.78450123625,33889.13150936154,9173.269480838251
2025-03-05,556318.0748181859,-0.009095765751729878,113869.63474939314,402914.9001860905,39533.539882702265,141143.1411924671,138109.07445132209,59874.41899733831,20446.071802315197,34139.42821846285,9202.765524184997
2025-03-06,558189.1704345068,-0.005763002261164218,113876.4127038425,404776.8646610643,39535.893069600046,141011.07891934644,140117.00442616286,59654.897754451646,20456.173616446777,34076.85404118752,9460.855903469032
2025-03-07,557007.3361483053,-0.0078680652662797,113883.19106174154,403585.8986899953,39538.24639656847,140724.432124976,139751.92624891907,59545.13713300831,20213.73007728889,34029.92340823103,9320.749697571984
2025-03-10,555939.2117225482,-0.009770590213959318,113889.96982311427,402508.64203581813,39540.599863615884,140486.92478106907,139167.80116532903,59215.855268678315,20193.526449025732,34123.784674144015,9320.749697571984
2025-03-11,555554.3256899718,-0.010456142628390008,113896.74898798468,402114.6232312365,39542.953470750625,140155.23349044044,139605.89497802156,59490.25682228666,19688.4357424468,33920.41859799921,9254.383600041803
2025-03-12,555788.0836393192,-0.010039776969457903,113903.52855637683,402339.24786496133,39545.307217981026,140658.91285769135,139240.8168007778,59600.01744373,19577.315786999432,34029.92340823103,9232.261567531743
2025-03-13,555296.6999514368,-0.010915021184958684,113910.30852831471,401838.73031780665,39547.66110531543,140677.34015161515,138510.66044629025,59874.418997338325,19516.70490220996,34285.43463210527,8974.171188247708
2025-03-14,560129.248356831,-0.0023073686676827743,113917.08890382234,406662.14432024653,39550.01513276217,140651.74668783206,142197.95003645244,60368.34179383332,19496.501273946804,34796.45707985376,9151.147448328189
2025-03-17,559585.1359385677,-0.0032765323953585224,113923.86968292376,406108.8969553144,39552.3693003296,140357.93372360236,141759.8562237599,60587.86303671999,19486.399459815228,34817.31513894553,9099.529372471381
2025-03-18,560420.757043747,-0.0017881383833179276,113930.65086564298,406935.382570078,39554.72360802605,140461.331317286,142088.4265832793,60478.102415276655,19678.33392831522,35078.04087759272,9151.147448328189
2025-03-19,560999.281049166,-0.0007576813255073533,113937.43245200402,407504.77054130216,39557.078055859856,140371.24232476958,142307.47348962558,60807.38427960665,19526.80671634154,35458.700456017614,9033.163274941202
2025-03-20,560256.4000420047,-0.0020808882620775293,113944.21444203093,406752.7529561343,39559.43264383937,140548.34909414846,141102.7155047211,60642.74334744165,20011.693794657316,35495.20205942823,8952.049155737648
2025-03-21,557210.5145928856,-0.007506167297912647,113950.99683574772,403697.73038516496,39561.78737197293,140494.09095092834,138693.19953491216,60532.982725998314,19930.879281604688,35323.12307192109,8723.454819800361
2025-03-24,558412.7468564706,-0.005364771764564957,113957.77963317842,404890.8249830233,39564.142240268884,140424.47672943838,139313.8324362266,60807.38427960665,20193.526449025736,35354.41016055876,8797.19492816723
2025-03-25,559051.8609841457,-0.00422639261790847,113964.56283434706,405520.800901063,39566.49724873556,140601.5834988173,139386.84807167534,61191.54645465831,20375.35910339415,35323.123071921094,8642.340700596807
2025-03-26,558509.1540553962,-0.005193052911715124,113971.34643927767,404968.95521873725,39568.85239738132,140764.35792847766,138802.7229880853,61026.90552249331,20314.74821860468,35432.62788215291,8627.592678923435
2025-03-27,559133.1644740293,-0.004081576233124995,113978.13044799429,405583.8263398205,39571.2076862145,140816.56859459513,139313.83243622657,61191.5464546583,20031.89742292048,35521.27463329296,8708.70679812699
2025-03-28,558575.5630738159,-0.005074766304604905,113984.91486052095,405017.08509805147,39573.563115243436,140785.85643805543,138620.1838994634,61026.9055224933,19829.861140288907,36178.303494683874,8575.97460306663
2025-03-31,557511.0769395042,-0.006970810789826309,113991.69967688169,403943.45857814606,39575.918684476484,140775.6190525422,137743.99627407832,61026.9055224933,19264.159548920503,36564.17758788171,8568.600592229943
2025-04-01,558115.1700699824,-0.005894810444040721,103998.48489710057,414538.4107789598,39578.27439392199,145049.25195319182,141173.39414863856,62528.77200370359,20221.311308054945,36793.61623789124,8772.065127479647
2025-04-02,558307.1400212265,-0.005552876852186195,104004.67528310635,414721.8344945318,39580.63024358829,145156.84876070422,141061.08436809073,62865.249700584514,20221.311308054945,36652.82433902176,8764.516018075621
2025-04-03,558222.5341653461,-0.0057035753547677315,104010.86603758749,414628.6818942748,39582.98623348374,145696.94253958995,140312.3524977718,63089.56816517179,19803.731312018703,36991.76779926311,8734.319580459513
2025-04-07,541427.7177139252,-0.03561821499787898,104017.05716056592,397825.31818974257,39585.342363616684,146143.15282956779,130429.0918095616,59668.71158021581,17820.226330846563,35860.218093534306,7903.917546016516
2025-04-08,545018.3150772325,-0.02922270442248609,104023.24865206357,401407.36779117346,39587.69863399547,146022.89757411275,131739.37258261978,61014.62236773947,18540.55182400908,36110.514802635604,7979.408640056788
2025-04-09,546581.8189786612,-0.026437818030477844,104029.44051210239,402962.32342193037,39590.05504462844,146108.34209772552,133087.08994919388,60846.383519299,17976.818829360152,36564.177587881706,8379.511438470232
2025-04-10,551958.3483317706,-0.01686123595861655,104035.6327407043,408330.30399554234,39592.411595523954,146249.69476641825,135445.59534069855,61126.7816000331,19688.896813108735,37356.78383336916,8462.551641914532
2025-04-11,552728.5511969749,-0.015489363796076239,104041.82533789125,409091.95757239335,39594.768286690356,146299.2736875269,135857.39786937396,60958.542751592635,19219.119317567965,37925.16594362003,8832.458002711866
2025-04-14,553969.2938548375,-0.013279374207493588,104048.01830368517,410324.1504330164,39597.12511813599,146170.57946677678,136156.89061750154,61407.17968076719,19542.743814496054,38206.749741358995,8840.007112115894
2025-04-15,554513.4521612296,-0.012310128744668303,104054.211638108,410859.7584332524,39599.48208986921,146173.74407876245,136269.2003980494,62024.055458382216,19469.66731518971,38196.32071181311,8726.770471055484
2025-04-16,556300.220334046,-0.009127567853324803,104060.40534118169,412637.975790966,39601.83920189837,146298.21881686503,136606.12973969293,62584.85161985041,19229.55881746887,39124.5043413971,8794.71245569173
2025-04-17,556672.301400211,-0.008464823425926804,104066.59941292818,413001.5055330511,39604.19645423182,146205.39019861908,136718.43952024076,62640.931235997225,19156.482318162525,39447.804257319614,8832.458002711865
2025-04-18,557109.4047109103,-0.007686262489330686,104072.79385336943,413430.05701066303,39606.5538468779,146143.15282956779,137092.80545540023,62809.17008443768,19093.84531875709,39541.6655232326,8749.417799267565
2025-04-21,557317.6052031963,-0.007315419335535589,104078.98866252736,413629.70516082394,39608.911379844976,146018.6780914652,137167.67864243212,62472.692387556766,18853.73682103625,40276.91210621767,8840.007112115893
2025-04-22,559168.6534258216,-0.004018363919537249,104085.18384042394,415472.2005322563,39611.2690531414,146072.47649522137,137279.98842297995,62865.24970058449,18822.41832133353,41622.25691763716,8809.810674499784
2025-04-23,556924.8364195393,-0.008015012371288543,104091.3793870811,413219.8301656827,39613.626866775514,145936.39817983806,137429.73479704373,62584.85161985041,19365.272316180643,39108.86079707826,8794.71245569173
2025-04-24,557605.2080023459,-0.006803146151616368,104097.57530252081,413891.6478790694,39615.98482075568,145811.9234417355,137429.73479704373,63145.6477813186,19271.31681707249,39536.45100845965,8696.574033439374
2025-04-25,557923.4280857227,-0.0062363379850040035,104103.77158676501,414201.3135838674,39618.342915090245,145944.83714513312,137429.73479704373,63089.56816517179,19782.85231221688,39265.29624026657,8689.024924035348
2025-04-28,557678.9190565456,-0.006671853283338969,104109.96823983565,413948.2496669223,39620.70114978757,145904.75205998146,137205.11523594806,63369.966245905875,19845.489311622314,38926.35278002523,8696.574033439374
2025-04-29,557764.7674949636,-0.006518941514006671,104116.1652617547,414025.5427083529,39623.05952485601,146099.9031324304,136943.05908133643,63201.72739746542,19803.731312018692,39197.5075482183,8779.614236883674
2025-04-30,556646.4918238277,-0.00851079500168539,104122.36265254408,412898.7111309797,39625.41804030392,146212.7742932522,136830.74930078856,62192.294306822674,19835.04981172141,38957.63986866289,8870.203549732
2025-05-06,558990.5793408635,-0.004335546432171711,94128.56041222576,425234.24223249813,39627.776696139656,150265.73866566535,141906.6666000198,63503.91046962852,20684.456456835695,39692.886451647966,9180.583588700872
2025-05-07,560715.1401579389,-0.0012637882182808813,94134.16330272649,426950.8413628409,39630.13549237157,150224.5201334581,142829.13680543704,64019.27133006735,20727.594009404696,40000.54282325165,9149.77626122201
2025-05-08,561807.8789841,0.0,94139.76652673261,428035.6180283594,39632.49442900802,150528.2356339326,143713.1707522952,64362.84523702656,20921.7129959652,39406.08813913606,9103.565270003717
2025-05-09,561724.1147034338,-0.00014909773215998623,94145.37008426397,427943.89111311256,39634.85350605736,150484.84770529336,143520.98945949995,64820.94377963883,20943.281772249702,39270.51075503952,8903.317641391113
2025-05-12,562912.8997333252,0.0,94150.97397534041,429124.7130344569,39637.21272352796,150414.34232125463,145250.62109465728,64878.206097465365,21169.753923236956,38462.26096523324,8949.528632609406
2025-05-13,563477.8640066565,0.0,94156.5781999818,429681.7137252465,39639.572081428174,150312.3806889525,145404.3661288935,65508.09159355726,21320.73535722846,38232.82231522371,8903.317641391113
2025-05-14,565933.7032829883,0.0,94162.18275820799,432129.58894501394,39641.93157976635,150186.55569589877,147364.61531540516,65966.19013616956,21708.97333034946,37946.024002711805,8957.230464479124
2025-05-15,562842.5392510759,-0.005462060333181196,94167.78765003882,429030.4603824863,39644.29121855086,150080.25527073268,146057.78252439736,65737.14086486342,21557.991896357962,36824.903326528896,8772.386499605953
2025-05-16,562146.2034779461,-0.00669247967221398,94173.39287549417,428326.1596046619,39646.65099779006,149978.29363843054,145212.18483609823,65279.04232225113,21698.18894220721,37424.572525417425,8733.877340257373
2025-05-19,562329.0780450967,-0.006369341880473112,94178.9984345939,428501.06869301054,39649.010917492305,150053.13781533318,144981.5672847439,65393.5669579042,21633.482613353706,37659.2256901999,8780.088331475667
2025-05-20,563618.6854165023,-0.004090616715450079,94184.60432735787,429782.71011147846,39651.37097766597,150104.11863148425,145750.29245592497,65679.87854703687,21838.38598805646,37591.43699815163,8818.597490824246
2025-05-21,565628.6106431279,-0.00053909607802205,94190.21055380593,431784.6689110026,39653.7311783194,150087.84815824457,146365.2725928698,66137.97708964917,21676.620165922708,38790.77539592869,8726.17550838766
2025-05-22,565603.1534481692,-0.0005840787231817801,94195.81711395794,431751.2448147504,39656.09151946097,150086.7634600286,146288.4000757517,66367.02636095531,21450.14801493546,38848.13505843107,8710.771844648229
2025-05-23,563969.063892545,-0.0034715009532856334,94201.42400783376,430109.18788361223,39658.45200109903,150201.7414709225,145173.7485775392,65851.66550051648,21417.794850508708,38868.99311752285,8595.244366602497
2025-05-26,562936.0394360843,-0.005296846308170844,94207.03123545327,429068.1955773891,39660.81262324195,150198.4873762746,144366.5871477991,65679.87854703687,21471.71679121996,38717.772189107476,8633.753525951073
2025-05-27,561851.8928017489,-0.007212524112914176,94212.63879683633,427976.0806190145,39663.173385898095,150142.08306904358,143559.425718059,65794.40318268996,21536.423120073458,38410.11581750379,8533.629711644773
2025-05-28,562139.4010107643,-0.00670449957338326,94218.24669200281,428255.6200296857,39665.534289075826,150149.67595655547,143405.6806838228,66080.71477182263,21698.18894220721,38457.046450460286,8464.313224817333
2025-05-29,562777.972991089,-0.005576148360828981,94223.85492097258,428886.22273733286,39667.895332783504,149978.29363843056,144328.15088924003,65966.19013616956,21913.87670505221,38065.9578424895,8633.753525951075
2025-05-30,562996.5993571604,-0.005189837447018508,94229.46348376549,429096.8793563654,39670.256517029506,150122.55850115593,144059.0970793267,66367.02636095532,21611.91383706921,38425.75936182262,8510.524216035627
2025-06-03,564142.3249506773,-0.0031653501495301217,84235.07238040141,440234.6347284538,39672.61784182218,154399.60469574705,147412.3405710852,67808.71012642846,22267.74871627835,39549.73933813019,8796.491280784521
2025-06-04,565453.9304714955,-0.0008477544431610973,84240.086372805,441538.86479152064,39674.97930716991,154500.01392381385,148081.32343005703,68098.73882671258,22478.239873297898,39528.58408841737,8851.9646492219
2025-06-05,565569.3038510159,-0.0006438906710424241,84245.10066366053,441646.86227427423,39677.34091308105,154574.7630158191,148474.842758864,67576.68716620115,22433.92594550431,39576.18340027123,9010.459987614415
2025-06-06,565936.0458462585,0.0,84250.11525298575,442006.2279337088,39679.70265956397,154703.0636961267,148553.54662462536,67750.70438637162,22422.847463555914,39565.60577541481,9010.459987614415
2025-06-09,566103.732498257,0.0,84255.13014079843,442166.5378108315,39682.064546627036,154757.73094251862,148907.71402055162,67808.71012642846,22544.710764988286,39137.211968730066,9010.459987614415
2025-06-10,565071.193923423,-0.0018239388217373698,84260.14532711633,441126.62202202796,39684.42657427862,154775.5814719527,148002.61956429563,67808.71012642846,22555.78924693668,39163.6560308711,8820.2655815434
2025-06-11,566786.5495207075,0.0,84265.16081195723,442834.5999662232,39686.78874252709,154767.77186532528,149261.88141647787,68040.73308665575,22666.57406642065,39285.29871671985,8812.340814623774
2025-06-12,567232.3884528454,0.0,84270.1765953389,443273.0608061257,39689.15105138081,154734.30212263635,149340.58528223925,68214.75030682622,22600.10317473027,39650.22677426612,8733.093145427516
2025-06-13,566112.1040706416,-0.0019750007316392537,84275.19267727909,442145.39789251436,39691.51350084815,154766.65620723565,148317.43502734118,67808.71012642844,22411.768981607518,40131.50870523293,8709.318844668638
2025-06-16,566945.428663534,-0.0005058945771663215,84280.2090577956,442971.3435148009,39693.87609093749,154801.2416080142,148710.95435614814,68156.7445667694,22577.94621083347,39999.28839452776,8725.16837850789
2025-06-17,566541.0672030324,-0.001218761946401803,84285.22573690618,442559.60264446907,39696.238821657185,154973.0529538174,148671.60242326744,67982.72734659891,22577.94621083347,39660.80439912252,8693.469310829387
2025-06-18,567133.7867328924,-0.0001738294955652142,84290.24271462862,443144.94232524815,39698.60169301562,154990.90348325152,148789.65822190954,68388.76752699669,22544.710764988282,39681.959648835356,8748.942679266767
2025-06-19,565508.1046455363,-0.003039819027281232,84295.25999098067,441511.8799495345,39700.96470502116,154997.59743178933,147569.74830260797,68272.75604688303,22433.925945504307,39480.9847765635,8756.867446186392
2025-06-20,565835.548458247,-0.0024625533080160356,84300.27756598014,441831.9430345847,39703.32785768217,155025.48888403008,147766.50796701145,68562.78474716716,22456.082909401102,39327.6092161455,8693.469310829387
2025-06-23,566999.2988087498,-0.00041092442681456287,84305.29543964477,442988.3122180979,39705.69115100703,154993.1347994308,148278.0830944605,69026.83066762176,22433.925945504307,39475.695964135295,8780.64174694527
2025-06-24,568839.2184342522,0.0,84310.31361199237,444820.85023725574,39708.05458500411,154934.00492068034,150048.92007409182,69084.83640767858,22832.75129564661,38989.12522074027,8931.212318418158
2025-06-25,572260.8801082348,0.0,84315.3320830407,448235.1298655123,39710.41815968179,154893.84122945362,152606.79571133704,69664.89380824682,22877.065223440197,39094.90146930441,9097.632423730298
2025-06-26,572066.385091909,-0.0003398712424463879,84320.35085280755,448033.252364053,39712.78187504844,154936.23623685964,152016.5167181266,69954.92250853094,22943.536115130584,39163.65603087109,9018.384754534041
2025-06-27,570066.0102825302,-0.003835435728700265,84325.36992131069,446025.4946301071,39715.145731112425,155042.2237553746,151111.4222618706,68910.8191875081,23165.105754098528,38745.83984904276,9050.083822212544
2025-06-30,570826.7853633679,-0.0025060156909479936,84330.38928856791,446778.88634691783,39717.509727882134,154970.82163763823,151859.10898660382,68794.80770739444,23286.969055530895,38682.37409990428,9184.804859846181
2025-07-01,572051.2292137654,-0.0003663554538794189,74010.15677499934,457995.9463938025,40045.12604496358,160394.9539843169,154414.43888822084,70019.20332389777,23859.863752929992,39910.523308513504,9396.963135923408
2025-07-02,572449.2272486095,0.0,74014.56214147405,458387.1554237169,40047.50968341864,160487.2973229211,154574.2468456731,70194.69004902033,24019.2330718904,39894.336804535465,9217.351329676392
2025-07-03,573799.3824170157,0.0,74018.96777017294,459730.5211830858,40049.89346375694,160508.07457410707,155493.14260102343,70253.18562406118,24064.76716302195,40169.507372162094,9241.843848710076
2025-07-04,575012.2647811399,0.0,74023.37366111163,460936.61373404134,40052.27738598693,160546.16620128127,156172.3264201954,70838.14137446969,24189.9859136337,39964.47832177362,9225.51550268762
2025-07-07,574318.2270636911,-0.0012069963720042765,74027.77981430574,460235.7857992683,40054.66145011704,160521.9260748977,155453.19061166036,71247.61039975563,24144.451822502157,39683.91225282098,9184.69463763148
2025-07-08,575735.3956600225,0.0,74032.18622977089,461646.16377409594,40057.04565615574,160394.95398431693,156811.55825000434,71072.12367463308,24144.451822502157,39915.9188098395,9307.1572327999
2025-07-09,575453.8905377309,-0.0004889487851774676,74036.59290752266,461357.8676260968,40059.43000411146,160392.64540085185,156691.70228191518,71540.0882749599,24053.383640239066,39462.69669845446,9217.351329676392
2025-07-10,576928.9510066194,0.0,74040.99984757668,462826.13666505,40061.81449399266,160286.45056145702,157490.74206917634,71949.55730024584,24144.451822502157,39770.24027403717,9184.69463763148
2025-07-11,576999.5111237612,0.0,74045.40704994855,462889.90494800487,40064.199125807776,160242.58747562004,158050.06992025918,71306.10597479649,24178.60239085082,39797.21778066723,9315.321405811128
2025-07-14,577445.8499549212,0.0,74049.8145146539,463329.451540702,40066.58389956527,160159.4784708763,158010.11793089611,71774.07057512329,23985.082503541755,40142.52986553203,9258.172194732531
2025-07-15,577206.0863102546,-0.00041521407537215005,74054.22224170834,463082.8952532727,40068.968815273576,160321.0793134336,158010.11793089611,71130.61924967392,24258.287050331026,40120.94786022798,9241.843848710076
2025-07-16,576163.4715648335,-0.002220776874901298,74058.63023112749,462033.4874607649,40071.35387294115,160331.46793902657,157650.5500266286,70779.64579942882,24076.15068580485,39937.500815143554,9258.172194732531
2025-07-17,577574.7632502818,0.0,74063.03848292696,463437.98569477844,40073.73907257644,160322.23360516617,158968.96567560954,70662.65464934713,24258.287050331026,39910.52330851349,9315.321405811128
2025-07-18,579268.539307801,0.0,74067.44699712237,465124.96789649077,40076.12441418791,160308.38210437555,160167.5253565013,70955.13252455139,24394.889323725663,39942.89631646956,9356.142270867267
2025-07-21,580371.5659100183,0.0,74071.85577372934,466221.200238505,40078.50989778399,160207.95872364347,161166.32509057774,70955.13252455139,24360.738755377006,40174.90287348809,9356.142270867267
2025-07-22,582239.3585584788,0.0,74076.26481276349,468082.19822234206,40080.89552337314,160122.5411354346,162924.21262255235,71013.62809959223,24315.20466424546,40325.976910616446,9380.634789900952
2025-07-23,582843.2174578739,0.0,74080.67411424044,468679.26205266966,40083.281290963816,160060.2093818768,162844.3086438262,71189.11482471478,24406.27284650855,40725.24400874136,9454.112347002003
2025-07-24,582609.9807226793,-0.0004001706260079452,74085.08367817581,468439.229843939,40085.667200564465,159752.01348928537,163883.06036726572,70662.65464934713,24508.724551554526,40056.20184431583,9576.574942170422
2025-07-25,581495.5462590641,-0.002312236221410857,74089.49350458522,467317.9995022954,40088.05325218355,159787.7965329945,163004.11660127842,70136.19447397949,24633.943302166277,39975.26932442564,9780.67926745112
2025-07-28,582104.0925255449,-0.0012681367993826465,74093.9035934843,467919.7494862311,40090.439445829514,159941.3173334239,163443.58848427207,70019.20332389779,24872.997280606894,39861.96379657938,9780.67926745112
2025-07-29,582265.4253397104,-0.0009913336912171777,74098.31394488866,468074.28561331093,40092.825781510815,159740.4705719598,164282.5802608963,69551.23872357099,24861.61375782401,39727.07626342907,9911.306035630767
2025-07-30,582537.3237405985,-0.0005248301912297304,74102.72455881395,468339.3869225487,40095.2122592359,159900.9171227846,164162.72429280714,69843.71659877524,24816.07966669246,39802.613281993246,9813.335959496031
2025-07-31,578741.8201201214,-0.007036879241112515,74107.13543527578,464537.08580583235,40097.59887901323,160027.88921336536,161086.42111185164,69024.77854820334,25066.51716791596,39656.93474619091,9674.545018305156
2025-08-01,577486.7194069182,-0.00919028975634062,63785.92185665678,473275.1871917771,40425.610358484264,165729.03972124142,161971.5590086035,69893.68279721761,25286.269438228846,40551.1733092605,9843.46291722513
2025-08-04,578938.5398299742,-0.006699361871156939,63789.71863771968,474720.80454743945,40428.01664481513,165695.57004637909,162739.00529817046,70248.77348035334,25006.86314609372,41069.64587333428,9960.946703108464
2025-08-05,581539.310438921,-0.002237148824756008,63793.515644781444,477315.3717197622,40430.42307437732,165748.16524973424,163991.15450746389,71018.13662714743,25460.8983708133,41119.28686351156,9977.730101091798
2025-08-06,582070.0174399886,-0.0013266003527633297,63797.31287785554,477839.8749149537,40432.829647179366,165764.90008716538,164435.46551721316,71077.31840767006,25309.55329590677,41190.99051598985,10061.647091008466
2025-08-07,582564.6989070338,-0.0004778618717652394,63801.11033695541,478328.3522068485,40435.23636322979,165884.43464024525,164395.07360723597,71373.22731028317,25309.55329590677,41279.2411651939,10086.822187983465
2025-08-08,582233.6677244839,-0.001045821097564792,63804.90802209451,477991.1164798523,40437.643222537125,165952.5693355008,163991.15450746386,71432.4090908058,25309.55329590677,41411.617138999965,9893.813111175132
2025-08-11,582217.59109312,-0.0010734042123412557,63808.7059332863,477968.8349347238,40440.050225109895,165752.9466318574,164758.60079703078,71018.13662714744,25519.108015008118,40975.879558554974,9944.163305125132
2025-08-12,583403.734678096,0.0,63812.50407054423,479148.7732365952,40442.457370956625,165719.47695699506,165808.79045643823,71136.50018819269,25460.8983708133,40810.409591297386,10212.697672858469
2025-08-13,585074.1543490757,0.0,63816.30243388176,480812.9872551082,40444.86466008585,165836.6208190133,167222.50730564047,70899.77306610219,25658.81116107568,40898.660240501435,10296.614662775137
2025-08-14,584932.1449177148,-0.00024272039758610475,63820.10102331235,480664.7718018963,40447.27209250609,165773.26750588097,166939.76393580003,70958.95484662481,25647.16923223671,40948.30123067871,10397.315050675139
2025-08-15,586448.5464614566,0.0,63823.89983884945,482174.96695438126,40449.67966822589,165757.72801398058,168515.0484249111,70722.22772453431,25810.1562359822,40821.44092244789,10548.36563252514
2025-08-18,587639.221790212,0.0,63827.69888050653,483359.43552245165,40452.087387253756,165401.51504580257,169807.58954418177,70840.59128557956,25647.169232236705,40887.628909350926,10774.941505300143
2025-08-19,586368.5271236252,-0.002162372114501987,63831.49814829703,482082.5337257299,40454.495249598236,165414.66384664134,168918.96752468322,70781.40950505693,25577.317659202927,40766.28426669536,10623.89092345014
2025-08-20,589554.4277594299,0.0,63835.29764223443,485262.22686192754,40456.903255267855,165340.55242373186,171302.09021333847,71432.4090908058,25437.614513135366,40672.51795191605,11077.042669000148
2025-08-21,590676.3606116319,0.0,63839.09736233218,486377.95184502855,40459.311404271146,165414.66384664134,171867.5769530194,71846.68155446414,25414.330655457434,40782.83126342112,11051.867572025147
2025-08-22,595290.1236134839,0.0,63842.897308603744,490985.5066082635,40461.71969661664,165370.43606200183,175947.15986071737,71550.77265185103,25262.98558055091,40694.58061421707,12159.571838925163
2025-08-25,600308.243259243,0.0,63846.69748106259,495997.4176458675,40464.128132312864,165512.68218016686,179420.86411875725,72142.59045707727,25612.243445719818,40964.848227404465,12344.189216741832
2025-08-26,599098.9317233185,-0.002014484307859443,63850.49787972218,494781.897132228,40466.53671136836,165519.85425335166,178451.45827930426,71965.04511550939,25507.46608616914,41086.19287006003,12251.880527833495
2025-08-27,595582.3474054785,-0.00787244870752779,63854.29850459597,491259.1034670908,40468.945433791654,165565.27738352196,175785.59222080855,70840.59128557956,25682.095018753596,41091.70853563528,12293.83902279183
2025-08-28,599749.2929917743,-0.000931105434158308,63858.099355697435,495419.8393364856,40471.35429959129,165483.99388742767,179178.512658894,70840.59128557956,25542.391872686036,41190.99051598984,13183.359115908508
2025-08-29,601087.9249622886,0.0,63861.900433040035,496752.2612204728,40473.763308775786,165522.2449444132,180874.97287793673,70663.04594401168,25554.033801524998,41290.2724963444,12847.691156241837
2025-09-01,602580.9806285239,0.0,52159.665553994244,508239.10643053293,42182.20864399667,172729.26707084588,181480.85152759487,71713.04702843116,26171.14143964189,43120.88252895228,13023.91683506684
2025-09-02,601851.8501327825,-0.0012100124616958308,52162.770295991504,507504.3603470416,42184.71948974929,172726.7742846722,180430.66186818745,72254.95922260066,26195.096717847508,43250.57787329201,12646.290380441835
2025-09-03,599738.4917747853,-0.004717189797085353,52165.875222794835,505385.3860670335,42187.230484957014,172907.50128226334,178774.59355912195,71472.19716435584,26075.3203268194,43803.192818739546,12352.580915733499
2025-09-04,595503.7237694978,-0.011744905807754003,52168.98033441524,501145.00180545385,42189.741629628734,173014.6910877312,175018.1459312416,71652.83456241233,26219.051996053135,43701.69211447368,11538.586113541822
2025-09-05,599587.6698961676,-0.0049674829252560615,52172.085630863716,505223.33134153055,42192.252923773354,172754.19493258256,178976.55310900797,71351.77223231817,26398.716582595298,43842.66531484295,11899.429170183492
2025-09-08,599938.9422847239,-0.004384536566428343,52175.19111215127,505568.98680517287,42194.764367399766,172719.2959261512,179016.9450189852,71351.77223231817,26290.917830669998,44248.66813190645,11941.387665141827
2025-09-09,599628.7558923031,-0.004899299564917303,52178.296778288895,505253.1831534973,42197.275960516876,172694.36806441445,177926.36344960058,71713.04702843117,26326.85074797843,44919.70056566417,11672.85329740849
2025-09-10,599931.4224125125,-0.00439701600479947,52181.4026292876,505550.2320800913,42199.787703133574,172599.64218981497,178330.28254937267,71532.40963037466,26434.649499903728,44812.560933383524,11840.687277241826
2025-09-11,605870.6570797942,0.0,52184.50866515839,511483.848819377,42202.29959525876,172725.52789158537,183258.09556659203,71773.25949445,26470.58241721216,44677.226661029024,12579.156788508502
2025-09-12,604420.4931243031,-0.0023935206938073827,52187.61488591227,510028.06660148944,42204.81163690133,172781.61558049297,181682.81107748093,71291.55976629932,26614.31408644589,44852.03342948691,12805.732661283504
2025-09-15,604270.9413477993,-0.00264035848790789,52190.721291560236,509872.89622816886,42207.32382807019,172892.54456522132,182005.94635729858,70689.43510611099,26698.157560165568,44722.33808514719,12864.47455422517
2025-09-16,604606.5077008343,-0.0020865004175196766,52193.827882113306,510202.8436499468,42209.83616877424,172998.4879776023,181642.41916750371,70448.58524203565,26805.956312090864,45291.86981463904,13015.525136075174
2025-09-17,606080.0216085832,0.0,52196.93465758248,511670.73829197837,42212.348659022384,173194.17169223548,182975.35219675157,70749.64757212983,26710.135199268374,44908.42270963462,13133.00892195851
2025-09-18,602096.6855430714,-0.006572293960358078,52200.041617978764,507681.78262626915,42214.86129882352,173079.5035282466,180592.2295080963,69424.97331971549,26841.889229399294,44333.252052127995,13409.934988683515
2025-09-19,602774.0963120905,-0.005454601997469721,52203.14876331317,508353.5734605908,42217.374088186545,172886.31259978714,180996.14860786838,69786.24811582848,26973.643259530207,44536.25346065975,13174.967416916845
2025-09-22,604586.5902629355,-0.002464082781814869,52206.2560935967,510160.4471422185,42219.88702712036,173025.90862551273,181602.02725752653,69244.33592165897,27177.263124277997,45382.09266287537,13728.819550366852
2025-09-23,605767.5231242335,-0.0005156059814021008,52209.363608840365,511335.75939975923,42222.40011563388,172870.1094896583,181723.20298745812,69665.82318379081,27404.8382672314,45917.79082427861,13753.994647341853
2025-09-24,608122.6824105743,0.0,52212.471309055174,513685.2977477831,42224.913353735996,172723.03510541172,183379.27129652363,69665.82318379081,27309.01715440891,46182.82044097283,14425.330566675195
2025-09-25,608556.7936043474,0.0,52215.57919425214,514113.78766865964,42227.42674143562,172658.22266489625,184671.8124157943,69184.12345564015,27189.240763380803,45934.70760832292,14475.680760625195
2025-09-26,606757.627171745,-0.002956447864046141,52218.68726444227,512308.9996285611,42229.94027874166,172787.84754592716,182894.56837679713,69184.12345564015,27129.35256786675,46013.652600529706,14299.455081800192
2025-09-29,610618.7158719777,0.0,52221.79551963658,516164.4663866781,42232.453965663015,172744.22378788792,186004.74544504215,69063.69852360248,27320.994793511723,46571.906473992014,14458.89736264186
2025-09-30,611714.8849414509,0.0,52224.90395984608,517255.01317939616,42234.96780220859,173002.22715686288,186529.84027474586,68581.9987954518,27356.927710820157,47023.020715173676,14760.998526341862
2025-10-09,618117.6461016958,0.0,41195.71914635037,533652.1517282267,43269.775227118706,180567.8262542013,189559.2335230364,70760.26647582656,28345.25596031963,49222.20264093428,15197.366873908533
2025-10-10,613115.9636555767,-0.008091796889578284,41198.171272490035,528645.4415741091,43272.35080897746,180528.82596558786,185641.21825524728,71255.960111384,28430.706775014827,48506.0587830584,14282.671683816854
2025-10-13,613636.8734217272,-0.007249061255939937,41200.62354458959,529161.323332993,43274.92654414466,180582.12636002622,184550.63668586267,71627.73033805209,28003.452701538863,49955.26328285449,14442.113964658525
2025-10-14,612623.4631378298,-0.008888571614993346,41203.07596265772,528142.8847425426,43277.50243262943,180643.22681218726,182652.21691693392,72928.92613139043,27625.02766503158,50615.01786058268,13678.469356416846
2025-10-15,617065.9014062862,-0.0017015283450371177,41205.528526703114,532580.2944051422,43280.078474440896,180589.9264177489,185116.1234255436,73238.73465361384,27942.41640532801,51804.831671699314,13888.261831208518
2025-10-16,618368.9755243597,0.0,41207.981236734464,533878.3396180371,43282.654669588184,180597.7264754716,185722.00207520172,73734.4282891713,27893.58736835933,52126.25056854125,13804.34484129185
2025-10-17,615314.3495368847,-0.004939811194254684,41210.43409276046,530818.6844260439,43285.23101808042,180727.72743751635,181803.98680741258,73424.6197669479,27625.02766503158,53953.26324532698,13284.059503808508
2025-10-20,615037.0231368726,-0.005388291650081145,41212.88709478979,530536.3285221561,43287.80751992673,180566.52624458086,182450.2573670479,73548.54317583726,28333.048701077467,52261.58484089575,13376.368192716844
2025-10-21,619839.0103063193,0.0,41215.340242831146,535333.285888352,43290.38417513625,180592.52643698984,185277.69106545244,73734.4282891713,28394.08499728832,53513.42686017487,13821.128239275184
2025-10-22,617854.2838610709,-0.0032020031205645116,41217.793536893216,533343.5293404596,43292.9609837181,180626.32668712144,184671.81241579432,74292.08362917344,28662.644700616067,51319.88386242904,13770.778045325183
2025-10-23,618287.6884435234,-0.00250278191111164,41220.246976984694,533771.9035208573,43295.53794568141,180574.32630230353,185398.86679538406,74725.81556028621,28711.47373758475,50716.51856484856,13644.90256045018
2025-10-24,620538.1920487507,0.0,41222.700563114275,536017.3764246011,43298.11506103532,180562.62621571953,187701.20566408493,74168.16022028409,28809.13181152211,50468.40573219863,14307.846780791857
2025-10-27,623757.4730714394,0.0,41225.15429529065,539231.6264463598,43300.69232978895,180623.72666788058,189963.15262280856,74230.12192472875,29480.531069841483,50265.40432366689,14668.689837433527
2025-10-28,621315.6291063813,-0.003914733001969872,41227.608173522516,536784.7511809074,43303.26975195144,180986.42935198545,188993.74678335557,74230.12192472875,29553.7746252945,48477.864142984545,14542.814352558526
2025-10-29,624356.4038137225,0.0,41230.06219781856,539820.4942883721,43305.84732753191,181137.23046795736,191417.261381988,73548.54317583726,30127.51580967651,49013.56230438777,14576.381148525192
2025-10-30,622920.3645961458,-0.0023000312142312795,41232.51636818748,538379.4231714188,43308.425056539505,181284.13155506796,189841.9768928769,73734.4282891713,30188.55210588736,49081.22944056502,14249.104887850186
2025-10-31,619854.5124318665,-0.007210451201200785,41234.97068463796,535308.5388082451,43311.00293898334,181304.93170899517,187135.71892440398,73610.50488028194,29956.614180286124,49588.732961894384,13712.03615238351
2025-11-03,621193.7309590408,-0.005065492778424829,31065.904954918424,546642.7248369895,43485.10116713286,189594.2601075023,187418.46229424444,76025.23166525576,30446.52715250654,49605.6497459387,13552.593871541843
2025-11-04,619411.1238155052,-0.00792060427026997,31067.754115927644,544855.6801335657,43487.68956601185,189584.73974936796,186045.13735501937,76846.10210682415,29660.49337366006,49267.31406505245,13451.893483641841
2025-11-05,619049.2064994071,-0.008500268887926543,31069.603387005973,544489.3249934389,43490.27811896221,189591.5400051782,186287.4888148826,76846.10210682415,29328.8853732092,49092.50729659456,13342.801396750174
2025-11-06,622511.8705202071,-0.0029542954668977384,31071.45276815996,547947.5509260541,43492.8668259931,189501.77662848288,189114.92251328717,76782.9582267035,29341.167151003672,49368.814769318335,13837.911637258512
2025-11-07,622191.6198333758,-0.0034672247567634207,31073.30225939616,547622.8618868659,43495.455687113696,189541.21811218234,188711.00341351505,76846.10210682415,29279.75826203129,49583.09403387962,13661.685958433509
2025-11-10,624528.8724931714,0.0,31075.151860721126,549955.675930117,43498.044702333165,189535.7779075341,189195.70633324157,77477.5409080306,29771.02937381034,50389.460739991846,13586.16066750851
2025-11-11,623652.527329133,-0.0014032100077934206,31077.001572141406,549074.8918853309,43500.633871660684,189558.89877728897,187418.4622942444,77793.26030863382,29844.7200405772,51099.965669852965,13359.584794733508
2025-11-12,624654.9046945857,0.0,31078.851393663557,550072.8301058167,43503.22319510543,189637.7817446879,187499.24611419885,78487.84298996092,30250.018707794912,50913.88104536553,13284.059503808505
2025-11-13,627611.104391927,0.0,31080.701325294132,553024.5903939564,43505.81267267656,189561.61887961306,189397.6658831276,78235.26746947833,30557.063152656818,51737.164535522075,13535.81047355851
2025-11-14,623098.9072942475,-0.007189479386364939,31082.551367039687,548507.9536228246,43508.40230438327,189538.49800985822,186529.84027474586,77982.69194899575,30065.792040877768,51291.689222355184,13099.442125991836
2025-11-17,620008.5865492148,-0.01211342149543082,31084.401518906772,545413.1929400732,43510.99209023472,189573.85934007153,185277.69106545238,77288.10926766865,30139.482707644624,50084.95862719423,13049.091932041836
2025-11-18,617332.825296927,-0.016376827980056685,31086.251780901945,542732.991485785,43513.58203024009,189584.7397493679,184187.10949606777,76846.10210682415,29463.98492894843,49492.87118564329,13158.184018933503
2025-11-19,618344.4700773101,-0.014764930463738501,31088.10215303176,543740.1957998698,43516.17212440856,189527.6176005618,184752.59623574867,76972.38986706545,28972.71381716938,50490.96144425773,13023.916835066835
2025-11-20,618376.0560466311,-0.014714603168539342,31089.952635302772,543767.341038579,43518.7623727493,189626.90133539148,183904.3661262273,77540.68478815124,29635.929818071094,50203.37611550442,12856.082855233499
2025-11-21,610932.8560090205,-0.026574176693488494,31091.80322772154,536319.7000060274,43521.35277527149,189575.21939123355,179380.47220878003,76340.951065859,28923.586705991474,49780.4565143966,12319.014119766825
2025-11-24,610928.3990793494,-0.026581278112886464,31093.65393029462,536310.8018170705,43523.9433319843,189596.9802098264,179097.7288389396,75898.94390501449,29353.44892879814,49943.98542682496,12419.714507666828
2025-11-25,614155.1806766724,-0.02143990700784626,31095.504743028563,539533.1418907469,43526.53404289692,189601.06036331254,180713.4052380279,76340.951065859,29525.39381792081,50806.7414130849,12545.58999254183
2025-11-26,615455.3778486813,-0.0193682464478111,31097.355665929932,540828.8972747328,43529.12490801852,189394.3325866809,181884.77062736693,75962.08778513513,30053.510263083284,50812.38034109967,12721.815671366832
2025-11-27,615261.25089197,-0.019677557349662256,31099.206699005284,540630.3282656064,43531.71592735829,189383.4521773845,181723.2029874581,76088.37554537642,29881.565373960613,50806.74141308491,12746.99076834183
2025-11-28,616660.1531827983,-0.017448625641731996,31101.057842261176,542024.7882396118,43534.30710092539,189458.2549912973,182248.29781716177,76025.23166525576,30250.0187077949,51128.16030992684,12914.824748175164
2025-12-01,619977.0861200922,-0.012163612495720844,21102.909095704166,555337.278595659,43536.898428729015,197574.6540684863,184832.52864407335,77678.33892438993,30443.745095452377,51658.21954331529,13149.792319941835
2025-12-02,618410.7128604614,-0.014659382963562395,21104.165221245577,553767.0577284375,43539.48991077834,197525.02975826446,183982.0722239319,77485.90703605535,30443.745095452377,51381.91207059153,12948.391544141832
2025-12-03,617206.0299283288,-0.016578856541551112,21105.421421556366,552558.5269596899,43542.081547082555,197542.04380748337,183131.61580379045,77165.1872221644,30555.12465067964,51291.68922235519,12872.866253216833
2025-12-04,617139.1277241869,-0.016685454725798854,21106.67769664098,552487.7766898951,43544.673337650835,197342.12872916108,183617.59090101413,76844.46740827343,30456.12060158874,51111.24352588252,13116.225523975168
2025-12-05,618833.4363755613,-0.01398583924812824,21107.934046503877,554178.237046565,43547.26528249236,197444.21302447456,185278.0058165284,76523.74759438248,30332.365540225117,51517.24634294602,13082.658728008502
2025-12-08,620077.7670829595,-0.01200319314978704,21109.1904711495,555418.7192301936,43549.85738161631,197422.9454629509,186654.93525866215,76331.3157060479,30245.73699727058,51370.63421456198,13393.151590700172
2025-12-09,617933.289724677,-0.01542008195764244,21110.446970582307,553270.3931190628,43552.44963503188,197532.11894543897,185682.9850642148,75754.02004104419,29948.72484999787,51009.742821616645,13342.801396750172
2025-12-10,617980.9334420916,-0.015344169155779741,21111.703544806747,553314.1878545365,43555.04204274825,197561.8935315721,185439.99751560294,75433.30022715322,30233.36149113422,51286.05029434042,13359.584794733506
2025-12-11,616287.3589194814,-0.01804261491424186,21112.96019382727,551616.7641208795,43557.634604774605,197695.17025045364,184063.06807346919,75240.86833881865,30097.230923634226,51370.63421456198,13149.792319941836
2025-12-12,618474.043688841,-0.014558475207252064,21114.216917648333,553799.5994500726,43560.227321120125,197639.87459049214,185116.01411745383,75305.01230159684,30357.116552497846,52030.38879229017,13351.193095741839
2025-12-15,617687.8138168197,-0.01581120937100322,21115.473716274384,553009.5199087514,43562.820191794,197556.22218183245,184022.57014870053,75369.15626437505,30282.863515679674,52729.61586612175,13049.091932041836
2025-12-16,614146.3313571006,-0.02145400701262601,21116.730589709878,549464.1875505854,43565.41321680542,197519.35840852483,182119.16768457447,74984.2924877059,29948.724849997878,52103.69485648219,12788.949263300166
2025-12-17,618500.5147642049,-0.01451629769449203,21117.987537959263,553814.520830082,43568.00639616356,197651.21728997145,185318.503741297,75112.58041326227,30134.35744204332,52498.419817516144,13099.442125991838
2025-12-18,617817.3238094891,-0.015604855481208824,21119.244561026997,553127.4795185844,43570.59972987762,197770.3156345039,184063.06807346919,75754.02004104418,30022.977886816057,52543.5312416343,12973.566641116837
2025-12-19,619017.2458743502,-0.013692967599582495,21120.501658917532,554323.5509974759,43573.19321795678,197875.23560468722,184873.026568842,75754.02004104418,30332.365540225124,52515.336601560455,12973.566641116837
2025-12-22,621629.2184685301,-0.009531198351234726,21121.758831635325,556931.6727764845,43575.78686041023,197773.1513093737,186573.9394091249,75240.86833881865,30394.243070906938,53631.84434848506,13317.626299775173
2025-12-23,623127.1383461982,-0.007144497626556778,21123.016079184825,558425.7416097663,43578.38065724716,198109.17878144735,186978.91865681126,75240.86833881865,30282.863515679674,54353.627134375725,13460.285182633508
2025-12-24,624285.9421327286,-0.005298125281610555,21124.273401570492,559580.6941226814,43580.974608476754,198026.94421022254,187667.38337787817,75497.44418993141,30381.867564770575,54370.54391842004,13636.51086145851
2025-12-25,624251.9568521363,-0.005352275503546555,21125.530798796775,559542.8573392313,43583.56871410821,197960.3058507818,188031.86470079594,75561.58815270959,30418.994083179667,53941.985389297464,13628.119162466843
2025-12-26,625383.5102309497,-0.0035493224154080627,21126.78827086813,560670.5589859309,43586.16297415071,198091.03046228053,188760.82734663144,75369.15626437502,30456.12060158875,54415.655342538215,13577.768968516843
2025-12-29,623722.7664822511,-0.006195457477514155,21128.045817789018,559005.9632758487,43588.757388613456,197851.41593578074,187910.37092649002,75433.3002271532,30282.863515679677,53925.06860525315,13602.944065491842
2025-12-30,622959.1046266285,-0.00741223304167915,21129.303439563886,558238.4492295589,43591.351957505634,197818.80567477783,188315.35017417645,75369.15626437502,30183.859466588772,52797.28300229899,13753.994647341842
2025-12-31,621608.9282676073,-0.009563527608605682,21130.561136197193,556884.4204505738,43593.94668083644,197823.05918708257,187505.39167880363,75433.3002271532,30097.23092363423,52447.6694653832,13577.76896851684
2026-01-05,627033.2043627035,-0.0009207931873408404,10834.496160919207,572304.8438963951,43893.864305389245,205170.25312778953,191190.7028327499,77406.45081680127,30822.236021880486,53541.62150024873,14173.579596925183
2026-01-06,630754.0372130454,0.0,10835.141071404976,576022.4191062329,43896.47703540742,205015.70591734993,194228.0471903979,77472.4409709503,30809.747271466436,54004.01359745994,14492.46415860852
2026-01-07,629595.4640740363,-0.0018368065373440823,10835.786020278274,574860.5881328129,43899.08992094524,204902.37129636086,193499.08454456236,77208.48035435421,30784.76977063833,53671.316844588466,14794.565322308523
2026-01-08,627575.8349793109,-0.005038734667125233,10836.431007541385,572837.7010097576,43901.702962011965,205080.4685579151,191960.16340335406,76614.56896701304,30697.34851773997,53631.844348485065,14853.307215250192
2026-01-09,629093.8863994216,-0.0026320098099713585,10837.076033196596,574352.4942076082,43904.31615861684,205064.27789777378,192851.1177482641,76680.55912116205,30722.326018568074,54088.59751768151,14945.615904158525
2026-01-12,631793.3436574714,0.0,10837.72109724619,577048.693049456,43906.92951076914,205165.83749320556,193985.05964178604,76812.5394294601,30697.34851773997,55131.799200414105,15256.108766850199
2026-01-13,630851.949499267,-0.0014900349420501335,10838.366199692455,576104.0402810965,43909.543018478114,205224.71262099207,193296.59492071913,76944.51973775814,30722.326018568074,55222.02204865043,14693.864934408522
2026-01-14,629968.39751792,-0.002888517515848954,10839.011340537674,575217.2294956293,43912.156681753026,205358.65353670644,192081.65717765994,76284.61819626793,30622.416015255658,55949.44376255588,14920.440807183528
2026-01-15,630039.7425572664,-0.0027755928703733224,10839.656519784134,575285.3155368791,43914.77050060313,205439.6068374129,192446.13850057768,76086.64773382088,30534.99476235729,55639.30272174349,15138.624980966864
2026-01-16,629498.3445055166,-0.0036325155606562465,10840.30173743412,574740.6582930448,43917.38447503769,205572.0758749326,191798.17170427943,75426.74619233067,30659.882266497814,55582.91344159577,15700.868813408539
2026-01-19,630208.3920710307,-0.002508655088490408,10840.946993489919,575447.4464724748,43919.998605065965,205558.8289711806,191879.16755381672,75492.73634647968,30485.039760701082,56423.11371579662,15608.560124500205
2026-01-20,631021.8046205955,-0.0012211889292934597,10841.592287953818,576257.5994419445,43922.612890697215,205689.82613050562,191312.19660705575,76548.57881286401,30372.641006974613,56851.6722449192,15482.684639625202
2026-01-21,632933.7091540287,0.0,10842.2376208281,578166.2442012599,43925.22733194071,205685.41049592165,191555.1841556676,75954.66742552284,30310.197254904353,58515.156009276594,16145.628859966877
2026-01-22,632924.7025063444,-1.4230001584736307e-05,10842.882992115054,578153.9775854236,43927.841928805705,205666.27607939104,191433.69038136167,76020.65757967185,30709.837268154017,58312.15460074484,16011.361676100209
2026-01-23,633087.8119241002,0.0,10843.528401816964,578313.8268409817,43930.45668130147,205735.45435454018,190502.23811168293,75756.69696307577,30397.618507802716,59868.49873282159,16053.320171058545
2026-01-26,635015.5749332076,0.0,10844.17384993612,580238.3294938342,43933.07158943726,205695.71364328425,190826.22150983207,76284.61819626793,30122.865998693567,61599.64963335622,15709.260512400208
2026-01-27,634954.1916641323,-9.666419454634756e-05,10844.819336474806,580173.6856744352,43935.68665322235,205714.8480598149,190745.2256602948,75756.69696307577,30272.731003662193,61656.038913503915,16028.145074083544
2026-01-28,638142.9152375652,0.0,10845.46486143531,583359.1485034638,43938.301872665994,205747.2293800975,191352.69453182438,76020.65757967185,30385.12975738866,63607.10800661462,16246.329247866879
2026-01-29,643942.1881379001,0.0,10846.110424819919,589155.1604653028,43940.91724777746,205873.81090483852,193094.1052968759,77142.49020020523,30285.219754076243,67125.79908783159,15633.735221475205
2026-01-30,636779.1734302897,-0.011123692218898973,10846.75602663092,581988.8846250928,43943.53277856602,205853.20461011323,190785.72358506345,77076.5000460562,30460.062259872975,62078.958514611724,15734.435609375207
2026-02-02,623403.3911546582,-0.03189540514907763,847.4016668705976,578609.8410227466,43946.14846504093,212134.2618199138,186665.36768153048,78640.99606133373,30361.49248445259,55870.49877034907,14937.224205166864
2026-02-03,629045.9618418352,-0.023132862810465338,847.4521074460066,584249.7454271776,43948.76430721147,212208.58286716574,189262.45105796916,78368.41028642443,30502.768464710192,58768.90776994127,15138.624980966868
2026-02-04,634068.357238348,-0.0153334120382832,847.5025510238307,589269.4743822373,43951.3803050869,212185.83152617022,191007.3664515139,79458.75338606164,30502.768464710192,61278.23073651428,14836.523817266863
2026-02-05,631878.4842143769,-0.018734141271917637,847.5529976042488,587076.9347580961,43953.99645867649,212313.23903574495,189871.142474322,80480.95004197153,30412.865568182624,59338.439499433116,14660.298138441862
2026-02-06,628895.7937152989,-0.02336606406564412,847.6034471874395,584091.5775001219,43956.61276798951,212367.8422541341,188653.75964161634,80276.51071078955,29873.448189017225,58402.37744898116,14517.639255583525
2026-02-09,635658.6132768716,-0.012863848670922162,847.6538997735817,590851.7301440628,43959.22923303522,212498.28327584153,191818.955006651,80480.95004197153,30605.51463217027,60443.6693903282,15004.357797100198
2026-02-10,636150.6186436962,-0.01209979659313043,847.7043553628539,591341.0684345105,43961.8458538229,212493.7330076424,192062.4315731921,80821.68226060817,30746.790612427874,60161.72298958967,15054.7079910502
2026-02-11,636336.1224603666,-0.01181172132785413,847.754813955435,591523.9050160494,43964.46263036182,212590.8053958898,191656.63729562354,80957.97514806282,30759.63388336038,60663.587582904256,14895.26571020853
2026-02-12,635875.4059066569,-0.012527183930237662,847.8052755515038,591060.5210684441,43967.079562661245,212678.77724773902,191818.95500665097,80208.36426706224,30682.57425776532,60449.30831834297,15222.541970883536
2026-02-13,632106.9101355748,-0.01837941079237193,847.8557401512389,587289.357744693,43969.69665073045,212760.68207532275,189546.50705226712,79526.89982978898,30592.67136123776,59631.6637562012,15230.933669875201
2026-02-24,636512.5221230618,-0.011537784216814173,847.9062077548193,591692.3020207282,43972.31389457871,212784.95017238462,191372.58130132558,79867.6320484256,30631.201174035286,61746.26176174024,15289.67556281687
2026-02-25,637619.0367304023,-0.009819439576994604,847.9566783624238,592796.1487578246,43974.93129421529,212609.0064686862,192752.28184505863,79663.19271724363,30592.67136123776,61797.01211387318,15381.984251725205
2026-02-26,636716.193158386,-0.01122149645204884,848.0071519742311,591890.6371567623,43977.548849649465,212404.24439972686,192143.59042870582,79595.04627351629,30618.357903102777,61537.62142519373,15591.776726516875
2026-02-27,636752.9519646337,-0.011164412435929472,848.05762859042,591924.7277751528,43980.16656089052,212537.71893356703,191737.79615113724,79867.63204842558,30656.887715900306,61650.39998548914,15474.292940633539
2026-03-02,640336.7147932989,-0.005599063721896003,0.0,595513.1436302764,44823.571163022396,212726.53060570752,192305.90813973322,80618.46075563609,30285.23611065297,64379.641144638204,15197.366873908533
2026-03-03,637101.9587705755,-0.010622427747908003,0.0,592275.719537841,44826.23923273448,212709.845874524,189830.5630465651,81504.37790679692,30400.828614892103,63488.690518304415,14341.413576758523
2026-03-04,631475.8893340086,-0.01935934472617884,0.0,586646.9818727484,44828.907461260234,212893.37791754285,187071.16195909903,80414.01833613742,30028.363879010452,61915.42960218336,14324.630178775189
2026-03-05,633809.7463409589,-0.015735017806864593,0.0,588978.1704923498,44831.575848609114,212803.88708664934,188856.65678040063,80550.31328246987,30323.766945399348,61825.20675394702,14618.339643483525
2026-03-06,634157.4063840033,-0.015195124553326056,0.0,589323.1619892127,44834.24439479058,212858.49166143182,189384.18934123975,80959.19812146717,30182.48721799596,61312.06430460287,14626.731342475192
2026-03-09,631244.0331659983,-0.01971940215413015,0.0,586407.1200661842,44836.913099814075,212602.153518703,187842.17108647927,80891.05064830095,29463.244969396907,61283.869664529026,14324.630178775187
2026-03-10,634355.6738552337,-0.014887228169329747,0.0,589516.0918915446,44839.58196368907,212614.28786865465,190033.46018534942,80754.75570196852,29681.58636629305,61780.095329828844,14651.906439450191
2026-03-11,636213.5501671222,-0.01200206806317039,0.0,591371.2991806972,44842.250986425,212599.11993121507,191169.68416254138,81504.37790679692,29707.2735894573,61881.59603409473,14509.247556591856
2026-03-12,635609.5286634058,-0.012940073857546142,0.0,590764.6084953744,44844.920168031334,212605.1871061909,190479.83389067484,81913.26274579423,29771.49164736793,61678.59462556298,14316.238479783518
2026-03-13,633881.4707785544,-0.01562363445768078,0.0,589033.8812700369,44847.58950851753,212655.24129974152,189789.9836188083,82117.70516529288,29360.4960767399,60911.70041555415,14198.754693900184
2026-03-16,633272.1486688802,-0.016569871745590437,0.0,588421.8896609872,44850.25900789304,212512.6626878095,189911.7219020789,82117.70516529288,29270.590795665015,60133.52834951578,14475.68076062519
2026-03-17,631751.9939730535,-0.018930572323731742,0.0,586899.0653068862,44852.92866616732,212515.69627529738,188532.02135834584,82458.44253112396,29321.96524199352,59981.277293116975,14089.662607008517
2026-03-18,632361.2887368221,-0.017984377502220705,0.0,587505.6902534723,44855.59848334983,212725.01381196352,189181.29220245552,82049.55769212666,29334.808853575647,59806.470524659075,14408.547168691855
2026-03-19,626329.6698759978,-0.027351086147706427,0.0,581471.4014165478,44858.26845945003,212840.2901365043,186624.7882537737,81845.11527262801,29013.7185640225,57099.78507756909,14047.704112050184
2026-03-20,623254.7286764048,-0.03212626823118636,0.0,578393.7900819274,44860.93859447738,212778.10159300204,185691.461415366,81504.37790679692,28821.064390290616,55802.83163417181,13795.953142300179
2026-03-23,607360.9780984056,-0.05680822085174608,0.0,562497.3692099643,44863.60888844134,212697.71152457228,179766.86496286525,78914.77392648063,27600.921289988648,50417.6553800657,13099.442125991836
2026-03-24,613423.8938778819,-0.047392910143484346,0.0,568557.6145365306,44866.279341351365,212643.1069497898,181755.25692295114,80277.72338980499,28127.509364855807,52436.39160935364,13317.626299775173
2026-03-25,619381.1754533103,-0.0381416424285127,0.0,574512.2255000933,44868.94995321692,212710.60427139592,184392.91972714665,80959.19812146717,28422.91243124471,54364.90499040525,13661.68595843351
2026-03-26,615653.2211714368,-0.04393091101588953,0.0,570781.6004473894,44871.62072404747,212792.51113356964,182120.47177276283,80754.75570196852,28499.97410073746,53287.86973958403,13326.017998766842
2026-03-27,616646.9234870449,-0.04238775646892379,0.0,571772.6318331924,44874.29165385247,212921.43860180603,182932.0603278999,80618.46075563609,28371.537984916205,53535.98257223395,13393.151590700176
2026-03-30,617531.794037215,-0.04101361051844821,0.0,572654.8312945736,44876.96274264139,213054.9164512743,182607.42490584508,81299.93548729828,27883.480744795415,54449.48891062682,13359.584794733508
2026-03-31,616117.0690536097,-0.04321058566569891,0.0,571237.4350631861,44879.633990423696,213115.5882010326,181105.98607884147,81640.67285312935,27793.57546372054,54691.962815261955,12889.649651200169
2026-04-01,621938.1143159122,-0.034170884013077996,0.0,577055.8089187033,44882.30539720884,212935.08974550164,183987.12544957813,81572.52537996315,28744.002720797856,56524.61442006246,13292.451202800174
2026-04-02,617983.1199451776,-0.04031273097323973,0.0,573098.1429821713,44884.97696300629,212979.0767640764,182079.892345006,81845.11527262801,28358.69437333408,54945.71457592664,12889.649651200169
2026-04-03,616285.9939470784,-0.042948256381206584,0.0,571398.3452592528,44887.64868782552,213073.1179762018,180740.77122902978,80959.19812146717,28333.00715016983,55419.384529167386,12872.866253216835
2026-04-07,615658.059869412,-0.043923396835169104,0.0,570767.739297736,44890.320571675984,213047.3324825545,180416.13580697493,80414.01833613742,28345.85076175195,55470.13488130032,13074.267029016839
2026-04-08,626024.9220170295,-0.027824339592785963,0.0,581131.9294024623,44892.992614567156,212938.12333298955,186746.52653704424,81095.4930677996,29411.87052306841,57026.47901337706,13913.436928183515
2026-04-09,623027.1135489724,-0.032479739601171675,0.0,578131.4487324639,44895.6648165085,212963.90882663682,185529.14370433858,80618.46075563609,29219.21634933652,55870.49877034905,13930.22032616685
2026-04-10,626610.5388748478,-0.026914915006843287,0.0,581712.2016973384,44898.33717750948,212966.94241412473,188369.7036473184,80482.16580930365,29463.244969396914,56231.39016329438,14198.754693900186
2026-04-13,626345.5875801112,-0.027326366996815787,0.0,581444.5778825317,44901.00969757957,213021.5469889072,188775.49792488696,80141.42844347256,29296.278018829278,55960.72161858538,14249.104887850186
2026-04-14,630400.4501954247,-0.021029431200391246,0.0,585496.7678186964,44903.68237672823,213060.9836262501,191210.26359029821,80482.16580930365,29707.27358945731,56451.30835587044,14584.772847516857
2026-04-15,630959.5829581349,-0.020161134677799564,0.0,586053.22774317,44906.35521496494,213262.7171941965,190479.83389067484,81027.3455946334,30015.520267428332,56750.1715406533,14517.639255583523
2026-04-16,633933.1535874095,-0.015543374443960367,0.0,589024.1253751104,44909.02821229916,213393.1614561769,192589.9641340313,81027.3455946334,30375.14139172786,56936.25616514073,14702.256633400191
2026-04-17,633061.7540031505,-0.016896600867560396,0.0,588150.0526344101,44911.70136874037,213494.78663702204,192305.9081397333,80686.6082288023,30323.766945399355,56552.80906013632,14786.17362331686
2026-04-20,634800.7886254791,-0.01419599411378114,0.0,589886.413941181,44914.374684298025,213472.0347308627,193360.9732614115,81095.49306779962,30310.923333817223,56592.281556239715,15054.707991050196
2026-04-21,635482.9239625856,-0.01313668265745449,0.0,590565.875803604,44917.04815898161,213464.45076214292,193807.34696673692,81572.52537996316,30439.359449638483,56445.669427855675,14836.52381726686
2026-04-22,637128.8687759488,-0.010580638273838705,0.0,592209.1469831482,44919.7217928006,213620.68051777052,195227.6269382268,81231.78801413206,30477.890284384863,56411.835859767045,15239.325368866866
2026-04-23,636312.1927926601,-0.011848882532923932,0.0,591389.7972068957,44922.395585764454,213620.68051777052,194821.83266065829,81640.67285312938,30426.51583805636,55825.387346230884,15054.707991050196
2026-04-24,635400.2714954674,-0.013265036520022866,0.0,590475.2019575847,44925.06953788266,213714.72172989591,194050.82353327805,81640.67285312938,30387.98500330998,55408.106673137845,15272.892164833533
2026-04-27,635842.5281977601,-0.012578240856623957,0.0,590914.7845485954,44927.74364916467,213414.3965685923,194050.82353327805,81027.34559463343,30619.170011788246,55808.47056218657,15994.578278116873
2026-04-28,634906.7693783145,-0.014031412952944522,0.0,589976.3514586946,44930.41791961998,213594.89502412322,193563.87040019577,81231.78801413208,30914.57307817714,54878.04743974938,15793.17750231687
2026-04-29,636802.1566357655,-0.011088000807621512,0.0,591869.0642865074,44933.09234925805,213714.7217298959,195633.42121579536,81436.23043363074,30965.947524505642,54342.34927834616,15776.394104333538
2026-04-30,637465.7316129059,-0.01005751237346686,0.0,592529.9646748175,44935.76693808836,213675.28509255298,195755.15949906592,80959.19812146721,31068.696417162646,54573.545326951775,16498.080217616884
2026-05-06,641707.6569114801,-0.003470080494153649,0.0,596769.2152253598,44938.441686120386,213581.24388042762,198352.2428755046,80618.46075563613,31518.222822537056,55210.74419262087,17488.300698633564
2026-05-07,643583.5672685949,-0.0005569146981070361,0.0,598642.4506752313,44941.11659336361,213594.8950241232,199326.1491416691,80277.72338980503,31877.84394683658,55876.13769836383,17689.70147443357
2026-05-08,641963.7527953514,-0.0030723803766758984,0.0,597019.961135524,44943.7916598275,213716.23852363983,198271.0840199909,80209.57591663882,31890.687558418707,55712.60878593548,17219.766330900227
2026-05-11,645923.1848475169,0.0,0.0,600976.7179619954,44946.466885521535,213732.92325482337,201517.43824053925,80277.72338980502,32006.28006265784,55114.882416369765,18327.470597800242
2026-05-12,645818.4087901909,-0.00016221132757565648,0.0,600869.2665197358,44949.142270455195,213811.79652950916,201395.69995726866,80141.42844347259,31813.625888925948,55295.32811284243,18411.38758771691
2026-05-13,648768.6292920663,0.0,0.0,603816.8114774284,44951.81781463796,213866.40110429164,203586.98905613882,80209.5759166388,31954.905616329335,55284.050256812894,18914.889527216914
2026-05-14,645146.2640516473,-0.00558344697457358,0.0,600191.770533568,44954.4935180793,213884.60262921912,200502.95254661786,80141.42844347257,31967.749227911456,55233.29990467996,18461.73778166691
2026-05-15,640465.8253733825,-0.012797788832274115,0.0,595508.6559925938,44957.16938078871,213980.1606350885,197946.44859793605,79528.10118497661,31852.156723672324,53874.3182531202,18327.470597800242
2026-05-18,638522.087694073,-0.015793830242954776,0.0,593562.2422912973,44959.84540277567,214059.0339097743,196891.38347625785,79051.06887281308,31338.412260387286,53643.12220451459,18579.221567550245
2026-05-19,640727.6540200581,-0.012394210985174348,0.0,595765.1324360084,44962.52158404964,214242.5659527932,197581.23374812436,79664.39613130905,31338.412260387286,53654.40006054413,19284.124282850255
2026-05-20,640453.198912664,-0.012817251025956877,0.0,595488.0009880438,44965.197924620115,214289.58655885587,197662.39260363812,79323.65876547796,31235.663367730278,52819.83871435806,20156.8609779836
2026-05-21,637582.9685302043,-0.01724137120203828,0.0,592615.0941057077,44967.87442449658,214157.62550313157,195105.88865495627,79119.21634597931,31492.535599372797,53287.86973958403,19451.95826268359
2026-05-22,640326.7869038631,-0.013012100164915386,0.0,595356.2358201746,44970.551083688515,214177.34382180302,197297.1777538264,78710.331506982,31916.374781582956,53349.89794774652,19905.110008233598
2026-05-25,645590.075827694,-0.004899363688162128,0.0,600616.8479254886,44973.2279022054,214134.87359697217,200340.63483559052,78505.88908748333,32699.835088092634,53637.483276499835,21298.132040850283
2026-05-26,646603.9461363379,-0.0033366026931519466,0.0,601628.0412562812,44975.90488005672,214216.7804591459,201760.91480708044,78778.47898014821,32481.493691196494,53310.42545164313,21079.94786706695
