date,total,drawdown,rebalance,trade_cost,应急现金/灵活资金,固收/债券,A股宽基,A股红利,美股宽基,黄金,主题仓
2022-04-19,99795.4,0.0,True,2.2009771782904866e-14,6985.678,34928.38999999999,29938.619999999995,12973.402,4989.77,7983.632,1995.908
2022-04-20,98933.92553830463,-0.00863240652069508,False,0.0,6986.093814166667,34938.47290578894,29385.66395778364,12699.63736225088,5068.319602698651,7882.213910569106,1973.5239850467287
2022-04-21,98247.16038510924,-0.015514138075409911,False,0.0,6986.5096530841765,34907.664026989376,28848.506659630606,12456.291017584994,5131.907376311844,7985.660361788618,1930.6212897196258
2022-04-22,98426.03109172444,-0.01372176381151391,False,0.0,6986.925516754003,34898.70144406587,28927.50037994723,12654.009922626024,5064.579145427287,8014.057426829268,1880.257256074766
2022-04-25,96044.54626006716,-0.03758543720384744,False,0.0,6987.341405177619,34900.66200908039,27402.92157783641,12152.108086752638,4899.999025487256,7959.291658536585,1742.2224971962614
2022-04-26,95798.58946392895,-0.040050047758424245,False,0.0,6987.757318356498,34920.82782065829,27165.94041688654,12152.108086752638,4989.7699999999995,7890.327357723577,1691.8584635514017
2022-04-27,96680.10894509699,-0.03121678008107598,False,0.0,6988.173256292114,34909.34451128754,28003.273852242743,12212.94467291911,4870.075367316341,7894.384081300813,1801.9132037383174
2022-04-28,97168.16162193009,-0.026326247282639326,False,0.0,6988.589218985941,34890.299022575084,28208.657525065966,12471.50016412661,4933.663140929534,7890.327357723578,1785.1251925233641
2022-04-29,98444.10075200057,-0.013540696745535596,False,0.0,6989.005206439452,34926.98959641821,28998.594728232194,12669.219069167642,5012.212743628185,7995.802170731708,1852.2772373831772
2022-05-05,98314.87002595261,-0.01483565348750926,False,0.0,6989.421218654121,34927.269677134565,28880.10414775726,12669.219069167642,5015.953200899549,7969.4334674796755,1863.4692448598125
2022-05-06,97003.5808850401,-0.027975428877081487,False,0.0,6989.837255631422,34900.66200908039,28113.86506068602,12334.61784525205,4896.258568215891,7955.2349349593505,1813.1052112149525
2022-05-09,96828.39651954769,-0.029730864152579195,False,0.0,6990.253317372828,34923.62862782189,27861.085155672827,12395.45443141852,4870.075367316341,7989.717085365854,1798.1825345794387
2022-05-10,97292.30124223749,-0.025082305975651198,False,0.0,6990.669403879814,34997.00977550813,28216.55689709763,12517.127603751462,4780.304392803597,7930.894593495936,1859.7385757009342
2022-05-11,97741.79915328267,-0.020578111282857914,False,0.0,6991.085515153854,34969.84194602124,28651.022358839058,12532.336750293081,4776.563935532232,7890.327357723578,1930.6212897196256
2022-05-12,97588.1614126925,-0.022117638561571895,False,0.0,6991.501651196423,34988.8874347337,28493.034918205816,12501.918457209846,4694.273875562217,7967.405105691057,1951.1399700934576
2022-05-13,98079.92269212198,-0.01718994370359772,False,0.0,6991.917812008995,35019.136152100546,28737.915451187346,12730.055655334112,4769.083020989503,7886.270634146341,1945.5439663551397
2022-05-16,97857.13449852818,-0.019422393231269375,False,0.0,6992.333997593043,35014.934941355146,28493.034918205816,12836.51968112544,4791.525764617689,7811.221247967479,1917.563947663551
2022-05-17,98314.4723261511,-0.014839638639144725,False,0.0,6992.750207950043,35056.666968092744,28880.10414775727,12714.846508792496,4813.968508245875,7863.958654471545,1992.1773308411214
2022-05-18,98168.1007407528,-0.016306355395611427,False,0.0,6993.166443081468,35112.12294993197,28769.512939313994,12654.009922626024,4858.853995502246,7780.795821138211,1999.6386691588784
2022-05-19,98163.36382185851,-0.01635382170061428,False,0.0,6993.582702988794,35082.99455543056,28840.607287598956,12730.055655334114,4679.312046476759,7809.192886178863,2027.6186878504668
2022-05-20,98877.65620147476,-0.009196253519954123,False,0.0,6993.998987673495,35063.66898600174,29504.15453825859,12775.683094958966,4649.388388305845,7853.816845528455,2036.945360747663
2022-05-23,98585.41175716202,-0.01212468954318513,False,0.0,6994.415297137047,35079.073425401526,29251.374633245396,12684.428215709258,4664.350217391302,7859.901930894308,2051.868037383177
2022-05-24,97618.29596025212,-0.02181567526907935,False,0.0,6994.831631380924,35096.438429815826,28603.62612664909,12456.291017584992,4626.945644677659,7874.100463414634,1966.0626467289715
2022-05-25,98030.01545942113,-0.017690039226045062,False,0.0,6995.247990406601,35124.4465014518,28737.915451187353,12654.009922626023,4668.090674662667,7884.242272357723,1966.0626467289715
2022-05-26,98365.90602700684,-0.014324247139579027,False,0.0,6995.664374215554,35189.42522764725,28816.909171503976,12790.892241500584,4709.235704647674,7912.639337398373,1951.1399700934576
2022-05-30,98770.0296547517,-0.010274725540939667,False,0.0,6996.080782809257,35086.9156854596,29077.58844854883,12866.937974208673,4896.25856821589,7880.185548780486,1966.0626467289715
2022-05-31,99220.23151448932,-0.005763476928903222,False,0.0,6996.497216189186,35053.58608021279,29583.148258575216,12836.519681125437,4877.556281859069,7863.958654471543,2008.9653420560742
2022-06-01,99135.15963915939,-0.006615939821280392,False,0.0,6996.913674356816,35043.503174423844,29535.752026385242,12851.728827667055,4888.777653673161,7813.249609756096,2005.2346728971957
2022-06-02,99207.60555104986,-0.005889995420131022,False,0.0,6997.330157313623,35037.62147938029,29622.645118733526,12760.473948417348,4832.670794602696,7863.958654471543,2092.9053981308407
2022-06-06,99908.6050349619,0.0,False,0.0,6997.746665061082,35049.104788751036,30270.393625329834,12745.26480187573,4847.632623688154,7847.731760162601,2150.7307700934575
2022-06-07,99872.30047345842,-0.00036337772397854184,False,0.0,6998.163197600669,35047.42430445288,30317.78985751981,12760.473948417348,4821.449422788603,7817.306333333333,2109.693409345794
2022-06-09,100048.32312066427,0.0,False,0.0,6998.5797549338595,35044.903578005644,30380.984833773105,12882.147120750291,4840.151709145426,7872.072101626015,2029.4840224299064
2022-06-10,100443.26024648912,0.0,False,0.0,6998.996337062129,35032.019865053095,30839.148411609513,12912.565413833527,4754.121191904046,7839.61831300813,2066.7907140186912
2022-06-13,99717.67212149793,-0.00722386074695891,False,0.0,6999.412943986954,35030.33938075494,30428.381065963073,12699.637362250876,4555.876956521738,7963.34838211382,2040.6760299065418
2022-06-14,99945.00632674155,-0.004960551046679029,False,0.0,6999.82957570981,35013.254457056995,30744.355947229567,12866.937974208671,4507.2510119940025,7819.334695121949,1994.0426654205603
2022-06-15,100338.94496409711,-0.001038549347522344,False,0.0,7000.2462322321735,34997.28985622449,31131.425176781016,12958.192853458377,4458.625067466266,7776.739097560973,2016.4266803738312
2022-06-16,99969.91382675062,-0.004712575224827487,False,0.0,7000.66291355552,34995.88945264269,30918.14213192614,12760.473948417344,4443.663238380808,7801.079439024388,2050.0027028037375
2022-06-17,100430.0361100717,-0.0001316577775848371,False,0.0,7001.079619681327,35025.29792786046,31415.802569920856,12714.84650879249,4372.594550224887,7857.873569105689,2042.5413644859805
2022-06-21,100573.42510844936,0.0,False,0.0,7001.49635061107,35016.05526422059,31565.890638522436,12714.84650879249,4417.4800374812585,7813.249609756095,2044.4066990654198
2022-06-22,99970.54898032293,-0.005994387955628899,False,0.0,7001.9131063462255,35042.66293227476,31170.922036939322,12547.545896834694,4421.2204947526225,7807.164524390243,1979.119988785046
2022-06-23,100697.61026904389,0.0,False,0.0,7002.329886888269,35042.66293227476,31763.374939313988,12593.173336459547,4451.144152923537,7817.306333333333,2027.6186878504664
2022-06-24,101081.54366501748,0.0,False,0.0,7002.746692238679,35044.623497289285,32142.54479683378,12547.545896834694,4522.21284107946,7762.540565040649,2059.329375700934
2022-06-27,101733.68496566487,0.0,False,0.0,7003.1635223989315,34990.84799974822,32521.714654353567,12699.637362250873,4619.464730134932,7815.277971544715,2083.5787252336445
2022-06-28,102266.19367456905,0.0,False,0.0,7003.580377370503,34995.04921049362,32932.482,12760.473948417342,4626.945644677661,7772.682373983738,2174.980119626168
2022-06-29,101775.57469233041,-0.004797469863793702,False,0.0,7003.99725715487,35022.777201413235,32498.01653825858,12851.72882766705,4518.472383808095,7750.370394308942,2130.2120897196255
2022-06-30,102209.63029559485,-0.0005530994842165571,False,0.0,7004.41416175351,35023.89752427868,32892.985139841694,12897.356267291905,4469.84643928036,7744.285308943089,2176.845454205607
2022-07-01,102050.68426264313,-0.0021073377641462887,True,9.786276949593482,7143.54789838502,35717.739491925095,30615.20527879294,13266.588954143608,5102.534213132157,8164.0547410114505,2041.0136852528626
2022-07-04,102206.59166519485,-0.0005828124352008635,False,0.0,7143.973109569447,35654.707163523846,30821.815485543048,13250.944391697685,5166.797868209388,8200.732576792952,1967.6210698584957
2022-07-05,102175.47598714528,-0.000887074058045445,False,0.0,7144.398346064064,35621.05189315576,30748.02612598944,13297.878079035458,5209.640304927542,8192.102497785541,1962.3787401874697
2022-07-06,101319.90192117999,-0.009253221611047135,False,0.0,7144.823607870377,35631.60481691524,30312.668904623137,13016.275955008823,5183.93484289665,8036.761075652131,1993.832718213627
2022-07-07,101404.63201815322,-0.008424696622204242,False,0.0,7145.2488949898925,35633.88653016053,30430.73187990891,13047.565079900673,5231.06152328662,7931.042607811338,1985.09550209525
2022-07-08,101400.21436691341,-0.008467894193963543,False,0.0,7145.674207424118,35617.629323287816,30401.21613608747,13047.565079900673,5269.619716332959,7915.939969548367,2002.5699343320039
2022-07-11,100685.04962152391,-0.015461062900968492,False,0.0,7146.09954517456,35630.463960292596,29840.417003480026,12969.342267671052,5239.6300106302515,7915.939969548367,1943.1568647270408
2022-07-12,100456.75567886842,-0.017693412951875542,False,0.0,7146.524908242725,35652.14023612289,29574.775309087032,13078.85420479252,5213.924548599359,7913.782449796514,1876.7540222273758
2022-07-13,100460.32769832508,-0.017658484308026412,False,0.0,7146.950296630121,35673.816511953184,29626.42786077456,13078.85420479252,5213.924548599359,7866.3170152557495,1854.0372603195956
2022-07-14,100243.02860263483,-0.01978332232029989,False,0.0,7147.375710338253,35702.0527133637,29633.80679672992,12859.830330549583,5158.229380865758,7868.474535007603,1873.2591357800252
2022-07-15,99592.0219279512,-0.02614912759076171,False,0.0,7147.80114936863,35752.25040476017,29154.17595963145,12672.095581198495,5179.650599224836,7814.53654121128,1871.5116925563495
2022-07-18,100304.81396511775,-0.01917916017968546,False,0.0,7148.226613722759,35726.86634490627,29493.607013578057,12922.40858033328,5299.609422035667,7842.584297985367,1871.5116925563495
2022-07-19,100045.85890142455,-0.021711327012033266,False,0.0,7148.652103402147,35713.176065434505,29331.270422560116,12938.053142779203,5235.345766958435,7825.324139970544,1854.0372603195956
2022-07-20,100398.84200358162,-0.018259716176879492,False,0.0,7149.0776184083015,35727.721987373254,29419.817654024446,13000.6313925629,5393.862782815605,7827.481659722398,1880.2489086747266
2022-07-21,99871.63771339999,-0.023414931905933578,False,0.0,7149.50315874273,35748.54262073656,29087.7655360332,12797.252080765888,5406.715513831052,7764.913586918664,1916.9452163719097
2022-07-22,100001.41369777579,-0.02214593010081345,False,0.0,7149.928724406941,35775.06753721311,29109.902343899277,12750.318393428115,5445.27370687739,7874.9470942631615,1895.975897687805
2022-07-25,99847.1093725423,-0.02365477989456366,False,0.0,7150.354315402441,35781.05703448201,28977.08149670278,12765.96295587404,5398.1470264874215,7902.994851037249,1871.5116925563493
2022-07-26,100252.32573349623,-0.01969241123299592,False,0.0,7150.779931730739,35817.564446406715,29191.070639408248,12906.764017887355,5393.862782815606,7913.782449796515,1878.501465451051
2022-07-27,100011.53501697717,-0.02204695976821669,False,0.0,7151.205573393342,35820.13137380767,29013.976176479584,12859.830330549583,5410.999757502867,7894.364772029838,1861.027033214297
2022-07-28,100245.3697344777,-0.01976042979092385,False,0.0,7151.631240391758,35812.71580576047,29036.11298434567,12891.119455441432,5470.979168908284,7976.350522600249,1906.4605570298575
2022-07-29,99950.23904416719,-0.02264633645964842,False,0.0,7152.056932727495,35886.58627207687,28600.755762979366,12781.607518319963,5586.653748047301,8088.541549696601,1854.0372603195956
2022-08-01,100179.82180449087,-0.020401383830881747,False,0.0,7152.482650402062,35942.203032430916,28733.576610175867,12781.607518319963,5612.359210078193,8075.596431185482,1881.9963518984018
2022-08-02,99493.58080132907,-0.027111724545679006,False,0.0,7152.908393416967,35994.39722291702,28209.67215734523,12531.29451918518,5595.222235390932,8140.3220237410715,1869.7642493326741
2022-08-03,99015.2598511377,-0.03178893930262483,False,0.0,7153.334161773718,35981.8478000679,27877.620039353984,12359.204332280015,5595.222235390932,8110.11674721513,1937.9145350560145
2022-08-04,99457.0621320795,-0.027468818790975513,False,0.0,7153.7599554738235,36025.20035172849,28106.367053970178,12437.427144509635,5650.917403124532,8112.274266966982,1971.115956305847
2022-08-05,100174.94350368694,-0.020449085819473023,False,0.0,7154.185774518792,35971.009662152755,28585.997891068648,12500.00539429333,5672.33862148361,8176.999859522571,2114.4063006472297
2022-08-08,100160.45316904744,-0.020590778143386168,False,0.0,7154.611618910132,35978.1400160443,28482.69278769359,12625.161893860723,5689.475596170872,8131.6919447336595,2098.6793116341514
2022-08-09,100267.75421229181,-0.01954154535795727,False,0.0,7155.037488649353,35953.61159865739,28534.34533938112,12687.740143644418,5659.485890468164,8168.369780515159,2109.1639709762035
2022-08-10,99861.08521258664,-0.023518118505866492,False,0.0,7155.463383737962,35968.727948907464,28202.293221389875,12640.806456306645,5625.211941093641,8185.629938529983,2082.952322621072
2022-08-11,100746.79815316816,-0.014857260907117587,False,0.0,7155.889304177471,35958.745453459305,28851.63958546165,12765.962955874036,5749.455007576289,8148.952102748483,2116.153743870905
2022-08-12,100854.87755977431,-0.013800416971475604,False,0.0,7156.315249969386,35959.601095926286,28859.018521417012,12875.474892995504,5749.455007576289,8187.787458281837,2067.225333607994
2022-08-15,100987.65914762049,-0.01250202516598109,False,0.0,7156.741221115218,36087.94746597408,28785.2291618634,12875.474892995504,5830.855637340782,8196.417537289248,2054.993231042266
2022-08-16,101022.35473266924,-0.012162757771722155,False,0.0,7157.167217616475,36139.00079983753,28711.439802309793,12906.764017887352,5882.266561402566,8189.944978033688,2035.7713555818368
2022-08-17,101338.01141582028,-0.00907613968407217,False,0.0,7157.593239474666,36147.557224507385,29013.97617647959,12938.0531427792,5886.550805074382,8153.267142252188,2041.0136852528628
2022-08-18,100948.3908616227,-0.012886006270457773,False,0.0,7158.019286691301,36172.0856418943,28740.955546131234,12844.185768103654,5847.9926120280425,8114.431786718836,2070.7202200553447
2022-08-19,100832.38716236946,-0.014020337128829108,False,0.0,7158.44535926789,36197.4697017482,28519.587467470406,12969.342267671047,5856.561099371674,8114.431786718836,2016.5494801214072
2022-08-22,101020.84193962337,-0.012177550470966358,False,0.0,7158.871457205942,36199.18098668218,28718.818738265152,13031.920517454744,5796.581687966258,8097.171628704013,2018.2969233450826
2022-08-23,100850.56718962074,-0.013842565505597149,False,0.0,7159.2975805069655,36173.51171267262,28615.5136348901,13063.209642346594,5719.465301873581,8118.746826222541,2000.8224911083287
2022-08-24,100123.9128911218,-0.020948083687013952,False,0.0,7159.723729172471,36164.95528800276,28047.3355663273,12953.697705225126,5719.465301873581,8170.527300267011,1908.2080002535326
2022-08-25,100699.46909297835,-0.01532006350579862,False,0.0,7160.149903203969,36140.99729892717,28312.977260720294,13204.010704359913,5788.013200622628,8192.10249778554,1901.218227358831
2022-08-26,100641.23473211323,-0.015889502523451227,False,0.0,7160.5761026029695,36124.16966374313,28268.703644988127,13204.010704359913,5818.002906325336,8194.260017537392,1871.511692556349
2022-08-29,100301.44169849809,-0.019212135559901422,False,0.0,7161.002327370981,36126.45137698843,28084.2302461041,13297.878079035458,5629.496184765458,8127.37690522995,1875.0065790037
2022-08-30,100361.97344204593,-0.01862023180976813,False,0.0,7161.428577509515,36159.53621904519,28017.81982250585,13329.167203927307,5646.63315945272,8161.897221259597,1885.4912383457522
2022-08-31,100166.65811798359,-0.02053010365543262,False,0.0,7161.854853020081,36174.367355139606,28017.81982250585,13250.944391697687,5590.937991719119,8107.959227463274,1862.7744764379722
2022-09-01,99851.25028456643,-0.023614288390232274,False,0.0,7162.281153904189,36178.07513916321,27766.936000023576,13360.456328819155,5492.400387267365,8047.548674411392,1843.5526009775429
2022-09-02,99797.41335768184,-0.024140727528623396,False,0.0,7162.70748016335,36221.99811913512,27597.220473050274,13360.456328819155,5548.095555000965,8038.918595403981,1868.0168061089983
2022-09-05,100082.68370189969,-0.02135123929240701,False,0.0,7163.133831799074,36237.39968354085,27582.462601139552,13595.124765508015,5530.958580313703,8123.061865726246,1850.5423738722443
2022-09-06,100518.60217964431,-0.017088652976426588,False,0.0,7163.560208812872,36224.85026069173,27796.451743845024,13767.21495241318,5530.958580313703,8164.0547410114505,1871.511692556349
2022-09-07,100556.21868636011,-0.01672082363454741,False,0.0,7163.986611206254,36226.5615456257,27855.48323148791,13798.504077305028,5488.116143595549,8110.116747215127,1913.4503299245584
2022-09-08,100571.97739121104,-0.01656672867623621,False,0.0,7164.41303898073,36212.87126615393,27722.662384291412,13814.14863975095,5586.653748047303,8176.999859522568,1894.2284544641293
2022-09-09,101157.31012312633,-0.010843109649425364,False,0.0,7164.839492137811,36181.21249487548,28150.640669702352,13986.238826656117,5620.927697421826,8166.212260763304,1887.2386815694279
2022-09-13,101296.53382976273,-0.009481724213692422,False,0.0,7165.26597067901,36150.97979437533,28253.94577307741,13908.016014426497,5762.307738591735,8170.527300267009,1885.4912383457524
2022-09-14,100495.854912561,-0.01731108490887623,False,0.0,7165.692474605836,36118.75059478555,27914.5147191308,13767.21495241318,5526.674336641888,8112.274266966981,1890.7335680167787
2022-09-15,100269.49177435147,-0.019524554776835346,False,0.0,7166.1190039198,36117.32452400724,27641.49408878244,13908.016014426497,5530.958580313702,8077.753950937335,1827.8256119644645
2022-09-16,98993.00285131011,-0.03200657720453415,False,0.0,7166.545558622414,36084.52489610614,26977.38985279995,13469.968265940623,5440.989463205579,8043.233634907688,1810.3511797277106
2022-09-19,98879.39350384437,-0.03311749512749185,False,0.0,7166.972138715189,36088.80310844106,26896.221557290977,13454.323703494698,5428.1367321901325,8071.281391681776,1773.654872030527
2022-09-20,98949.56869050176,-0.03243129390951449,False,0.0,7167.398744199637,36129.87394685636,26910.979429201696,13376.100891265078,5500.968874610996,8099.329148455864,1764.9176559121502
2022-09-21,98779.85046464401,-0.034090867027076976,False,0.0,7167.825375077267,36137.28951490356,26689.61135054087,13516.901953278395,5428.136732190133,8110.116747215128,1729.9687914386423
2022-09-22,98385.17094732707,-0.03795020219088374,False,0.0,7168.252031349593,36136.43387243658,26475.6222078354,13454.323703494698,5333.883371410195,8097.171628704012,1719.4841320965897
2022-09-23,98128.18949350319,-0.040463070271626544,False,0.0,7168.678713018126,36100.21167466754,26416.59072019251,13329.167203927305,5303.893665707486,8133.84946448551,1675.798051504705
2022-09-26,97474.87010653701,-0.04685149017356571,False,0.0,7169.105420084376,36014.076999657686,26232.117321308488,13110.143329684368,5209.640304927547,8060.493792922512,1679.2929379520558
2022-09-27,98073.36627604894,-0.04099915375615237,False,0.0,7169.5321525498575,36014.64742796901,26601.06411907654,13219.655266805836,5273.903960004779,8082.06899044104,1712.4943592018885
2022-09-28,97469.4285761347,-0.04690469964784838,False,0.0,7169.9589104160805,36002.38321927555,26187.84370557632,13141.432454576216,5209.640304927548,8092.8565892003035,1665.313392162653
2022-09-29,97449.36178742089,-0.047100920784010625,False,0.0,7170.385693684558,35939.3508908743,26195.222641531684,13016.275955008823,5303.893665707487,8155.424662004038,1668.8082786100038
2022-09-30,97198.24682497064,-0.04955642395106241,False,0.0,7170.812502356801,35966.731449817824,26003.370306692297,13063.209642346594,5205.356061255733,8161.897221259596,1626.8696412417944
2022-10-10,96692.04501632434,-0.05450626896296484,False,0.0,7171.239336434322,36026.6264225068,25420.43436621877,13172.721579468061,5171.082111881209,8220.150254559625,1509.7909452555427
2022-10-11,96612.65493287047,-0.05528257715046325,False,0.0,7171.666195918633,36074.827614813636,25398.29755835269,13110.143329684364,5162.513624537578,8202.890096544801,1492.3165130187888
2022-10-12,97260.72458157389,-0.04894549130207715,False,0.0,7172.093080811247,36049.7287691154,25855.791587585074,13219.655266805832,5192.503330240285,8224.46529406333,1546.487252952726
2022-10-13,97020.80763170798,-0.051291495795305564,False,0.0,7172.519991113676,36074.54240065796,25612.28670105816,13235.299829251755,5149.660893522131,8235.252892822597,1541.2449232816998
2022-10-14,97963.87040205876,-0.042069848479949434,False,0.0,7172.946926827432,36157.824934111195,26261.633065129932,13250.94439169768,5312.462153051117,8226.622813815184,1581.436117426234
2022-10-17,97730.14210343358,-0.04435533785064949,False,0.0,7173.373887954029,36105.06031531376,26254.25412917457,13188.366141913983,5209.640304927547,8181.314899026272,1618.1324251234173
2022-10-18,97821.17374303931,-0.04346519384181502,False,0.0,7173.800874494978,36099.641246356194,26202.601577487047,13157.077017022135,5381.010051800164,8202.890096544803,1604.152879334014
2022-10-19,97290.04312652891,-0.04865880276990875,False,0.0,7174.227886451793,36126.166162832735,25767.244356120744,13078.854204792515,5368.157320784717,8183.472418778127,1591.920776768286
2022-10-20,97071.56430644839,-0.05079517660206445,False,0.0,7174.654923825987,36100.496888823174,25678.69712465641,12984.98683011697,5321.030640394747,8144.637063244773,1667.0608353863279
2022-10-21,96884.92995703922,-0.05262016238380851,False,0.0,7175.081986619071,36104.775101158106,25516.360533638468,13031.920517454742,5278.188203676593,8136.006984237361,1642.5966302548723
2022-10-24,96149.84990454701,-0.059808070978816685,False,0.0,7175.50907483256,36136.43387243656,24793.224810013086,12750.318393428108,5415.284001174687,8241.725452078155,1637.3543005838462
2022-10-25,96027.03467757131,-0.06100900769663875,False,0.0,7175.9361884679665,36114.18716829494,24675.16183472731,12656.451018752565,5518.105849298257,8256.828090341125,1630.3645276891448
2022-10-26,96179.29818374976,-0.05952011385296074,False,0.0,7176.363327526804,36115.89845322892,24881.77204147742,12562.583644077022,5509.537361954627,8250.355531085566,1682.7878243994064
2022-10-27,96100.56436114332,-0.06029000485777303,False,0.0,7176.790492010585,36141.852941394136,24689.919706638033,12609.517331414794,5560.948286016413,8235.252892822597,1686.282710846757
2022-10-28,95178.97881004935,-0.06930163927947297,False,0.0,7177.217681920823,36193.476703568915,24055.33121447698,12390.493457171857,5462.410681564657,8241.725452078155,1658.3236192679508
2022-10-31,94804.95326361766,-0.07295901160352669,False,0.0,7177.644897259033,36220.00162004546,23767.5527122179,12077.602208253375,5655.201646796351,8213.677695304068,1693.2724837414587
2022-11-01,95958.58276447594,-0.06167835805217459,False,0.0,7178.072138026727,36182.638565653775,24785.845874057723,12202.758707820767,5676.6228651554275,8220.150254559629,1712.494359201888
2022-11-02,96321.0429141692,-0.05813407683206118,False,0.0,7178.499404225418,36149.26850944135,25036.729696539995,12374.848894725932,5625.211941093643,8235.252892822598,1721.231575320265
2022-11-03,95960.77921979278,-0.0616568802280969,False,0.0,7178.926695856622,36182.638565653775,24815.361617879164,12280.981520050389,5518.105849298257,8209.362655800363,1775.402315254202
2022-11-04,96982.52710354468,-0.0516658182061418,False,0.0,7179.354012921852,36147.27201035172,25752.486484210018,12437.42714450963,5462.410681564656,8207.20513604851,1796.3716339383068
2022-11-07,97166.68570997803,-0.04986504123560753,False,0.0,7179.78135542262,36146.98679619606,25752.486484210018,12546.939081631097,5500.968874610995,8267.61568910039,1771.9074288068512
2022-11-08,97018.96579420632,-0.05130950602366635,False,0.0,7180.208723360443,36155.25800671025,25582.770957236713,12515.64995673925,5556.664042344595,8282.718327363362,1745.6957804517203
2022-11-09,96997.44629804464,-0.0515199323179133,False,0.0,7180.636116736834,36174.937783450914,25287.61351902227,12531.294519185172,5578.085260703672,8511.415421059772,1733.4636778859926
2022-11-10,96643.48213856884,-0.0549811363263677,False,0.0,7181.063535553307,36148.983295285696,25132.655863959688,12531.294519185172,5496.6846309391785,8468.265026022713,1684.5352676230816
2022-11-11,97970.6413866402,-0.04200363906764859,False,0.0,7181.490979811375,36077.10932805893,25855.791587585067,12891.119455441423,5736.602276560842,8526.518059322741,1702.0096998598356
2022-11-14,97662.34276255484,-0.04501830709241572,False,0.0,7181.918449512554,35978.42523019996,25870.549459495785,12797.252080765878,5672.338621483612,8442.374789000478,1719.4841320965897
2022-11-15,98433.3978817759,-0.03747861981633782,False,0.0,7182.345944658357,35938.21003425165,26423.969656147863,12891.119455441423,5680.907108827243,8485.525184037537,1831.3204984118154
2022-11-16,98178.08365849983,-0.03997518504578723,False,0.0,7182.773465250301,35881.45241727496,26209.980513442395,12844.18576810365,5723.749545545397,8530.83309882645,1805.1088500566843
2022-11-17,98101.18158929475,-0.04072716442863,False,0.0,7183.2010112899,35926.80146802518,26084.538602201257,12812.896643211803,5719.465301873582,8539.463177833863,1834.815384859166
2022-11-18,97840.10003653304,-0.04328012492692057,False,0.0,7183.628582778667,35906.83647712886,25988.61243478156,12765.96295587403,5680.907108827243,8526.518059322745,1787.6344178199301
2022-11-21,97565.6641303723,-0.04596366966736576,False,0.0,7184.056179718118,35975.00266033202,25745.107548254648,12672.095581198488,5723.749545545397,8491.997743293097,1773.654872030527
2022-11-22,97666.83182178899,-0.04497441126454871,False,0.0,7184.483802109768,35990.40422473775,25730.34967634393,12812.896643211803,5710.8968145299505,8483.367664285686,1754.4329965700979
2022-11-23,97945.67906128772,-0.04224773073133081,False,0.0,7184.9114499551315,36053.15133898334,25752.48648421001,12938.053142779196,5788.013200622629,8483.367664285686,1745.695780451721
2022-11-24,97946.19263472506,-0.04224270880356684,False,0.0,7185.339123255724,36098.78560388922,25619.66563701351,12969.342267671043,5830.855637340783,8515.73046056348,1726.4739049912916
2022-11-25,98386.27323734871,-0.03793942355542246,False,0.0,7185.766822013061,36029.47856406341,25774.623292076092,13282.233516589526,5856.5610993716755,8541.620697585715,1715.9892456492394
2022-11-28,97802.5549187611,-0.04364725619897536,False,0.0,7186.194546228657,35961.88280917157,25442.571174084846,13141.43245457621,5830.855637340783,8548.093256841274,1691.5250405177837
2022-11-29,98874.83171686578,-0.03316210211651405,False,0.0,7186.622295904027,35862.343068845614,26298.527744906725,13516.90195327839,5766.591982263552,8524.360539570891,1719.48413209659
2022-11-30,98861.80838307306,-0.033289449515735425,False,0.0,7187.050071040688,35889.15319947783,26320.66455277281,13516.90195327839,5728.033789217213,8509.25790130792,1710.7469159782129
2022-12-01,99281.52410890441,-0.029185300228953825,False,0.0,7187.477871640154,35910.2590469968,26652.716670764057,13423.034578602845,5839.424124684414,8535.148138330156,1733.463677885993
2022-12-02,99029.81745631206,-0.03164658918034802,False,0.0,7187.905697703942,35921.38239906761,26483.001143790752,13313.522641481377,5818.002906325338,8584.771092622774,1721.2315753202654
2022-12-05,99612.42814884745,-0.025949587350110992,False,0.0,7188.333549233567,35905.125192194886,27006.905596621385,13548.191078170239,5728.033789217214,8500.62782230051,1735.2111211096687
2022-12-06,99519.031732449,-0.026862855098157334,False,0.0,7188.761426230545,35867.191709491875,27176.62112359469,13469.968265940619,5638.064672109091,8410.011992722688,1768.4125423595015
2022-12-07,99236.42249706118,-0.02962632194123882,False,0.0,7189.189328696392,35845.51543366158,27088.073892130356,13391.745453710999,5560.948286016413,8410.011992722688,1750.9381101227475
2022-12-08,99421.35935143004,-0.02781793494917606,False,0.0,7189.617256632624,35898.56526661468,27154.484315728612,13469.968265940619,5548.095555000966,8435.902229744923,1724.7264617676165
2022-12-09,99669.2414658948,-0.025394043870824556,False,0.0,7190.0452100407565,35867.19170949188,27405.368138210884,13407.390016156924,5590.93799171912,8466.107506270862,1742.2008940043704
2022-12-12,99082.88313839103,-0.03112769158406281,False,0.0,7190.473188922307,35873.18120676078,27095.45282808572,13141.432454576214,5543.811311329151,8459.634947015304,1778.8972017015537
2022-12-13,99028.56627145782,-0.031658823769406985,False,0.0,7190.90119327879,35788.47260252923,27014.28453257675,13188.366141913986,5629.49618476546,8466.107506270862,1750.9381101227473
2022-12-14,99245.3096697996,-0.02953941958945394,False,0.0,7191.329223111723,35864.054353779604,27088.073892130356,13125.78789213029,5676.622865155429,8550.250776593128,1749.1906668990716
2022-12-15,99052.897951201,-0.031420898812303366,False,0.0,7191.757278422622,35887.15670038821,27073.316020219634,13016.275955008823,5625.211941093645,8485.525184037539,1773.654872030527
2022-12-16,98967.807567794,-0.032252946826897166,False,0.0,7192.185359213005,35878.02984740703,27102.83176404108,13110.143329684368,5500.968874610998,8446.689828504186,1736.958564333344
2022-12-19,98357.23555542315,-0.03822336569585216,False,0.0,7192.613465484386,35931.65010867144,26674.853478630142,12922.40858033328,5440.989463205581,8504.942861804215,1689.7775972941083
2022-12-20,97695.30856872456,-0.044695954172206065,False,0.0,7193.041597238284,35935.072678539385,26209.980513442395,12797.252080765888,5359.588833441087,8507.100381556067,1693.2724837414592
2022-12-21,97773.6726844926,-0.04392967830965255,False,0.0,7193.469754476215,35915.10768764306,26187.84370557631,12797.252080765888,5423.85248851832,8589.086132126477,1667.060835386328
2022-12-22,97816.80500573215,-0.04350791311345481,False,0.0,7193.897937199696,35926.80146802519,26246.8751932192,12734.67383098219,5488.116143595551,8589.086132126477,1637.3543005838465
2022-12-23,97507.3959519364,-0.04653343936683585,False,0.0,7194.326145410243,35937.63960594034,26173.08583366559,12656.451018752572,5423.852488518321,8517.88798031533,1604.152879334014
2022-12-26,97627.80445488612,-0.04535603656515452,False,0.0,7194.754379109375,35923.09368400159,26239.496257263843,12656.451018752572,5440.989463205583,8528.675579074594,1644.344073478548
2022-12-27,98198.65770395305,-0.03977400374907558,False,0.0,7195.182638298607,35927.08668218086,26586.306247165816,12812.89664321181,5458.126437892845,8550.250776593124,1668.8082786100033
2022-12-28,98064.05626350809,-0.04109019080570242,False,0.0,7195.610922979458,35979.851300978284,26490.380079746123,12797.252080765886,5398.14702648743,8556.723335848683,1646.091516702223
2022-12-29,97852.11628022585,-0.04316262526001169,False,0.0,7196.039233153445,36000.10150603027,26401.832848281792,12734.673830982189,5329.599127738383,8543.778217337565,1646.091516702223
2022-12-30,98181.4678193347,-0.03994209335914789,False,0.0,7196.467568822085,36059.14083625225,26519.895823567567,12797.252080765884,5376.725808128353,8599.873730885742,1632.1119709128202
2023-01-03,98306.88080343948,-0.03871575472661937,True,13.409505117463162,6881.481656240763,34407.40828120381,29492.064241031836,12779.894504447131,4915.344040171974,7864.550464275157,1966.1376160687892
2023-01-04,98483.57699288905,-0.03698794827269136,False,0.0,6881.8912682441105,34467.570944537016,29532.96862971565,12857.63108902406,4895.682664011286,7894.138690250608,1953.6937071063285
2023-01-05,99082.31738859427,-0.03113322371326832,False,0.0,6882.3009046291245,34449.33158506496,30146.534459972907,12842.083772108675,4899.614939243423,7892.166141852245,1970.2855857229426
2023-01-06,99066.56379892446,-0.0312872686532798,False,0.0,6882.710565397257,34377.46306416013,30277.428503761123,12857.63108902406,4868.156737386323,7834.962238299704,1968.2116008958658
2023-01-09,99414.87070729762,-0.02788138352293512,False,0.0,6883.120250549959,34378.27975189769,30481.950447180207,12842.083772108675,4931.0731411005245,7919.781819429332,1978.5815250312496
2023-01-10,99341.79170357989,-0.02859597943280434,False,0.0,6883.529960088682,34357.862558458815,30531.035713600788,12748.799870616362,4907.479489707699,7915.836722632605,1997.2473884749409
2023-01-11,99399.95470651728,-0.02802723818168784,False,0.0,6883.939694014877,34321.11161026885,30531.035713600788,12810.989138277904,4938.9376915648,7939.507303412967,1974.4335553770961
2023-01-12,99441.2840780127,-0.027623102953706846,False,0.0,6884.349452329997,34330.63963387365,30580.120980021366,12779.894504447133,4970.395893421901,7927.672013022786,1968.2116008958658
2023-01-13,100104.58808266449,-0.021137049441609324,False,0.0,6884.759235035493,34338.2620527575,31087.33539970069,12919.820356685606,4958.599067725488,7943.452400209693,1972.3595705500193
2023-01-16,100715.27335532321,-0.015165523067976583,False,0.0,6885.169042132816,34310.22244043479,31602.730697116778,12935.367673600993,4962.531342957625,7988.821013372052,2030.4311457081692
2023-01-17,100753.23890680593,-0.014794280625889278,False,0.0,6885.578873623419,34312.67250364745,31570.007186169725,12904.273039770222,4982.192719118313,8020.381787745867,2078.1327967309353
2023-01-18,100738.83195763286,-0.014935157573152114,False,0.0,6885.988729508754,34307.50014797627,31496.379286538853,12966.462307431764,5005.786370511139,8000.656303762233,2076.0588119038584
2023-01-19,100993.83437959223,-0.012441641262465608,False,0.0,6886.398609790272,34315.39479610597,31725.443863168228,13013.104258177922,4907.479489707699,8024.326884542594,2121.6864780995475
2023-01-20,101424.14023501713,-0.008233937426394333,False,0.0,6886.808514469426,34349.42345183742,31913.60405111378,13137.482793501007,4915.3440401719745,8089.42098168859,2132.0564022349317
2023-01-30,101664.91527627455,-0.005879542170190488,False,0.0,6887.218443547668,34349.42345183742,32109.945116796098,13059.746208924078,5049.041398064653,8079.558239696773,2129.982417407855
2023-01-31,101196.4010137768,-0.010460863188049507,False,0.0,6887.628397026451,34345.067783903796,31733.624740904987,13121.93547658562,5005.786370511139,8026.299432940959,2076.0588119038584
2023-02-01,101682.8485352374,-0.005704183546597741,False,0.0,6888.038374907226,34358.40701695053,31987.231950744652,13199.67206116255,5072.635049457477,8069.695497704956,2107.1685843100104
2023-02-02,101762.48589475844,-0.004925457394195143,False,0.0,6888.4483771914465,34381.546502847916,31905.423173377018,13184.124744247163,5123.754627475265,8136.762143249314,2142.4263263703156
2023-02-03,101288.8635080221,-0.009556727706684809,False,0.0,6888.858403880565,34394.069048157085,31553.645430696197,13106.388159670234,5167.009655028779,8030.244529737686,2148.6482808515466
2023-02-06,100606.20113528006,-0.016232075132975088,False,0.0,6889.268454976033,34377.19083491428,31087.335399700685,13059.746208924076,5147.34827886809,7925.699464624423,2119.6124932724715
2023-02-07,100728.1704881915,-0.015039409712185314,False,0.0,6889.678530479306,34382.36319058546,31169.144177068323,13106.388159670234,5155.212829332366,7909.919077437516,2115.464523618318
2023-02-08,100584.73360872954,-0.016441993247448328,False,0.0,6890.088630391834,34394.06904815708,31030.069255543345,13059.746208924076,5210.264682582292,7909.919077437516,2090.5767056933964
2023-02-09,101223.66356386604,-0.01019427900113834,False,0.0,6890.498754715071,34396.7913406156,31471.836653328563,13168.577427331777,5190.603306421604,7927.672013022788,2177.6840684306217
2023-02-10,100971.36846944776,-0.01266132197353187,False,0.0,6890.9089034504705,34410.67503215404,31275.49558764624,13230.76669499332,5119.822352243128,7876.385754665337,2167.3141442952374
2023-02-13,101365.99256444316,-0.008802528751490457,False,0.0,6891.319076599485,34413.39732461255,31537.28367522267,13277.408645739477,5147.348278868091,7925.699464624424,2173.536098776468
2023-02-14,101540.39662381062,-0.007097135668000409,False,0.0,6891.729274163568,34414.48624159596,31610.911574853537,13324.050596485633,5214.196957814431,7919.781819429333,2165.240159468161
2023-02-15,101269.72887385597,-0.009743833860523021,False,0.0,6892.139496144173,34416.11961707107,31381.846998224162,13292.955962654862,5202.400132118018,7894.138690250608,2190.127977393083
2023-02-16,100979.8509842905,-0.012578376529510216,False,0.0,6892.549742542753,34412.85286612085,31144.601543858025,13246.314011908704,5261.384260600082,7892.166141852245,2129.982417407856
2023-02-17,100286.35937467786,-0.019359616592276807,False,0.0,6892.960013360761,34416.936304808616,30670.11063512575,13199.672061162546,5174.874205493055,7874.413206266973,2057.3929484601686
2023-02-20,101468.49792162556,-0.007800190114456651,False,0.0,6893.370308599651,34391.34675569856,31529.102797485903,13479.52376563949,5178.806480725193,7909.919077437515,2086.4287360392436
2023-02-21,101602.61531607341,-0.0064887362543997185,False,0.0,6893.780628260877,34380.18535661865,31570.007186169718,13619.449617877961,5163.077379796642,7900.056335445697,2076.0588119038594
2023-02-22,101274.2293983091,-0.009699825921130723,False,0.0,6894.190972345893,34386.99108776493,31242.772076699184,13650.544251708734,5104.093251314579,7923.726916226059,2071.910842249706
2023-02-23,101197.86968589097,-0.01044650192103258,False,0.0,6894.601340856151,34386.446629273225,31242.772076699184,13588.354984047191,5111.957801778854,7905.973980640788,2067.762872595553
2023-02-24,100942.53695306955,-0.01294324814426584,False,0.0,6895.011733793107,34387.26331701078,30923.717844965413,13603.902300962578,5139.483728403818,7931.617109819512,2061.5409181143223
2023-02-27,100667.63072706948,-0.015631391861385846,False,0.0,6895.422151158214,34381.546502847894,30801.004678913967,13541.713033301035,5115.890077010992,7909.919077437513,2022.1352063998631
2023-02-28,100960.33978221053,-0.012769164915964248,False,0.0,6895.832592952926,34376.64637642256,31013.707500069813,13603.902300962578,5115.890077010992,7919.78181942933,2034.5791153623238
2023-03-01,101450.83267885377,-0.007972927967867083,False,0.0,6896.243059178696,34379.09643963523,31414.570509171215,13681.638885539507,5076.567324689617,7947.39749700642,2055.3189636330917
2023-03-02,101466.6366483786,-0.007818390393357078,False,0.0,6896.65354983698,34386.71885851907,31373.6661204874,13806.017420862592,5025.447746671828,7941.479851811329,2036.6531001894007
2023-03-03,101787.28572942734,-0.004682954629813274,False,0.0,6897.064064929233,34382.09096133959,31447.294020118272,13914.848639270294,5080.4995999217535,7976.985722981872,2088.50272086632
2023-03-06,101763.33208005212,-0.00491718305383626,False,0.0,6897.4746044569065,34406.319364220384,31242.772076699188,13914.848639270294,5174.874205493055,8030.244529737685,2096.7986601746275
2023-03-07,101245.53385462241,-0.009980422496163044,False,0.0,6897.885168421457,34433.54228880555,30776.46204570368,13868.206688524137,5190.603306421606,8040.107271729502,2038.7270850164778
2023-03-08,100971.59547714284,-0.012659102200927475,False,0.0,6898.295756824339,34452.3261067693,30645.568001915468,13837.112054693365,5127.686902707405,7955.287690599875,2055.318963633092
2023-03-09,100910.28504051379,-0.013258620325403148,False,0.0,6898.7063696670075,34457.49846244048,30563.759224547834,13821.564737777979,5139.483728403818,7955.287690599875,2073.984827076783
2023-03-10,100113.26355443586,-0.021052217187081612,False,0.0,6899.117006950916,34470.837695487215,30113.810949025847,13541.713033301034,5013.650920975415,8010.519045754052,2063.614902941399
2023-03-13,100724.00938378097,-0.015080098665797737,False,0.0,6899.5276686775205,34469.47654925795,30473.76956944343,13728.280836285663,5021.5154714396895,8065.75040090823,2065.688887768476
2023-03-14,100536.01415515978,-0.016918391672179012,False,0.0,6899.938354848275,34481.182406829575,30269.247626024346,13666.09156862412,4919.276315404112,8170.295466021495,2129.9824174078562
2023-03-15,100807.90549843195,-0.014259728691747853,False,0.0,6900.349065464635,34472.743300208174,30261.06674828758,13883.754005439523,5001.854095279002,8164.377820826404,2123.760462926626
2023-03-16,100360.2152781708,-0.018637423843733125,False,0.0,6900.759800528055,34488.80482571342,29884.74637239647,13774.922787031823,4970.395893421901,8233.417014769126,2107.1685843100117
2023-03-17,100924.81249122838,-0.013116565065570018,False,0.0,6901.170560039991,34507.86087292303,30056.544804868496,13992.585223847223,5037.2445723682395,8280.75817632985,2148.6482808515475
2023-03-20,100890.74988869119,-0.013449642902079506,False,0.0,6901.581344001898,34531.00035882042,29876.565494659706,13899.301322354908,4950.734517261212,8535.216919718736,2196.3499318743134
2023-03-21,101196.45319383174,-0.010460352950471874,False,0.0,6901.992152415231,34514.122145577625,30228.343237340527,13868.206688524137,5037.244572368239,8454.342435385834,2192.20196222016
2023-03-22,101357.22629369577,-0.008888248874948768,False,0.0,6902.4029852814465,34512.488770102515,30375.599036602267,13945.943273101067,5092.296425618165,8330.071886288935,2198.4239167013907
2023-03-23,101733.43451874275,-0.005209533440949543,False,0.0,6902.813842601999,34505.410809710374,30686.472390599272,13945.943273101067,5009.718645743276,8389.248338239839,2293.827218746923
2023-03-24,101602.00416593617,-0.0064947123264063045,False,0.0,6903.224724378344,34490.71043043439,30645.568001915457,13837.112054693367,5017.583196207551,8432.644403003835,2275.1613553032316
2023-03-27,101299.11044150408,-0.009456529067097375,False,0.0,6903.635630611938,34493.4327228929,30473.76956944343,13728.280836285667,5080.499599921753,8375.440499451295,2244.05158289708
2023-03-28,101175.52649688463,-0.010664982615419594,False,0.0,6904.046561304236,34499.966224793345,30408.322547549324,13774.922787031823,5076.567324689614,8334.016983085661,2177.684068430623
2023-03-29,101225.58837260075,-0.010175457446668146,False,0.0,6904.457516456695,34507.58864367719,30408.322547549324,13697.186202454894,5096.228700850303,8363.605209061114,2248.199552551234
2023-03-30,101694.45843453231,-0.005590657278749522,False,0.0,6904.86849607077,34517.116667282,30760.100290230144,13728.280836285667,5131.61917793954,8379.385596248023,2273.0873704761552
2023-03-31,101939.22054721032,-0.0031972748335507006,False,0.0,6905.279500147916,34519.83895974051,30841.909067597775,13790.470103947211,5143.4160036359535,8444.479693394016,2293.827218746923
2023-04-03,102397.05462270905,0.0,False,0.0,6905.690528689592,34517.116667281996,31087.335399700674,13930.395956185683,5214.19695781443,8326.12678949221,2416.1923235444533
2023-04-04,102827.7434858006,0.0,False,0.0,6906.101581697251,34529.09475409947,31250.952954435943,14023.679857677998,5245.655159671531,8420.809112613655,2451.4500656047585
2023-04-06,102818.42042958541,-9.066673933655345e-05,False,0.0,6906.512659172352,34539.98392393353,31152.782421594784,13930.395956185683,5194.535581653741,8541.134564913827,2553.0753221315213
2023-04-07,103073.54059134093,0.0,False,0.0,6906.92376111635,34548.96748904663,31390.027875960925,13883.754005439525,5214.19695781443,8537.1894681171,2592.48103384598
2023-04-10,102783.35240539444,-0.002815350906563041,False,0.0,6907.334887530702,34578.9127060903,31267.31470990947,13868.206688524138,5210.264682582292,8456.314983784197,2495.0037469733716
2023-04-11,102981.86194062787,-0.0008894489331315869,False,0.0,6907.746038416864,34591.163022153625,31185.505932541837,14054.774491508768,5237.790609207256,8503.65614534492,2501.2257014546017
2023-04-12,103320.80654852306,0.0,False,0.0,6908.157213776294,34600.146587266725,31152.782421594784,14334.626195985713,5229.926058742981,8562.832597295823,2532.3354738607536
2023-04-13,103025.36849199065,-0.0028594246057657147,False,0.0,6908.568413610447,34592.25193913703,30948.2604781757,14350.173512901098,5210.264682582292,8572.69533928764,2443.1541262964515
2023-04-14,103306.90691758813,-0.0001345288659588828,False,0.0,6908.979637920781,34582.723915532224,31120.05891064773,14287.984245239553,5237.790609207256,8612.146307254909,2557.223291785675
2023-04-17,103873.99353455746,0.0,False,0.0,6909.390886708752,34575.10149664838,31619.0924525903,14443.457414393411,5265.3165358322185,8529.299274523642,2532.3354738607536
2023-04-18,103911.27756297661,0.0,False,0.0,6909.802159975818,34589.52964667851,31676.35859674764,14490.09936513957,5273.181086296494,8491.820854954736,2480.4858531838336
2023-04-19,103679.79754956669,-0.0022276697855978522,False,0.0,6910.213457723435,34610.21906936323,31406.38963143445,14521.19399897034,5273.181086296494,8476.040467767829,2482.5598380109104
2023-04-20,103738.90871794216,-0.0016588078703004827,False,0.0,6910.624779953061,34604.77448444619,31275.495587646237,14630.025217378039,5269.248811064357,8497.738500149826,2551.001337304444
2023-04-21,102755.70338868556,-0.01112077727646743,False,0.0,6911.036126666153,34620.83600995144,30678.291512862514,14427.910097478027,5253.519710135806,8458.287532182558,2405.822399409069
2023-04-24,102280.9641121127,-0.01568947557088629,False,0.0,6911.447497864168,34629.81957506455,30261.066748287583,14459.0047313088,5245.655159671531,8436.589499800559,2337.3809001155355
2023-04-25,102266.68616776937,-0.015826880717644154,False,0.0,6911.858893548565,34632.54186752306,30105.63007128908,14552.288632801114,5265.316535832218,8513.518887336735,2285.531279438616
2023-04-26,102138.96038344731,-0.017056061874084594,False,0.0,6912.2703137208,34632.81409676891,30032.00217165821,14583.383266631885,5229.92605874298,8527.32672612528,2221.237749799235
2023-04-27,102500.88867690292,-0.013573010737154223,False,0.0,6912.681758382331,34682.632048759755,30318.332892444927,14614.477900462656,5202.400132118016,8547.052210108914,2223.311734626312
2023-04-28,103191.68183587056,-0.006925097486843335,False,0.0,6913.093227534616,34698.149115773296,30637.387124178695,14925.42423877037,5281.045636760768,8478.013016166193,2258.569476686617
2023-05-04,103759.53351229406,-0.0014603232126617627,False,0.0,6913.504721179112,34728.63879130867,30637.387124178695,15376.29642931656,5233.858333975117,8669.350210807448,2200.4979015284666
2023-05-05,103605.22539133218,-0.0029453219979799217,False,0.0,6913.916239317276,34791.79597634624,30506.49308039048,15298.559844739631,5214.196957814429,8708.80117877472,2171.4621139493916
2023-05-08,104362.49843586443,0.0,False,0.0,6914.327781950569,34774.37330461174,30874.632578544828,15718.337401455046,5284.977911992905,8616.091404051638,2179.7580532576985
2023-05-09,103863.58871073017,-0.004780546006579733,False,0.0,6914.739349080447,34787.44030841262,30588.30185775811,15516.222281555034,5288.910187225042,8633.844339636908,2134.1303870620095
2023-05-10,103284.52483986928,-0.010329127916170133,False,0.0,6915.150940708369,34833.71928020739,30334.694647918448,15127.539358670389,5288.910187225042,8675.26785600254,2109.242569137088
2023-05-11,103433.39973347614,-0.008902610768362074,False,0.0,6915.562556835792,34882.17608596898,30293.79025923463,15236.370577078089,5316.436113850006,8667.377662409086,2121.686478099549
2023-05-12,102654.79449926723,-0.016363195230005623,False,0.0,6915.974197464175,34862.847809513514,29876.5654946597,14972.06618951653,5320.368389082143,8610.173758856545,2096.7986601746275
2023-05-15,103179.66742757804,-0.011333870173808602,False,0.0,6916.385862594976,34881.903856723126,30391.960792075788,14909.876921854988,5320.368389082143,8643.707081628723,2115.4645236183187
2023-05-16,102826.54478935344,-0.014717486353154952,False,0.0,6916.797552229654,34862.847809513514,30252.885870550814,14723.309118870358,5316.436113850006,8618.063952449998,2136.2043718890864
2023-05-17,102586.16065150152,-0.0170208437991215,False,0.0,6917.209266369668,34859.58105856329,30032.0021716582,14707.761801954972,5328.2329395464185,8586.503178076184,2154.870235332777
2023-05-18,102784.19803320416,-0.015123252378153929,False,0.0,6917.6210050164755,34848.69188872923,30023.82129392144,14863.234971108832,5399.013893724895,8570.722790889276,2161.0921898140077
2023-05-19,102624.34371144621,-0.01665497425290552,False,0.0,6918.032768171536,34872.103603872456,29974.73602750086,14630.025217378045,5481.5916735997835,8541.134564913826,2206.7198560096967
2023-05-22,102788.23316687909,-0.015084587783731562,False,0.0,6918.444555836308,34915.932512454565,30138.35358223613,14598.930583547273,5457.998022206958,8574.667887686006,2183.906022911852
2023-05-23,102148.97902583209,-0.021209912020194177,False,0.0,6918.85636801225,35004.407017356345,29672.043551240615,14396.81546364726,5481.5916735997835,8541.134564913826,2134.130387062009
2023-05-24,101491.22601186903,-0.02751249219814267,False,0.0,6919.268204700822,34983.44536542577,29238.457031192156,14194.700343747243,5430.472095581995,8584.530629677822,2140.3523415432396
2023-05-25,101265.70093996824,-0.029673470282041148,False,0.0,6919.6800659034825,34939.07199835196,29164.829131561288,14101.41644225493,5426.539820349857,8550.997306905641,2163.1661746410837
2023-05-26,101524.75331914918,-0.027191234008825282,False,0.0,6920.091951621691,34937.43862287685,29205.733520245107,14334.626195985717,5422.607545117719,8501.683596946554,2202.5718863555426
2023-05-29,101557.74855137705,-0.026875074155215062,False,0.0,6920.503861856906,34945.60550025239,29074.839476456895,14365.720829816488,5532.711251617572,8509.57379054001,2208.7938408367727
2023-05-30,101741.1413679781,-0.02511780675217623,False,0.0,6920.915796610588,34974.46180031266,29107.562987403948,14474.552048224188,5556.304903010398,8481.95811296292,2225.385719453387
2023-05-31,101442.72727907977,-0.027977206377240882,False,0.0,6921.3277558841955,34992.97338903057,28813.051388880467,14350.173512901101,5513.049875456885,8610.173758856547,2241.977598070001
2023-06-01,101591.75329211618,-0.02654924120517299,False,0.0,6921.7397396791885,35022.37414758254,28878.498410774573,14412.362780562646,5520.91442592116,8604.256113661457,2231.607673934617
2023-06-02,102032.32236092964,-0.022327714551283906,False,0.0,6922.151747997026,34973.917341820954,29312.084930823035,14412.362780562646,5552.37262777826,8629.899242840182,2229.5336891075403
2023-06-05,102107.27363159318,-0.021609532524340502,False,0.0,6922.563780839168,35009.57937302751,29164.829131561295,14598.930583547273,5654.611783813836,8529.299274523644,2227.459704280464
2023-06-06,101675.09310177041,-0.02575068031497496,False,0.0,6922.975838207075,35022.91860607424,28862.136655301052,14474.552048224188,5634.950407653148,8594.39337166964,2163.1661746410837
2023-06-07,101818.64160168731,-0.024375200596988722,False,0.0,6923.387920102206,35056.94726180569,28763.966122459893,14630.025217378045,5662.476334278112,8606.22866205982,2175.6100836035444
2023-06-08,102017.70333790657,-0.02246779382537345,False,0.0,6923.800026526022,35040.61350705459,29025.75421003632,14707.761801954974,5634.950407653148,8556.914952100733,2127.9084325807785
2023-06-09,102350.09139550109,-0.019282856107551427,False,0.0,6924.212157479981,35061.575158985164,29156.648253824533,14754.40375270113,5666.408609510248,8629.899242840182,2156.944220159853
2023-06-12,102316.55112186901,-0.019604238540271712,False,0.0,6924.624312965545,35081.72012317818,29189.37176477159,14614.477900462658,5713.595912295898,8635.816888035273,2156.944220159853
2023-06-13,102711.43760563756,-0.015820441777191774,False,0.0,6925.0364929841735,35121.465593072506,29426.617219137723,14583.383266631887,5784.376866474374,8655.542372018906,2215.0157953180033
2023-06-14,102595.08006668637,-0.01693537808760126,False,0.0,6925.4486975373275,35147.32737142841,29426.617219137723,14474.552048224188,5804.038242635062,8606.22866205982,2210.8678256638495
2023-06-15,102968.36854950417,-0.013358533067479361,False,0.0,6925.860926626467,35052.59159387206,29958.374272027337,14505.64668205496,5788.309141706512,8539.162016515462,2198.423916701389
2023-06-16,103322.62492280573,-0.009964053454486366,False,0.0,6926.273180253052,34976.63963427946,30261.06674828758,14505.64668205496,5835.4964444921625,8598.338468466365,2219.163764972157
2023-06-19,102876.84960457675,-0.014235466317440437,False,0.0,6926.685458418543,34986.984345621815,30015.64041618468,14272.436928324172,5835.4964444921625,8612.146307254909,2227.4597042804644
2023-06-20,102748.92312594595,-0.015461256046012561,False,0.0,6927.097761124401,34994.062306013955,29958.374272027337,14179.153026831858,5847.293270188576,8627.926694441818,2215.0157953180037
2023-06-21,102125.20564785323,-0.02143770819540236,False,0.0,6927.510088372086,35031.62994194148,29508.425996505353,14085.869125339545,5847.293270188576,8592.420823271275,2132.0564022349326
2023-06-26,101445.34616220133,-0.02795211227580785,False,0.0,6927.922440163061,35053.13605236375,29148.467376087763,13790.470103947215,5827.631894027887,8588.47572647455,2109.2425691370877
2023-06-27,101874.12727638039,-0.02384353763831426,False,0.0,6928.334816498785,35032.44662967903,29361.17019724361,14070.321808424158,5796.173692170786,8580.585532881094,2105.0945994829344
2023-06-28,102027.19098859795,-0.022376883289179084,False,0.0,6928.747217380719,35038.43567308777,29426.617219137715,14132.511076085702,5855.15782065285,8550.997306905643,2094.7246753475506
2023-06-29,101861.53422899134,-0.02396420404222166,False,0.0,6929.159642810325,35029.17987872881,29279.361419875975,14085.869125339545,5882.6837472778125,8566.77769409255,2088.50272086632
2023-06-30,102230.17936805885,-0.020431851476955476,False,0.0,6929.572092789063,35077.636684490404,29467.52160782153,14163.605709916472,5910.209673902776,8578.612984482732,2103.0206146558576
2023-07-03,102881.8185394625,-0.0141878540528797,True,9.177116058683957,7201.727297762377,36008.63648881188,30864.545561838753,13374.636410130128,5144.090926973126,8230.545483157002,2057.6363707892506
2023-07-04,102958.28731329615,-0.013455131331789882,False,0.0,7202.155972006291,36002.491350934295,30923.786532206967,13360.130296887037,5123.8119877077925,8241.877119893796,2104.0340536599883
2023-07-05,102734.09102072359,-0.015603377070754765,False,0.0,7202.58467176653,36055.28367179169,30695.285646501,13331.118070400855,5120.432164496903,8247.542938262191,2081.8438575044183
2023-07-06,102452.13179422748,-0.01830510643448191,False,0.0,7203.013397044611,36067.29462309787,30458.321765028155,13287.59973067158,5110.292694864236,8243.765726016594,2081.8438575044183
2023-07-07,102312.68722755324,-0.01964126232155028,False,0.0,7203.4421478420545,36070.92584093462,30365.22881159239,13316.611957157762,5076.494462755346,8232.4340892798,2047.5499179912638
2023-07-10,102468.32987395678,-0.018149896661123877,False,0.0,7203.870924160378,36068.69124534277,30500.636743862593,13345.624183643944,5042.696230646456,8253.208756630589,2053.601789670056
2023-07-11,102791.4346116803,-0.015053911584433921,False,0.0,7204.299726001102,36073.160436526465,30720.674633801664,13360.130296887035,5066.35499312268,8260.763181121783,2106.051344219586
2023-07-12,102610.27804892854,-0.016789751234373873,False,0.0,7204.728553365744,36072.322463179524,30559.877714230803,13374.636410130126,5090.013755598902,8255.097362753388,2053.6017896700564
2023-07-13,103438.40292945008,-0.008854670214533567,False,0.0,7205.157406255826,36067.29462309786,31093.046447544715,13534.203655804129,5123.8119877077925,8324.975789296943,2089.913019742808
2023-07-14,103426.61824648765,-0.00896759088181398,False,0.0,7205.586284672864,36055.84232068965,31076.12045601094,13592.228108776495,5113.6725180751255,8287.203666840967,2095.9648914215995
2023-07-17,103159.13349698561,-0.011530626009479295,False,0.0,7206.01518861838,36081.54016999589,30839.156574538087,13490.685316074856,5140.711103762238,8321.198577051346,2079.826566944821
2023-07-18,103154.53600007144,-0.011574679160592627,False,0.0,7206.444118093893,36104.44477481233,30788.37859993676,13461.673089588672,5164.369866238462,8351.416275016125,2077.8092763852237
2023-07-19,103404.3232606802,-0.00918122112391806,False,0.0,7206.873073100922,36113.94180607767,30771.45260840299,13563.21588229031,5245.4856232998,8447.735187278862,2055.6190802296533
2023-07-20,103000.75860318099,-0.013048172026279059,False,0.0,7207.302053640988,36113.103832730725,30534.488726930136,13476.179202831761,5208.30756798002,8442.069368910466,2019.3078501569016
2023-07-21,102977.63118520155,-0.01326977862180967,False,0.0,7207.731059715609,36150.25398444519,30551.414718463908,13461.67308958867,5191.408451925576,8409.963064822889,2005.1868162397207
2023-07-24,102857.27790077074,-0.014423002109504979,False,0.0,7208.160091326306,36160.3096646085,30407.543790426822,13490.685316074854,5208.30756798002,8389.188397472102,1993.0830728821368
2023-07-25,103940.2978609496,-0.0040455200023242766,False,0.0,7208.5891484746,36067.853271995824,31355.39931631822,13737.289241207403,5198.168098347353,8347.63906277053,2025.3597218356936
2023-07-26,103888.27452799024,-0.004544006850943805,False,0.0,7209.018231162009,36074.55705877137,31279.232354416235,13708.27701472122,5208.30756798002,8383.522579103706,2025.3597218356936
2023-07-27,103911.37102635838,-0.004322696526696257,False,0.0,7209.447339390054,36105.84139705723,31245.380371348685,13737.289241207403,5221.826860823577,8400.520034208896,1991.0657823225395
2023-07-28,104824.77134997623,0.0,False,0.0,7209.876473160256,36080.42287219997,32057.827964969885,13969.387053096863,5184.648805503798,8317.421364805748,2005.1868162397204
2023-07-31,105066.97243553335,0.0,False,0.0,7210.305632474135,36047.183262771236,32193.235897240087,14056.423732555411,5201.547921558243,8326.864395419741,2031.4115935144853
2023-08-01,105011.26331210832,-0.0005302248854577307,False,0.0,7210.73481733321,36073.43976097544,32040.901973436114,14056.423732555411,5235.346153667134,8358.970699507321,2035.44617463368
2023-08-02,104584.18923155408,-0.004595004431820815,False,0.0,7211.164027739003,36074.83638322034,31795.475096196376,13911.362600124497,5194.788275136465,8357.08209338452,2039.4807557528745
2023-08-03,104855.05357502772,-0.0020169883607872308,False,0.0,7211.593263693036,36090.757876812255,32100.142943804327,13940.37482661068,5147.4707501840185,8321.198577051344,2043.5153368720692
2023-08-04,105050.6121228551,-0.00015571318273477353,False,0.0,7212.022525196827,36103.04815256741,32277.865854908967,13954.88093985377,5157.6102198166855,8311.75554643735,2033.428884074083
2023-08-07,104651.63081715225,-0.003953113035934597,False,0.0,7212.4518122518975,36118.690321710346,32015.512986135454,13824.32592066595,5130.571634129573,8328.75300154254,2021.3251407164992
2023-08-08,104625.32743336466,-0.004203461772344097,False,0.0,7212.881124859769,36126.23208183284,31888.568049632144,13882.350373638315,5167.749689449352,8336.307426033734,2011.2386879185126
2023-08-09,104439.67169050984,-0.005970484639294282,False,0.0,7213.310463021963,36133.21519305735,31820.864083497043,13780.807580936676,5167.749689449352,8330.641607665339,1993.0830728821368
2023-08-10,104418.85468031399,-0.006168615504905883,False,0.0,7213.73982674,36118.96964615933,31863.17906233148,13780.807580936676,5140.71110376224,8302.312515823358,1999.1349445609287
2023-08-11,103479.77019671757,-0.015106576329584898,False,0.0,7214.169216015402,36129.5839752206,31059.194464477165,13635.746448505764,5144.09092697313,8338.196032156535,1958.7891333689824
2023-08-14,103246.45469488512,-0.017327212333687947,False,0.0,7214.598630849688,36148.01938885333,30830.6935787712,13606.734222019582,5154.230396605796,8349.527668893328,1942.650808892204
2023-08-15,103396.8380842953,-0.015895902513635263,False,0.0,7215.028071244381,36224.27496342513,30796.84159570365,13693.77090147813,5208.30756798002,8368.413730121314,1890.2012543426742
2023-08-16,102996.65355337603,-0.019704754350160947,False,0.0,7215.457537201002,36244.10699930278,30542.951722697027,13621.240335262673,5150.850573394907,8372.190942366911,1849.8554431507282
2023-08-17,103057.01245029332,-0.019130274135131242,False,0.0,7215.887028721074,36232.37537244558,30652.970667666563,13606.734222019582,5120.432164496905,8364.636517875717,1863.9764770679092
2023-08-18,102525.85882769557,-0.02418565557694108,False,0.0,7216.316545806117,36251.0901105273,30229.82087932219,13577.721995533402,5059.595346700903,8349.527668893326,1841.786280912339
2023-08-21,102046.64581273175,-0.028746679882251325,False,0.0,7216.746088457652,36284.88836885399,29789.74509944404,13476.179202831763,5079.874285966236,8381.633972980904,1817.5787941971714
2023-08-22,102444.93451076542,-0.02495587208793648,False,0.0,7217.175656677203,36264.218359629405,29984.394002082456,13664.758674991946,5100.153225231571,8368.413730121314,1845.8208620315336
2023-08-23,101929.39264872861,-0.029862664870541344,False,0.0,7217.60525046629,36260.587141792654,29518.929234903644,13621.240335262673,5103.53304844246,8408.074458700088,1799.4231791607956
2023-08-24,102187.08369290309,-0.027410028821352794,False,0.0,7218.034869826437,36251.92808387424,29713.578137542056,13563.21588229031,5177.88915908202,8430.737732173675,1831.6998281143526
2023-08-25,101918.81349468483,-0.029963354495440075,False,0.0,7218.464514759165,36234.330643588444,29654.337167173842,13548.709769047218,5073.114639544459,8400.520034208894,1789.3367263628093
2023-08-28,102546.47642354405,-0.023989422685000372,False,0.0,7218.8941852659955,36188.24210950659,30102.87594281888,13708.27701472122,5120.432164496907,8404.297246454491,1803.4577602799905
2023-08-29,102828.05172152333,-0.021309462546698632,False,0.0,7219.323881348451,36142.99154877168,30289.061849690403,13722.78312796431,5150.850573394909,8426.960519928076,1876.0802204254933
2023-08-30,102905.83557596177,-0.020569136137406074,False,0.0,7219.7536030080555,36213.660634363856,30280.59885392351,13592.228108776491,5221.8268608235785,8455.289611770058,1922.4779032962313
2023-08-31,102753.4661967791,-0.022019348089369895,False,0.0,7220.18335024633,36220.92307003736,30119.80193435265,13519.697542561034,5248.86544651069,8487.395915857636,1936.5989372134127
2023-09-01,102929.72550827554,-0.02034175800172755,False,0.0,7220.613123064796,36181.538322731045,30314.450836991058,13592.22810877649,5218.447037612689,8477.952885243643,1924.4951938558288
2023-09-04,103675.71194009506,-0.013241653996377667,False,0.0,7221.0429214649785,36092.15449905716,30805.304591470533,13867.844260395223,5228.586507245356,8510.059189331223,1950.7199711305936
2023-09-05,103342.70955505598,-0.01641108371648703,False,0.0,7221.472745448399,36118.690321710346,30576.803705764567,13737.289241207402,5231.9663304562455,8513.83640157682,1942.6508088922044
2023-09-06,103207.23254190838,-0.017700518540838872,False,0.0,7221.902595016581,36090.757876812255,30492.173748095694,13679.264788235037,5231.9663304562455,8508.170583208424,1982.9966200841504
2023-09-07,102577.16294275974,-0.02369735641046755,False,0.0,7222.332470171045,36045.78664052633,30043.634972450654,13664.758674991946,5188.028628714687,8506.281977085624,1906.3395788194528
2023-09-08,102478.16667587234,-0.02463957702073727,False,0.0,7222.762370913318,36075.11570766932,29865.912061346018,13606.734222019582,5218.44703761269,8566.717373015184,1922.4779032962313
2023-09-11,102794.57332311301,-0.021628101198163163,False,0.0,7223.192297244919,36075.11570766932,30102.875942818868,13693.77090147813,5191.4084519255775,8583.714828120374,1924.4951938558286
2023-09-12,102730.73263918226,-0.022235720152539384,False,0.0,7223.622249167374,36081.540169995875,30060.56096398443,13664.758674991948,5208.307567980022,8585.603434243174,1906.3395788194528
2023-09-13,102532.92972780691,-0.024118356596610435,False,0.0,7224.052226682205,36118.96964615933,29848.986069812243,13679.264788235041,5171.129512660243,8606.378101593962,1884.1493826638825
2023-09-14,102675.24007009504,-0.022763883930374207,False,0.0,7224.482229790936,36137.684384241045,29823.59708251158,13766.301467693587,5194.788275136466,8672.479315891918,1855.9073148295204
2023-09-15,102504.13945244465,-0.024392374917447945,False,0.0,7224.91225849509,36119.24897060831,29679.72615447449,13780.807580936678,5231.9663304562455,8589.380646488775,1878.0975109850906
2023-09-18,102445.91606115298,-0.024946529947730056,False,0.0,7225.3423127961905,36079.58489885302,29789.74509944403,13780.807580936678,5174.509335871131,8544.054099541605,1851.8727337103255
2023-09-19,102525.00679998792,-0.02419376495411163,False,0.0,7225.7723926957615,36075.3950321183,29747.430120609595,13853.338147152135,5171.129512660242,8610.155313839563,1841.786280912339
2023-09-20,102480.74887095607,-0.024615000362403383,False,0.0,7226.202498195326,36060.870160771294,29595.096196805618,13940.374826610683,5164.369866238464,8676.25652813752,1817.5787941971714
2023-09-21,102009.45018705032,-0.029100698131937275,False,0.0,7226.6326292964095,36087.964632322444,29298.891344964555,13824.325920665953,5110.292694864239,8649.816042418335,1811.5269225183795
2023-09-22,102630.84542368515,-0.023186420578959255,False,0.0,7227.062786000534,36061.42880966926,29933.61602748111,13896.85648688141,5046.076053857347,8613.932526085158,1851.8727337103257
2023-09-25,102396.24700218542,-0.02541926707735498,False,0.0,7227.492968309225,36053.88704954677,29696.652146008262,13896.85648688141,5035.936584224679,8651.704648541134,1833.7171186739502
2023-09-26,102100.84253373023,-0.028230849648047673,False,0.0,7227.923176224005,36012.267706648614,29518.929234903626,13867.844260395228,5012.277821748456,8646.038830172738,1815.5615036375743
2023-09-27,101907.5877940409,-0.030070197782000152,False,0.0,7228.353409746399,35929.0290208523,29603.559192572502,13824.325920665955,4985.239236061343,8519.50221994522,1817.5787941971716
2023-09-28,101803.50497480598,-0.03106083086889888,False,0.0,7228.783668877932,36090.47855236327,29485.077251836075,13809.819807422864,4971.719943217787,8377.856760735312,1839.7689903527419
2023-10-09,101656.96910632681,-0.03245552098970805,False,0.0,7229.213953620127,36121.48356620014,29400.447294167203,13766.30146769359,4968.340120006897,8319.30997092855,1851.8727337103255
2023-10-10,101186.11221918669,-0.036937013853024725,False,0.0,7229.644263974508,36095.22706799594,29171.94640846124,13577.721995533406,5035.936584224679,8211.65942192902,1863.9764770679094
2023-10-11,101261.106663686,-0.03622323631893487,False,0.0,7230.074599942602,36028.18920024052,29239.65037459634,13577.721995533406,5066.354993122681,8224.879664788612,1894.2358354618689
2023-10-12,101850.35408023908,-0.030614933320439075,False,0.0,7230.504961525931,36022.88203570989,29544.318222204285,13751.7953544505,5103.533048442459,8290.980879086566,1906.3395788194528
2023-10-13,101550.87667627516,-0.03346528102744728,False,0.0,7230.935348726022,36053.3284006488,29248.113370363222,13737.289241207409,5059.595346700902,8319.309970928549,1902.3049977002581
2023-10-16,101297.377225369,-0.035878022586757985,False,0.0,7231.365761544399,36057.23894293454,28884.20455238706,13795.313694179775,5056.215523490013,8423.18330768248,1849.8554431507284
2023-10-17,101542.80930173445,-0.03354206419111616,False,0.0,7231.796199982586,36039.082853750784,28985.76050158971,13867.84426039523,5093.393578809792,8460.955430138456,1863.9764770679094
2023-10-18,101277.00513702455,-0.036071918802402236,False,0.0,7232.2266640421085,36032.09974252626,28748.79662011686,13795.313694179773,5086.633932388015,8542.1654934188,1839.7689903527416
2023-10-19,100265.90714005004,-0.04569528543738255,False,0.0,7232.657153724492,35966.45849701575,28097.14594606652,13505.19142931795,5019.037468170234,8587.49204036597,1857.9246053891175
2023-10-20,100183.29542334932,-0.04648156217864308,False,0.0,7233.087669031261,35994.9495908118,27944.812022262548,13548.709769047224,4958.200650374231,8681.922346505911,1821.613375316366
2023-10-23,99497.21706936682,-0.053011476747214736,False,0.0,7233.5182099639405,36029.02717358747,27623.21818312082,13273.093617428489,4924.402418265341,8634.707193435941,1779.2502735648225
2023-10-24,99630.39246715938,-0.05174394809662686,False,0.0,7233.948776524057,36011.70905775065,27665.533161955263,13345.624183643946,4917.6427718435625,8640.373011804339,1815.5615036375739
2023-10-25,99972.0510985038,-0.048492130485207174,False,0.0,7234.379368713136,36054.72502289372,27834.793077293012,13505.191429317949,4921.022595054452,8606.378101593962,1815.5615036375739
2023-10-26,100156.19897382472,-0.04673945910758737,False,0.0,7234.809986532701,36098.29963693474,27944.812022262548,13548.709769047222,4843.286661204004,8668.70210364632,1817.5787941971712
2023-10-27,100712.23964101884,-0.041447209275840446,False,0.0,7235.2406299842805,36081.54016999588,28401.813793674468,13606.734222019584,4843.286661204004,8685.699558751508,1857.9246053891172
2023-10-30,100744.44027785189,-0.04114073202531521,False,0.0,7235.671299069399,36130.70127301652,28537.221725944666,13374.636410130126,4823.00772193867,8704.585619979494,1938.6162277730095
2023-10-31,100720.61665403096,-0.04136747905407867,False,0.0,7236.101993789581,36141.87425097576,28469.517759809565,13374.636410130126,4836.527014782227,8725.36028733028,1936.5989372134122
2023-11-01,100734.6738474973,-0.04123368635842484,False,0.0,7236.532714146354,36149.41601109825,28452.591768275794,13389.142523373217,4887.224362945562,8693.253983242701,1926.5124844154257
2023-11-02,100703.78983815854,-0.041527632292364336,False,0.0,7236.963460141244,36176.78980709838,28308.720840238708,13418.154749859399,4944.681357530676,8712.140044470689,1906.3395788194525
2023-11-03,100968.08439955974,-0.03901214569105993,False,0.0,7237.394231775776,36174.275887057556,28545.684721711557,13331.118070400851,5022.417291381124,8706.474226102291,1950.7199711305934
2023-11-06,101355.30363748306,-0.03532669412671696,False,0.0,7237.825029051476,36163.94088244526,28951.908518522152,13302.10584391467,5049.455877068237,8663.036285277918,1987.031201203345
2023-11-07,101268.74469477241,-0.03615053953411895,False,0.0,7238.255851969872,36173.71723815959,28858.815565086392,13331.118070400851,5042.696230646458,8629.041375067542,1995.1003634417343
2023-11-08,101166.6525946993,-0.03712222547601418,False,0.0,7238.686700532489,36177.34845599635,28765.722611650628,13331.118070400851,5059.595346700904,8595.046464857165,1999.1349445609287
2023-11-09,101169.61286912537,-0.03709405035725477,False,0.0,7239.117574740854,36179.30372713922,28791.111598951295,13360.130296887033,5086.633932388016,8538.388281173202,1974.927457845761
2023-11-10,100882.0886100282,-0.03983063115359964,False,0.0,7239.548474596493,36180.700349384126,28562.61071324533,13287.599730671576,5046.076053857348,8600.712283225563,1964.8410050477744
2023-11-13,100971.28679729825,-0.03898166610585563,False,0.0,7239.979400100933,36224.83361232311,28520.295734410895,13331.11807040085,5113.672518075128,8570.494585260783,1970.8928767265666
2023-11-14,101055.97814630414,-0.038175595967517295,False,0.0,7240.410351255701,36221.76104338432,28520.295734410895,13345.62418364394,5130.571634129575,8608.266707716759,1989.0484917629421
2023-11-15,101469.4967687207,-0.03423983373100403,False,0.0,7240.841328062324,36220.92307003738,28731.870628583078,13447.16697634558,5201.5479215582445,8644.150224049936,1982.9966200841502
2023-11-16,101108.43597459084,-0.03767631605994326,False,0.0,7241.272330522327,36242.15172815993,28427.202780975127,13432.660863102488,5208.307567980023,8610.155313839557,1946.6853900113986
2023-11-17,101070.13290939678,-0.03804087462964567,False,0.0,7241.703358637239,36245.5036215477,28384.88780214069,13403.648636616306,5204.927744769134,8634.707193435941,1954.7545522497878
2023-11-20,101045.55201839506,-0.038274829129636756,False,0.0,7242.134412408586,36225.95091011904,28477.980755576453,13461.67308958867,5150.850573394909,8540.276887296004,1946.6853900113986
2023-11-21,101099.51744081361,-0.03776120033490138,False,0.0,7242.565491837896,36208.912118731205,28520.29573441089,13505.191429317945,5171.129512660243,8528.94525055921,1922.4779032962308
2023-11-22,100600.56395732201,-0.04251010926342069,False,0.0,7242.996596926696,36166.73412693509,28190.238899502277,13447.166976345581,5164.369866238465,8496.838946471631,1892.218544902271
2023-11-23,100830.24045961902,-0.04032410830638422,False,0.0,7243.427727676512,36120.64559285324,28351.035819073142,13534.203655804127,5181.268982292911,8489.284521980437,1910.374159938647
2023-11-24,100629.96658148037,-0.04223026276668829,False,0.0,7243.858884088874,36147.46073995541,28139.460924900955,13534.203655804127,5188.028628714689,8496.838946471631,1880.1148015446875
2023-11-27,100432.04534975464,-0.04411402535294895,False,0.0,7244.2900661653075,36142.15357542477,27936.349026495653,13432.660863102488,5184.648805503801,8585.603434243174,1906.3395788194523
2023-11-28,100494.81424666611,-0.043516607387469985,False,0.0,7244.721273907341,36138.801682036996,27970.201009563203,13432.660863102488,5188.028628714689,8612.043919962356,1908.3568693790494
2023-11-29,100200.20154829069,-0.04632065409735486,False,0.0,7245.152507316502,36125.39410848591,27741.700123857237,13331.11807040085,5177.889159082022,8670.590709769118,1908.3568693790494
2023-11-30,100278.56189855075,-0.0455748407514136,False,0.0,7245.583766394318,36151.65060669011,27775.552106924788,13360.130296887031,5174.509335871133,8666.81349752352,1904.3222882598548
2023-12-01,100382.83935661094,-0.044582355143015784,False,0.0,7246.015051142318,36179.30372713923,27657.07016618836,13519.697542561034,5201.5479215582445,8666.81349752352,1912.391450498244
2023-12-04,100204.44890372209,-0.04628022887777394,False,0.0,7246.446361562029,36152.76790448605,27453.958267783062,13461.67308958867,5228.586507245357,8768.798228154652,1892.218544902271
2023-12-05,99248.93459485103,-0.05537456448792344,False,0.0,7246.877697654979,36148.85736220032,26895.400547168483,13287.599730671574,5184.6488055038,8649.816042418332,1835.7344092335468
2023-12-06,99279.91542192732,-0.05507969706804705,False,0.0,7247.309059422696,36143.82952211866,26937.71552600292,13244.0813909423,5225.206684034469,8646.038830172734,1835.7344092335468
2023-12-07,99156.72679950317,-0.056252174199238114,False,0.0,7247.740446866709,36163.66155799631,26861.548564100933,13229.575277699209,5181.268982292911,8657.370466909526,1815.5615036375739
2023-12-08,99294.2795103691,-0.054942983426178316,False,0.0,7248.171859988546,36182.09697162905,26920.789534469146,13215.069164456118,5221.826860823579,8670.590709769118,1835.7344092335468
2023-12-11,99703.50361779412,-0.05104809526162113,False,0.0,7248.603298789736,36233.77199469052,27123.901432874445,13345.62418364394,5269.144385776027,8606.37810159396,1876.0802204254928
2023-12-12,99827.80952503694,-0.04986498410536233,False,0.0,7249.034763271807,36230.42010130275,27191.605399009546,13418.154749859395,5296.1829714631385,8572.383191383582,1870.028348746701
2023-12-13,99292.54707305193,-0.05495947231204812,False,0.0,7249.466253436287,36281.25715101727,26700.751644530068,13331.118070400848,5326.60138036114,8553.497130155594,1849.855443150728
2023-12-14,99288.12996653326,-0.055001513178138284,False,0.0,7249.897769284706,36246.62091934364,26565.343712259866,13316.611957157756,5384.058374946255,8683.810952628708,1841.7862809123387
2023-12-15,99138.59957719804,-0.05642470436628233,False,0.0,7250.329310818592,36279.3018798744,26506.102741891656,13244.0813909423,5360.399612470032,8668.702103646317,1829.6825375547548
2023-12-18,99004.90701540305,-0.0576971552487614,False,0.0,7250.760878039474,36309.189595915355,26387.62080115523,13229.575277699209,5384.058374946255,8642.261617927134,1801.4404697203925
2023-12-19,99077.90793020546,-0.05700235160961398,False,0.0,7251.192470948881,36305.55837807861,26404.54679268901,13215.069164456118,5411.096960633367,8666.813497523519,1823.6306658759627
2023-12-20,98780.22729681838,-0.05983559812359074,False,0.0,7251.624089548342,36280.13985322134,26142.193923915493,13171.550824726843,5438.13554632048,8695.1425893655,1801.4404697203925
2023-12-21,98974.73712456775,-0.05798430438931368,False,0.0,7252.055733839386,36293.826751221415,26404.54679268901,13142.53859824066,5367.15925889181,8697.0311954883,1817.5787941971707
2023-12-22,99139.67085730993,-0.05641450820199723,False,0.0,7252.487403823543,36343.267178691036,26455.324767290334,13157.04471148375,5397.577667789811,8738.580530189873,1795.3885980416003
2023-12-25,99241.16912071266,-0.05544847424241972,False,0.0,7252.919099502342,36373.43421918098,26531.49172919232,13142.538598240659,5407.717137422478,8751.800773049465,1781.267564124419
2023-12-26,99085.41380120213,-0.056930912690011715,False,0.0,7253.350820877312,36401.92531297703,26362.231813854574,13128.032484997568,5424.616253476923,8776.352652645848,1738.9044623728757
2023-12-27,99370.98456962725,-0.05421292470762895,False,0.0,7253.782567949983,36437.958166895565,26446.86177152345,13229.575277699205,5434.75572310959,8800.904532242232,1767.146530207238
2023-12-28,100114.46705188633,-0.047136652640160204,False,0.0,7254.214340721885,36471.1977763243,27157.753415942003,13200.563051213023,5424.616253476923,8804.681744487829,1801.4404697203922
2023-12-29,100265.38257607742,-0.04570027810025712,False,0.0,7254.646139194547,36504.15806130404,27242.383373610875,13258.587504185387,5417.856607055145,8778.241258768645,1809.5096319587815
2024-01-02,100006.01921987138,-0.04816883077855172,True,14.297161041680491,7000.421345390996,35002.106726954975,30001.805765961406,13000.782498583278,5000.300960993569,8000.48153758971,2000.1203843974274
2024-01-03,99964.24207285269,-0.04856645475162591,False,0.0,7000.838037137745,34992.72467419775,29907.252328312614,13141.331498567963,4962.962061471526,7995.337636043896,1963.795837121197
2024-01-04,99794.45366680433,-0.05018245645142305,False,0.0,7001.2547536875745,35020.33471516901,29623.592015366245,13295.935398551115,4944.292611710504,7974.762029860639,1934.28214245926
2024-01-05,99655.90401988129,-0.05150113580147331,False,0.0,7001.671495041961,35057.05875024729,29462.8511713633,13309.990298549583,4922.511586989313,7997.0522698925,1904.7684477973228
2024-01-08,98964.5817691039,-0.05808096041002542,False,0.0,7002.08826120238,35047.94475614027,29018.450014413982,13155.386398566432,4928.734736909653,7973.047396012034,1838.9302058591556
2024-01-09,99224.68244770572,-0.0556053900897574,False,0.0,7002.505052170308,35053.57398779461,29094.092764533012,13253.77069855571,5012.74726083425,7971.33276216343,1836.6599216543914
2024-01-10,98944.57472412077,-0.058271382238306524,False,0.0,7002.921867947222,35049.0169907411,28942.807264294945,13183.496198563369,5009.635685874079,7940.469352888545,1816.2273638115119
2024-01-11,99088.7437166493,-0.05689921942456411,False,0.0,7003.3387085346,35057.862926197915,29122.45879582765,13071.056998575623,5050.086160356293,7940.469352888545,1843.4707742686844
2024-01-12,98999.72909860639,-0.05774643730835283,False,0.0,7003.755573933918,35046.33640423904,29018.45001441398,13127.276598569497,5028.305135635101,7966.188860617614,1809.4165111972184
2024-01-15,99129.18318355252,-0.056514327141425125,False,0.0,7004.172464146652,35034.54182362996,28980.62863935446,13225.660898558774,5053.197735316463,8012.483974529942,1818.497648016276
2024-01-16,99377.24937573783,-0.054153297919444676,False,0.0,7004.589379174279,35010.14848646117,29188.646202181804,13309.990298549583,5028.305135635101,8019.34250992436,1816.2273638115114
2024-01-17,98363.47337224874,-0.06380215312093163,False,0.0,7005.006319018277,35036.1501755312,28479.49541981587,13127.276598569495,5006.524110913909,7940.469352888543,1768.5513955114593
2024-01-18,98710.99431999068,-0.06049453951328565,False,0.0,7005.423283680124,35028.376474675206,28904.98588923543,13042.947198578684,5009.635685874079,7914.749845159471,1804.8759427876898
2024-01-19,98845.1222569972,-0.059217944843263925,False,0.0,7005.840273161295,35088.68967097167,28971.173295589586,12958.617798587873,5059.420885236803,7961.044959071799,1800.335374378161
2024-01-22,97852.0813172139,-0.06866944912442707,False,0.0,7006.257287463269,35105.309307284464,28318.754575812927,12621.30019862463,5140.321834201229,7930.181549796914,1729.956564030465
2024-01-23,98171.08832326875,-0.0656332237658771,False,0.0,7006.674326587522,35084.400732568356,28526.772138640266,12705.629598615442,5152.768134041909,7942.1839867371455,1752.6594060781088
2024-01-24,98975.19175621086,-0.057979977324085,False,0.0,7007.091390535533,35071.80197600865,29008.9946706491,13000.782498583278,5208.776483324974,7931.896183645518,1745.8485534638155
2024-01-25,99917.36961887898,-0.049012574525396646,False,0.0,7007.508479308779,35117.37194654376,29538.49392148233,13394.319698540392,5183.8838836436125,7895.8888728248185,1779.9028165352813
2024-01-26,100048.78891246053,-0.047761760015992305,False,0.0,7007.925592908738,35142.30140101296,29481.761858893053,13619.198098515886,5146.5449841215695,7930.181549796913,1720.8754272114072
2024-01-29,99769.68348111516,-0.05041821260880508,False,0.0,7008.342731336887,35154.63209892246,29198.101545946683,13619.198098515886,5168.326008842761,7945.613254434356,1675.4697431161194
2024-01-30,99251.37859961424,-0.05535130308896474,False,0.0,7008.759894594704,35247.3803918939,28668.60229511345,13520.813798526608,5230.557508046166,7967.903494466217,1607.3612169731878
2024-01-31,98925.39176679142,-0.05845396061555175,False,0.0,7009.177082683667,35256.22632735072,28470.04007605099,13436.484398535797,5208.776483324974,7978.191297557845,1566.4961012874287
2024-02-01,98717.32546547317,-0.06043428132428741,False,0.0,7009.594295605256,35223.523172025525,28432.218700991474,13295.935398551113,5165.214433882591,8003.910805286917,1586.928659130308
2024-02-02,98501.39259996297,-0.06248947393624449,False,0.0,7010.0115333609465,35220.30646822305,28148.558388045098,13324.04519854805,5252.338532767358,8022.771777621569,1523.3607013969054
2024-02-05,98705.54202131946,-0.060546433067890204,False,0.0,7010.428795952218,35262.659734955676,28337.665263342682,13352.15499854499,5274.1195574885505,7961.044959071798,1507.4687119635546
2024-02-06,99898.25064695682,-0.04919454390624922,False,0.0,7010.846083380548,35208.77994626417,29311.56567112523,13534.868698525079,5274.1195574885505,7943.898620585751,1614.1720695874808
2024-02-07,100383.553177955,-0.04457556117791428,False,0.0,7011.2633956474165,35192.160309951374,29585.770640306724,13689.472598508231,5292.789007249571,7959.330325223194,1652.7669010684756
2024-02-08,100874.4988440383,-0.03990286856383385,False,0.0,7011.6807327543,35256.22632735072,29793.78820313406,13675.417698509764,5429.6983054970615,7993.623002195289,1714.0645745971142
2024-02-19,101409.69767468632,-0.03480898588841552,False,0.0,7012.098094702678,35245.50398134246,30049.082484785795,13998.680398474537,5404.805705815699,7962.7595929204035,1736.7674166447582
2024-02-20,101618.36727988014,-0.03282292309097601,False,0.0,7012.51548149403,35256.76244465113,30162.54660996434,14111.119598462285,5386.136256054678,7959.330325223194,1729.956564030465
2024-02-21,102126.14307915674,-0.027990045665216345,False,0.0,7012.932893129832,35279.01131261827,30616.403110678537,14181.394098454626,5342.574206612295,7959.330325223194,1734.497132439994
2024-02-22,102651.11267896961,-0.022993522136997457,False,0.0,7013.350329611566,35294.55871433025,30862.242048565393,14350.052898436248,5417.252005656381,7954.18642367738,1759.4702586924022
2024-02-23,102819.40194530092,-0.021391788857449745,False,0.0,7013.767790940709,35339.05645026452,30890.60807986003,14378.162698433185,5495.041379660637,7938.754719039936,1764.0108271019312
2024-02-26,102137.53282662839,-0.02788164102379931,False,0.0,7014.185277118741,35342.273154067,30559.671048089265,14012.735298473008,5460.814055098765,7974.762029860636,1773.0919639209887
2024-02-27,102728.28675680823,-0.022258999422107406,False,0.0,7014.602788147141,35352.45938277484,30947.340142449306,14111.119598462286,5479.483504859786,7966.188860617613,1857.092479497271
2024-02-28,102263.83114622097,-0.026679566607216376,False,0.0,7015.020324027388,35355.40802792711,30606.947766913658,13998.680398474538,5547.938153983531,7964.474226769007,1775.362248125753
2024-02-29,102995.3892427495,-0.019716787728464524,False,0.0,7015.4378847609605,35369.079019087636,31126.991673982007,14111.119598462286,5513.71082942166,7967.903494466217,1891.1467425687367
2024-03-01,103334.82061082705,-0.016486168627054543,False,0.0,7015.855470349339,35347.36626842091,31382.285955633746,14111.119598462286,5541.715004063191,8002.1961714383115,1934.2821424592603
2024-03-04,103522.92678933128,-0.014695823153650478,False,0.0,7016.273080794002,35348.70656167195,31353.91992433911,14181.394098454628,5582.165478545405,8101.644934657386,1938.8227108687888
2024-03-05,104005.9407733337,-0.010098622217849407,False,0.0,7016.69071609643,35350.04685492298,31628.124893520602,14307.888198440845,5566.607603744553,8211.38150096809,1925.2010056402025
2024-03-06,103932.38063659164,-0.010798748385348889,False,0.0,7017.108376258102,35398.29741196014,31495.750080812293,14307.888198440845,5541.7150040631905,8271.393685669256,1900.2278793877942
2024-03-07,103874.57596777896,-0.011348918124446827,False,0.0,7017.526061280498,35429.39221538409,31316.098549279588,14350.052898436248,5526.157129262339,8375.986350434145,1859.3627637020352
2024-03-08,104152.89435458716,-0.008699956415961663,False,0.0,7017.943771165098,35415.18510692315,31410.651986928384,14434.38229842706,5600.834928306425,8369.127815039727,1904.7684477973228
2024-03-11,104518.62582214955,-0.005219019837278016,False,0.0,7018.361505913382,35392.40012165559,31864.50848764258,14335.99799843778,5582.165478545404,8399.991224314612,1925.2010056402025
2024-03-12,104137.0233621354,-0.008851012376591916,False,0.0,7018.779265526829,35358.356673079375,31911.78520646697,13984.62549847607,5563.496028784382,8365.698547342517,1934.2821424592603
2024-03-13,103863.05052544588,-0.011458614274111323,False,0.0,7019.197050006919,35348.43850302173,31713.22298740451,13956.515698479134,5547.938153983531,8350.266842705076,1927.471289844967
2024-03-14,103748.74560161945,-0.01254653868248401,False,0.0,7019.614859355133,35328.87022155665,31590.30351846108,13998.68039847454,5551.049728943702,8362.269279645308,1897.95759518303
2024-03-15,103884.82363612409,-0.011251383493843359,False,0.0,7020.032693572952,35351.11908952379,31675.401612344995,14012.73529847301,5523.045554302169,8399.991224314614,1902.498163592559
2024-03-18,104227.12824806836,-0.007993417607805253,False,0.0,7020.450552661855,35384.09030349918,31968.517269056243,14026.790198471477,5541.7150040631905,8333.120504219029,1952.4444160973756
2024-03-19,103954.93031408283,-0.01058412644499529,False,0.0,7020.868436623323,35412.50452042107,31751.04436246403,13970.570598477603,5519.9339793419995,8350.266842705076,1929.7415740497315
2024-03-20,104124.00121603809,-0.008974953761743176,False,0.0,7021.286345458836,35406.07111281611,31779.410393758666,14054.899998468412,5569.719178704724,8367.413181191123,1925.2010056402028
2024-03-21,104474.05180133974,-0.005643263724548708,False,0.0,7021.704279169875,35412.50452042107,31760.499706228904,14139.229398459223,5681.735877270853,8535.447298354387,1922.9307214354385
2024-03-22,104078.85202224465,-0.00940467199523598,False,0.0,7022.122237757921,35421.35045587787,31467.384049517652,14068.95489846688,5715.963201832725,8480.579015199037,1902.498163592559
2024-03-25,103842.70399122617,-0.011652267272271088,False,0.0,7022.5402212244535,35404.194702264664,31287.732517984954,14097.064698463815,5678.624302310682,8497.725353685086,1854.8221952925066
2024-03-26,103973.38932239129,-0.010408438425434374,False,0.0,7022.958229570955,35400.17382251156,31391.741299398618,14111.119598462285,5700.405327031874,8514.871692171133,1832.119353244863
2024-03-27,103561.8424980341,-0.014325433603055049,False,0.0,7023.376262798905,35414.648989622714,31032.438236333215,14026.790198471474,5737.744226553917,8556.022904537645,1770.8216797162245
2024-03-28,103915.61419133839,-0.010958327031850068,False,0.0,7023.794320909786,35410.36005121941,31193.17908033616,14054.899998468409,5812.422025598003,8622.89362463323,1798.065090173397
2024-03-29,104453.60539118624,-0.005837867315758527,False,0.0,7024.212403905078,35450.03273144997,31344.464580574222,14265.723498445434,5775.08312607596,8789.213107947891,1804.8759427876903
2024-04-01,105043.28728131189,-0.00022542911128409227,False,0.0,7024.630511786262,35437.97009219068,31892.874518937217,14265.723498445434,5753.302101354768,8838.937489557427,1829.8490690400986
2024-04-02,105008.8408359061,-0.0005532813811962578,False,0.0,7025.04864455482,35450.83690740059,31779.410393758666,14378.162698433182,5731.521076633577,8845.796024951846,1798.065090173397
2024-04-03,105032.71529676802,-0.000326050498755448,False,0.0,7025.466802212234,35487.56094247888,31647.035581050357,14518.711698417865,5607.058078226767,8969.249662051387,1777.6325323305175
2024-04-08,105022.37059038857,-0.00042450871202304175,False,0.0,7025.884984759985,35532.32673706336,31372.830611868863,14560.876398413273,5622.615953027618,9180.14962542977,1727.686279825701
2024-04-09,104968.27156606312,-0.0009394090948112721,False,0.0,7026.303192199553,35565.834068339165,31316.098549279588,14462.492098423993,5641.285402788639,9205.869133158842,1750.3891218733447
2024-04-10,104711.68536314389,-0.0033815295535184475,False,0.0,7026.721424532422,35569.58688944205,31070.259611392732,14476.546998422462,5631.9506779081285,9238.44717628233,1698.1725851637636
2024-04-11,104738.38303644898,-0.0031274280724704617,False,0.0,7027.139681760073,35576.288355697216,31041.893580098094,14659.26069840255,5563.496028784383,9169.86182233814,1700.442869368528
2024-04-12,104798.92332359079,-0.0025512214326630644,False,0.0,7027.557963883986,35623.19861948335,30777.14395468148,14617.095998407145,5607.058078226766,9437.344702720478,1709.5240061875857
2024-04-15,105631.24222085433,0.0,False,0.0,7027.976270905646,35618.10550512943,31467.384049517656,14940.358698371918,5547.938153983531,9288.171557891867,1741.307985054287
2024-04-16,105158.52097050151,-0.004475202983644233,False,0.0,7028.394602826533,35598.53722366436,31164.813049041524,14912.24889837498,5417.252005656382,9348.183742593032,1689.0914483447061
2024-04-17,105955.63873088227,0.0,False,0.0,7028.812959648129,35607.919276421584,31599.758862225965,15207.401798342818,5395.47098093519,9363.615447230475,1752.659406078109
2024-04-18,105985.43096126552,0.0,False,0.0,7029.231341371918,35636.33349334347,31656.49092481524,15207.401798342818,5383.024681094509,9336.181305652799,1736.7674166447582
2024-04-19,105697.54928867726,-0.002716238165729412,False,0.0,7029.64974799938,35659.92265456165,31391.741299398625,15235.511598339755,5317.681606930934,9380.761785716522,1682.2805957304129
2024-04-22,105189.41132009095,-0.007510651548565117,False,0.0,7030.068179532,35681.63540522837,31325.553893044475,14926.30379837345,5339.462631652125,9197.295963915814,1689.091448344706
2024-04-23,104581.42502065912,-0.013247159801798802,False,0.0,7030.486635971258,35732.5665487676,31089.170298922494,14701.425398397954,5376.801531174168,8970.96429589999,1680.0103115256484
2024-04-24,104820.14924832169,-0.010994734864735456,False,0.0,7030.905117318637,35636.333493343474,31221.5451116308,14659.260698402548,5495.041379660637,9065.269157573252,1711.79429039235
2024-04-25,104982.51268970255,-0.00946279372991854,False,0.0,7031.32362357562,35661.79906511309,31316.098549279588,14785.754798388765,5411.028855736041,9066.983791421857,1709.5240061875857
2024-04-26,105352.69655230228,-0.005970013078443581,False,0.0,7031.74215474369,35601.753927466845,31788.86573752355,14603.041098408674,5432.809880457232,9137.283779214651,1757.1999744876377
2024-04-29,105600.4062872848,-0.00363280755183637,False,0.0,7032.160710824329,35451.64108335122,32195.445519413348,14560.876398413271,5457.702480138593,9077.271594513484,1825.3085006305696
2024-04-30,105563.27084633407,-0.003983190058317931,False,0.0,7032.579291819021,35554.307546380296,32025.249331645526,14617.095998407145,5470.148779979274,9063.554523724646,1800.3353743781613
2024-05-06,106158.34299841443,0.0,False,0.0,7032.9978977292485,35611.40403887427,32498.01651988948,14715.480298396424,5473.260354939444,9008.686240569294,1818.4976480162766
2024-05-07,106304.8867548439,0.0,False,0.0,7033.416528556494,35655.901774808546,32516.927207419238,14729.535198394895,5529.268704222508,9032.69111444976,1807.1462269924546
2024-05-08,106090.34352632925,-0.0020181878280857157,False,0.0,7033.835184302241,35662.3351824135,32242.722238237744,14799.809698387235,5551.0497289437,9020.688677509528,1779.9028165352818
2024-05-09,106510.95601213392,0.0,False,0.0,7034.253864967973,35630.43620303893,32573.659270008513,14912.24889837498,5535.491854142849,9001.827705174876,1823.0382164258053
2024-05-10,106826.34516175419,0.0,False,0.0,7034.6725705551735,35624.002795433975,32592.569957538275,14982.523398367324,5597.723353346254,9205.86913315884,1788.9839533543395
2024-05-13,106870.91946527336,0.0,False,0.0,7035.091301065326,35662.603241063705,32564.203926243634,15066.852798358133,5622.615953027615,9151.000850003487,1768.55139551146
2024-05-14,106764.77388610144,-0.0009932129311043258,False,0.0,7035.510056499913,35682.70763982918,32507.47186365436,15010.633198364261,5622.615953027615,9137.28377921465,1768.55139551146
2024-05-15,106593.1523715068,-0.0025990895854209883,False,0.0,7035.928836860418,35682.43958117898,32261.6329257675,14982.523398367324,5681.73587727085,9207.583767007443,1741.3079850542872
2024-05-16,106875.52522249027,0.0,False,0.0,7036.3476421483265,35665.28382756577,32375.09705094605,15010.633198364261,5756.413676314935,9288.171557891867,1743.5782692590517
2024-05-17,107340.04868332871,0.0,False,0.0,7036.7664723651205,35638.74602119533,32762.766145306094,15109.017498353538,5737.744226553914,9286.456924043263,1768.5513955114602
2024-05-20,107831.38034443087,0.0,False,0.0,7037.185327512285,35682.17152252878,32838.40889542513,15277.676298335158,5706.628476952212,9516.217859756296,1773.091963920989
2024-05-21,107596.59064378688,-0.002177378235296956,False,0.0,7037.604207591303,35663.40741701432,32724.944770246577,15305.786098332095,5709.740051912382,9397.90812420257,1757.1999744876382
2024-05-22,107730.09108442703,-0.000939330088146062,False,0.0,7038.02311260366,35678.9548187263,32800.58752036561,15291.731198333628,5737.744226553914,9416.769096537222,1766.2811113066957
2024-05-23,107004.93103922142,-0.007664274560611584,False,0.0,7038.442042550838,35704.15233184571,32450.739801065083,15123.072398352007,5753.302101354765,9200.725231613025,1734.4971324399942
2024-05-24,106396.03277695051,-0.013311037685835303,False,0.0,7038.860997434323,35704.95650779633,32063.07070670504,15123.072398352007,5656.843277589488,9120.137440728602,1689.0914483447064
2024-05-27,107079.4318073921,-0.006973373934720306,False,0.0,7039.279977255598,35695.842513689306,32346.73101965141,15390.115498322906,5706.628476952212,9152.715483852091,1748.1188376685805
2024-05-28,106815.79334322528,-0.00941828805271383,False,0.0,7039.698982016149,35716.21497110499,32129.258113059193,15319.840998330565,5719.074776792892,9145.856948457671,1745.848553463816
2024-05-29,106897.71924659245,-0.008658528666295129,False,0.0,7040.118011717459,35735.51519391986,32138.713456824076,15347.9507983275,5691.07060215136,9207.583767007442,1736.7674166447584
2024-05-30,106529.62951042346,-0.012072096544154531,False,0.0,7040.537066361014,35749.722302380804,32006.338644115767,15221.456698341282,5619.504378067445,9116.708173031391,1775.362248125753
2024-05-31,106458.22914654946,-0.012734244832027009,False,0.0,7040.956145948297,35743.55695342606,31873.963831407462,15249.56649833822,5622.6159530276145,9161.288653095113,1766.2811113066955
2024-06-03,106385.54098512416,-0.01340833581735179,False,0.0,7041.3752504807935,35781.621281755375,31921.240550231858,15052.79789835966,5709.740051912381,9080.700862210691,1798.065090173397
2024-06-04,106800.80307124455,-0.009557303911852832,False,0.0,7041.794379959989,35790.19915856198,32157.624144353835,15123.072398352006,5719.074776792892,9166.432554640929,1802.605658582926
2024-06-05,106460.97172669758,-0.012708810861513431,False,0.0,7042.213534387367,35800.653445920034,32034.70467541041,14898.19399837651,5747.078951434424,9128.710609971624,1809.4165111972193
2024-06-06,106741.99406651173,-0.010102683230423848,False,0.0,7042.632713764414,35793.68392101467,32034.70467541041,14982.523398367322,5827.97990039885,9255.593514768374,1804.8759427876905
2024-06-07,106692.01786237942,-0.01056614946792056,False,0.0,7043.051918092614,35806.81879487479,31817.231768818194,15109.017498353536,5855.984075040381,9257.30814861698,1802.605658582926
2024-06-11,105987.07436495907,-0.017103610967241556,False,0.0,7043.471147373452,35806.81879487479,31580.848174696213,14827.919498384168,5877.765099761573,8979.537465143012,1870.7141847258574
2024-06-12,106151.14369193354,-0.015582074968625848,False,0.0,7043.890401608415,35801.99373917107,31543.026799636697,14982.523398367324,5887.099824642083,9030.976480601154,1861.6330479068
2024-06-13,105952.01268030843,-0.017428763854449802,False,0.0,7044.309680798987,35805.478501623744,31420.10733069327,14827.91949838417,5939.996598964978,9034.405748298363,1879.795321544915
2024-06-14,106167.2817567253,-0.01543241477935442,False,0.0,7044.728984946653,35811.107733278084,31609.21420599085,14870.084198379576,5921.327149203957,9037.835015995572,1872.9844689306217
2024-06-17,105912.85454393411,-0.017791906162831994,False,0.0,7045.1483140529,35826.38707633985,31514.660768342063,14673.315598401019,5890.2113996022545,9051.552086784408,1911.5793004116163
2024-06-18,106103.67260914693,-0.016022309366395593,False,0.0,7045.567668119213,35836.30524639749,31618.66954975573,14715.480298396424,5918.215574243785,9060.125256027432,1909.3090162068518
2024-06-19,106115.2261948165,-0.01591516443666674,False,0.0,7045.987047147077,35843.54282995307,31524.11611210694,14771.699898390296,5924.438724164126,9096.132566848131,1909.3090162068518
2024-06-20,106048.98475255392,-0.016529470235692845,False,0.0,7046.406451137978,35874.36957472681,31306.64320551472,14757.644998391828,5977.33549848702,9175.005723883949,1911.5793004116163
2024-06-21,106004.34203036883,-0.016943475157474408,False,0.0,7046.825880093403,35855.87352786256,31249.911142925448,14757.644998391828,5955.554473765828,9217.871570099067,1920.6604372306738
2024-06-24,105459.64984495039,-0.02199480792979558,False,0.0,7047.245334014837,35878.1223958297,31089.1702989225,14560.876398413271,5943.108173925147,9070.413059119059,1870.7141847258572
2024-06-25,105293.41647062184,-0.023536412737204748,False,0.0,7047.664812903766,35889.38085913837,30890.60807986004,14645.205798404082,5933.773449044636,9090.988665302315,1795.7948059686325
2024-06-26,105658.09097389865,-0.020154516835362624,False,0.0,7048.084316761677,35916.186724159015,31089.170298922498,14715.480298396422,6014.674398009062,9037.83501599557,1836.6599216543916
2024-06-27,105474.57645741558,-0.02185638243234278,False,0.0,7048.503845590055,35953.98299383813,30909.518767389796,14701.425398397954,6061.348022411615,8988.110634386032,1811.6867954019833
2024-06-28,105917.77211793188,-0.01774630186858983,False,0.0,7048.923399390387,35979.71662425795,30975.706173743944,14884.139098378042,6132.91424649553,9082.415496059291,1813.9570796067476
2024-07-01,106232.02484018289,-0.01483200436773957,True,11.177855052091388,7436.241738812804,37181.208694064015,31869.60745205487,13810.163229223777,5311.601242009146,8498.561987214633,2124.640496803658
2024-07-02,106228.49210325207,-0.014864766045458389,False,0.0,7436.684372249638,37215.33865637917,31821.17339817637,13835.785053396734,5322.402668022382,8509.788621279646,2087.3193337481357
2024-07-03,106235.37169797183,-0.014800966484534772,False,0.0,7437.1270320337,37274.16428248333,31763.05253352216,13682.054108358992,5398.012650115039,8564.317986738279,2116.643104720332
2024-07-04,105967.71029048355,-0.017283188326018495,False,0.0,7437.569718166559,37253.90828858897,31617.75037188665,13630.81046001308,5338.604807042238,8604.413108399038,2084.653536387027
2024-07-05,105750.58880667717,-0.019296716142437553,False,0.0,7438.012430649783,37224.495475536896,31453.074588699743,13541.134075407728,5381.810511095184,8630.073986261923,2081.9877390259185
2024-07-08,105401.42008871524,-0.022534815449398393,False,0.0,7438.455169484941,37150.40848416986,31220.59113008293,13477.079514975338,5398.012650115039,8634.885400861214,2081.9877390259185
2024-07-09,106015.35398260699,-0.016841353194433806,False,0.0,7438.8979346736005,37197.02501806372,31579.00312878385,13643.621372099557,5389.911580605111,8599.601693799745,2167.2932545813974
2024-07-10,105716.89981124036,-0.019609139069132864,False,0.0,7439.3407262173305,37220.88824374748,31501.508642578247,13374.592218283511,5360.20765906871,8655.734864124808,2164.6274572202888
2024-07-11,106291.32464319737,-0.014282073514354732,False,0.0,7439.7835441177,37218.94588816857,31947.101938260475,13400.214042456468,5411.514432631584,8687.810961453415,2185.953836109158
2024-07-12,106407.57711455997,-0.013203978520195503,False,0.0,7440.226388376279,37248.913659957485,32043.97004601748,13413.024954542947,5330.503737532308,8734.321302579898,2196.617025553593
2024-07-15,106765.62889585817,-0.009883500008703527,False,0.0,7440.669258994634,37263.34258711512,32111.777721447383,13541.13407540773,5465.521562697767,8727.906083114178,2215.2776070813543
2024-07-16,107132.54120378102,-0.006480851292245848,False,0.0,7441.112155974336,37263.065107746705,32353.947990839897,13489.890427061817,5476.322988711004,8828.945789699292,2279.256743747964
2024-07-17,107273.48472748298,-0.00517377794076157,False,0.0,7441.555079316953,37271.94444753601,32402.382044718408,13413.024954542945,5543.831901293733,8942.815935215847,2257.930364859094
2024-07-18,107447.52860875755,-0.0035597405360781043,False,0.0,7441.9980290240555,37260.56779343096,32605.80507100812,13464.268602888858,5473.622632207695,8938.004520616558,2263.261959581311
2024-07-19,107280.14475270589,-0.00511201460988675,False,0.0,7442.441005097212,37286.09589532523,32828.601718849226,13361.78130619703,5344.005520048854,8700.641400384859,2316.577906803486
2024-07-22,106889.11579367598,-0.008738314836971739,False,0.0,7442.884007537991,37366.84239153424,32547.68420635391,13233.672185332245,5281.897320472743,8694.226180919137,2321.909501525703
2024-07-23,106118.11633329047,-0.015888362048857796,False,0.0,7443.327036347963,37407.07689995455,31869.607452054875,13182.428536986332,5354.806946062091,8650.923449525515,2209.946012359136
2024-07-24,105955.37713185955,-0.017397562811299117,False,0.0,7443.770091528698,37407.63185869138,31656.49761498946,13182.428536986332,5314.301598512453,8764.793595042072,2185.9538361091572
2024-07-25,105307.00725368963,-0.0234103753719741,False,0.0,7444.213173081765,37413.181446059694,31462.761399475454,13118.373976553941,5160.381277823831,8543.46852347468,2164.627457220288
2024-07-26,105465.39030680545,-0.021941572388928576,False,0.0,7444.6562810087335,37429.552728796225,31608.063561110957,13015.886679862113,5203.586981876777,8580.356035402578,2183.288038748049
2024-07-29,105473.305420204,-0.021868169698790907,False,0.0,7445.099415311174,37423.17070332266,31414.327345596947,13079.941240294505,5325.10302452569,8639.696815460502,2145.966875692527
2024-07-30,105162.22946900077,-0.024753006656359267,False,0.0,7445.542575990657,37428.72029069097,31191.530697755836,12977.453943602679,5298.099459492599,8650.923449525515,2169.959051942505
2024-07-31,106185.92135165242,-0.015259556054300627,False,0.0,7445.985763048751,37455.63578942732,31937.41512748478,13118.373976553943,5260.29446844627,8718.283253915592,2249.932972775767
2024-08-01,106168.42050205453,-0.015421854353200093,False,0.0,7446.428976487028,37518.3461266893,31695.24485809226,13131.184888640422,5325.103024525691,8788.850668038529,2263.2619595813107
2024-08-02,105664.38467762359,-0.020096150674187352,False,0.0,7446.872216307057,37574.11947974089,31346.519670167047,13105.563064467466,5163.08163432714,8828.945789699288,2199.2828229147012
2024-08-05,104511.24179314506,-0.030790095987649924,False,0.0,7447.315482510408,37588.27092753011,30968.73404991472,12977.45394360268,4820.136358406875,8606.016913265465,2103.314117914787
2024-08-06,104381.6885894773,-0.031991538492178284,False,0.0,7447.758775098653,37533.05253321535,30968.73404991472,12900.58847108381,4871.443131969749,8543.46852347468,2116.6431047203305
2024-08-07,104466.38279375587,-0.0312061066076188,False,0.0,7448.202094073361,37586.051092582784,30900.926374484818,12964.643031516203,4890.345627492913,8583.563645135438,2092.650928470352
2024-08-08,104443.05755745583,-0.03142241874445262,False,0.0,7448.6454394361035,37552.75356837288,30939.673617587618,12964.643031516203,4857.941349453203,8578.752230536147,2100.6483205536783
2024-08-09,104474.13900375715,-0.031134177545999564,False,0.0,7449.088811188451,37501.41988521594,30823.43188827921,12990.26485568916,4955.154183572333,8654.131059258374,2100.6483205536783
2024-08-12,104424.27745056461,-0.031596580540687036,False,0.0,7449.532209331974,37328.82771806127,30784.684645176407,13028.697591948594,5022.663096155063,8719.88705878202,2089.9851311092434
2024-08-13,104772.21199926113,-0.028369926596490402,False,0.0,7449.975633868244,37441.2068622697,30833.11869905491,13067.130328208032,5095.57272174441,8779.227838839945,2105.979915275896
2024-08-14,104570.63355679106,-0.030239312315436084,False,0.0,7450.419084798831,37476.44674205851,30600.635240438096,13028.697591948596,5190.085199360231,8750.359351244198,2073.9903469425913
2024-08-15,105117.85838715533,-0.025164492456723808,False,0.0,7450.862562125307,37438.70954795395,30968.734049914718,13182.428536986337,5260.29446844627,8729.509887980603,2087.319333748135
2024-08-16,105263.48741747333,-0.023813966943159626,False,0.0,7451.306065849242,37432.32752248039,30988.10767146612,13233.67218533225,5333.204094035617,8745.547936644907,2079.3219416648085
2024-08-19,105566.76373598792,-0.02100146173784856,False,0.0,7451.749595972209,37448.69880521692,31075.28896844743,13425.83586662943,5244.092329426414,8841.776228630732,2079.3219416648085
2024-08-20,105323.63455296295,-0.023256178150161677,False,0.0,7452.193152495779,37442.59425911177,30920.299996036218,13310.537657851122,5308.900885505835,8841.776228630732,2047.3323733315037
2024-08-21,105027.59495799801,-0.02600157187524743,False,0.0,7452.636735421523,37401.80479195464,30774.99783440071,13169.617624899862,5311.601242009144,8880.267545425062,2036.6691838870688
2024-08-22,105009.56710447722,-0.02616875747060199,False,0.0,7453.080344751012,37478.38909763742,30687.816537419407,13208.050361159298,5322.402668022381,8857.814277295036,2002.0138181926554
2024-08-23,105128.55055460715,-0.025065336094098445,False,0.0,7453.523980485818,37534.16245068901,30823.43188827921,13195.23944907282,5303.500172499216,8827.341984832858,1991.3506287482205
2024-08-26,105239.0496601306,-0.02404059630897759,False,0.0,7453.967642627514,37534.71740942584,30833.118699054907,13208.050361159296,5341.305163545544,8881.871350291492,1986.019034026003
2024-08-27,105088.30510705625,-0.025438561841764407,False,0.0,7454.41133117767,37509.744266268404,30668.442915867996,13284.915833678167,5341.305163545544,8875.45613082577,1954.0294656926983
2024-08-28,104872.31764992658,-0.02744157299157779,False,0.0,7454.855046137859,37522.23083784712,30474.706700353985,13208.050361159296,5392.611937108419,8865.833301627188,1954.0294656926983
2024-08-29,104436.48524038956,-0.03148336869283752,False,0.0,7455.298787509653,37501.697364584346,30377.83859259698,12913.399383170292,5330.503737532307,8877.059935692203,1980.6874393037854
2024-08-30,104856.38949331368,-0.02758928654733528,False,0.0,7455.742555294624,37490.043231110874,30813.74507750351,12849.344822737898,5341.305163545543,8856.210472428607,2049.9981706926123
2024-09-02,104335.4754640914,-0.03242010692224273,False,0.0,7456.186349494344,37579.11410837237,30232.536430961474,12887.777558997333,5398.012650115036,8806.492521569264,1975.355844581568
2024-09-03,104388.68638445121,-0.0319266427730327,False,0.0,7456.630170110385,37629.89283279248,30348.778160269878,12746.857526046071,5395.312293611727,8822.530570233568,1988.6848313871114
2024-09-04,103883.13685785401,-0.036614976771747965,False,0.0,7457.074017144319,37643.21184247645,30145.355133980167,12721.235701873113,5181.984129850302,8761.585985309213,1972.690047220459
2024-09-05,104023.70505362442,-0.03531138411327128,False,0.0,7457.517890597721,37667.07506816021,30213.16280941007,12682.802965613677,5208.987694883394,8824.134375099999,1970.0242498593504
2024-09-06,103627.9814662962,-0.038981221094530505,False,0.0,7457.961790472161,37679.56163973893,29941.932107690456,12580.315668921849,5181.984129850302,8848.191448096457,1938.0346815260457
2024-09-09,102933.92717615225,-0.04541769893546166,False,0.0,7458.405716769213,37699.81763363329,29544.772865886727,12375.341075538192,5144.179138803974,8784.039253439241,1927.3714920816108
2024-09-10,103026.65280075811,-0.04455778576074687,False,0.0,7458.849669490449,37732.560199106374,29544.772865886727,12388.15198762467,5117.175573770882,8841.776228630735,1943.3662762482631
2024-09-11,102771.39073080466,-0.04692501939105098,False,0.0,7459.293648637442,37789.99842836846,29476.965190456827,12093.501009635664,5127.976999784119,8888.286569757216,1935.368884164937
2024-09-12,102719.78528711665,-0.047403594769787394,False,0.0,7459.737654211765,37730.34036415905,29370.41027192412,12157.555570068056,5214.388407890013,8870.644716226481,1916.7083026371758
2024-09-13,102716.30960207294,-0.04743582736323659,False,0.0,7460.181686214992,37784.17136163172,29225.10811028861,12119.122833808622,5241.391972923105,8998.949105540913,1887.3845316649797
2024-09-18,103006.09335062842,-0.04474844872049033,False,0.0,7460.625744648695,37793.60566015787,29321.976218045616,12324.097427192277,5235.991259916486,8995.741495808052,1874.055544859436
2024-09-19,103291.46072946549,-0.04210202633467319,False,0.0,7461.0698295144475,37742.549456369336,29583.520108989527,12324.097427192277,5306.2005290025245,8981.307252010178,1892.7161263871972
2024-09-20,103479.48147598139,-0.040358371139725846,False,0.0,7461.513940813823,37770.01991384251,29670.701405970834,12298.475603019318,5319.7023115190705,9082.346958595293,1876.7213422205448
2024-09-23,103782.80900541403,-0.03754539101776355,False,0.0,7461.958078548395,37778.34429489498,29757.88270295214,12439.39563597058,5330.503737532306,9159.329592183953,1855.394963331675
2024-09-24,105716.70705338789,-0.019610926655008742,False,0.0,7462.402242719737,37736.167430895766,31152.783454653025,13003.075767775634,5292.698746485978,9136.876324053927,1932.7030868038282
2024-09-25,106509.37398708674,-0.012259940966362737,False,0.0,7462.846433329422,37826.348225630936,31608.063561110946,13208.050361159289,5252.193398936341,9205.839933310435,1946.032073609372
2024-09-26,108596.32521375912,0.0,False,0.0,7463.2906503790255,37796.65793321044,33216.07414987724,13605.188635840123,5260.294468446267,9223.48178684117,2031.3375891648514
2024-09-27,110653.45599821293,0.0,False,0.0,7463.734893870119,37635.71989952923,35434.353817512674,13605.188635840123,5181.9841298503015,9154.518177584663,2177.9564440258314
2024-09-30,115070.5909476495,0.0,False,0.0,7464.179163804278,37506.41451384743,38960.352939867684,14437.89792146122,5152.2802083139,9152.914372718233,2396.5518276367475
2024-10-08,117192.79721729655,0.0,False,0.0,7464.623460183076,37491.43062795297,40694.29206871808,14630.061602758396,5111.774860764263,9164.141006783248,2636.473590136533
2024-10-09,112597.3630838845,-0.03921259874778216,False,0.0,7465.067783008087,37569.124851109416,36916.435866194865,13502.701339148294,5198.186268870158,9045.459446667397,2900.3875288862973
2024-10-10,113966.51386022658,-0.02752970689049994,False,0.0,7465.5121322808845,37660.13808394982,37536.39175583971,14117.625119299262,5281.897320472741,9103.196421858893,2801.753026525274
2024-10-11,112632.32293384321,-0.0389142881793102,False,0.0,7465.956508003044,37680.11659847577,36480.52938128835,13861.406877569692,5311.601242009142,9204.236128444007,2628.4761980532066
2024-10-14,113874.97723493303,-0.02831078411936605,False,0.0,7466.400910176139,37674.01205237062,37090.79846015748,14258.545152250525,5368.308728578634,9300.464420429831,2716.447510969794
2024-10-15,112633.42333739005,-0.03890489849348511,False,0.0,7466.845338801745,37684.0013096336,36034.93608560612,13951.083262175041,5527.629762273877,9300.464420429831,2668.463158469837
2024-10-16,112650.61303812407,-0.038758219677532346,False,0.0,7467.289793881436,37689.2734176335,35792.7658162136,14194.490591818136,5465.521562697765,9436.787834076413,2604.4840218032273
2024-10-17,112231.3446133766,-0.042335815184277314,False,0.0,7467.734275416786,37741.439538895684,35376.232952858474,14040.759646780394,5522.229049267257,9470.467736271452,2612.481413886553
2024-10-18,114024.79873882051,-0.027032365074467934,False,0.0,7468.17878340937,37698.70771615964,36858.315001540665,14117.625119299266,5473.622632207693,9534.619930928668,2873.729555275209
2024-10-21,114105.4167641169,-0.02634445568745225,False,0.0,7468.623317860764,37693.71308752815,36858.315001540665,13989.515998434481,5449.319423677909,9654.905295910945,2991.024639163993
2024-10-22,114252.16119424619,-0.025092293151753098,False,0.0,7469.067878772541,37639.88209005547,37090.79846015747,14040.759646780394,5416.915145638199,9651.697686178084,2943.0402866640356
2024-10-23,114343.2509332215,-0.02431502918043238,False,0.0,7469.512466146277,37601.31245784566,37236.10062179298,14027.948734693913,5398.012650115035,9712.642271102439,2897.721731525187
2024-10-24,113741.49093214702,-0.029449815748916586,False,0.0,7469.957079983547,37616.29634374012,36809.88094766215,13951.083262175043,5376.409798088562,9614.810174250186,2903.053326247404
2024-10-25,114020.03930183891,-0.027072977100928597,False,0.0,7470.401720285927,37612.96659131913,37090.79846015747,13925.461438002087,5376.409798088562,9619.621588849477,2924.3797051362735
2024-10-28,114193.56678469182,-0.02559227617925719,False,0.0,7470.846387054991,37620.458534266356,37148.91932481167,13951.083262175043,5433.117284658054,9650.093881311655,2919.048110414056
2024-10-29,113764.9467603629,-0.02924966839538612,False,0.0,7471.291080292316,37658.47320773933,36829.25456921355,13746.108668791388,5414.2147891348895,9731.887929499604,2913.7165156918386
2024-10-30,113391.46139852096,-0.03243659942451271,False,0.0,7471.7357999994765,37670.404820581214,36422.408516634125,13656.43228418604,5454.7201366845275,9847.361879882592,2868.3979605529903
2024-10-31,113287.58513855569,-0.033322970109672334,False,0.0,7472.180546178048,37667.35254752864,36422.408516634125,13617.999547926604,5389.911580605108,9788.021099824668,2929.7112998584907
2024-11-01,113326.63422899546,-0.03298976626637329,False,0.0,7472.625318829606,37724.790776790716,36499.90300283973,13784.541405050824,5322.402668022379,9704.623246770287,2817.7478106919243
2024-11-04,113926.35977223268,-0.02787233962004776,False,0.0,7473.070117955726,37741.162059527254,37013.303973951864,13899.83961382913,5300.799815995905,9632.452027780919,2865.732163191881
2024-11-05,115240.35258375778,-0.01666010778732918,False,0.0,7473.514943557985,37737.83230710626,38030.419105400426,14066.38147095335,5295.399102989287,9632.452027780919,3004.353625969535
2024-11-06,115185.01939561045,-0.017132262983392432,False,0.0,7473.959795637958,37751.983754895475,37778.56202523221,14027.948734693913,5479.02334521431,9613.206369383754,3060.3353705528184
2024-11-07,116702.86357180045,-0.004180578133890611,False,0.0,7474.404674197222,37785.28127910538,39105.65510150319,14271.356064337007,5522.229049267257,9398.296517282082,3145.6408861082978
2024-11-08,116122.97761160994,-0.009128714657292258,False,0.0,7474.849579237353,37799.987685631415,38582.56731961536,14079.192383039828,5570.835466326823,9459.241102206435,3156.3040755527327
2024-11-11,116493.31716715256,-0.00596862662853781,False,0.0,7475.294510759927,37810.53190163121,38785.99034590506,13951.083262175043,5641.044735412861,9470.46773627145,3358.904674996996
2024-11-12,115800.72002631555,-0.0118785217524916,False,0.0,7475.73946876652,37863.53046099864,38340.39705022284,13822.974141310258,5705.853291492282,9313.294859361273,3278.930754163734
2024-11-13,116068.17533353926,-0.009596339625480899,False,0.0,7476.184453258708,37863.25298163022,38592.254130391055,13912.650525915607,5657.246874432717,9295.653005830538,3270.933362080408
2024-11-14,115044.55342080335,-0.018330851788697977,False,0.0,7476.629464238069,37865.19533720913,37904.490565316315,13810.16322922378,5730.156500022064,9109.61164132461,3148.3066834694064
2024-11-15,114155.22329675019,-0.02591945915339966,False,0.0,7477.074501706178,37892.38831531389,37236.100621792975,13784.541405050823,5638.344378909553,9114.423055923902,3012.351018052861
2024-11-18,114299.70278181227,-0.02468662327531923,False,0.0,7477.519565664613,37871.57736268269,37071.424838606064,14027.948734693913,5676.1493699558805,9234.708420906181,2940.3744893029257
2024-11-19,114775.90694654282,-0.020623198081639593,False,0.0,7477.96465611495,37862.975502261805,37265.16105412007,14040.759646780392,5686.950795969117,9395.08890754922,3047.006383747275
2024-11-20,114923.8060854029,-0.019361182476825167,False,0.0,7478.409773058766,37889.33604226131,37362.02916187708,14066.38147095335,5703.152934988972,9393.485102682791,3031.0115995806223
2024-11-21,115103.06565246254,-0.01783156998086899,False,0.0,7478.854916497638,37913.476747313485,37410.463215755575,14053.570558866872,5689.6511524724265,9515.3742725315,3041.674789025057
2024-11-22,113631.69952769745,-0.03038666005212065,False,0.0,7479.300086433144,37920.6912108923,36248.0459226715,13682.054108358996,5746.358639041919,9638.867247246639,2916.382313052947
2024-11-25,113430.39564275726,-0.03210437555785217,False,0.0,7479.74528286686,37952.04637952329,36034.93608560609,13720.48684461843,5878.676107704068,9488.109589802183,2876.395352636316
2024-11-26,113240.14576273003,-0.033727767818679144,False,0.0,7480.190505800364,37944.55443657606,35957.44159940048,13746.108668791387,5889.477533717305,9372.635639419195,2849.737379025229
2024-11-27,114179.3841802612,-0.025713295599967156,False,0.0,7480.635755235233,37928.18315383952,36577.39748904532,13899.839613829128,5886.777177213997,9460.844907072866,2945.7060840251434
2024-11-28,113836.30504919156,-0.028640771854616998,False,0.0,7481.081031173045,37955.376131944286,36296.47997655001,13874.217789656172,5881.376464207378,9412.730761079954,2935.0428945807084
2024-11-29,114453.65958391377,-0.023372917947371175,False,0.0,7481.526333615377,37976.74204331231,36713.01283990514,13899.839613829128,5892.177890220616,9499.336223867196,2991.024639163992
2024-12-02,114824.92394948257,-0.02020493856310568,False,0.0,7481.971662563806,38061.37325067914,37003.61716317615,13912.650525915607,5938.0839507768715,9417.542175679246,3009.685220691753
2024-12-03,115115.74721653639,-0.017723358858897642,False,0.0,7482.417018019911,38053.881307731914,37042.36440627896,14079.192383039825,5986.690367836437,9512.16666279864,2959.0350708306873
2024-12-04,114976.75618231375,-0.018909362073454616,False,0.0,7482.862399985269,38087.456311310234,36838.94137998925,14104.81420721278,5986.690367836437,9508.959053065779,2967.0324629140136
2024-12-05,114952.3847960104,-0.01911732183618775,False,0.0,7483.307808461458,38095.780692362714,36771.13370455935,14104.81420721278,6029.896071889384,9505.751443332916,2961.700868191796
2024-12-06,115587.2541925364,-0.01370001453061298,False,0.0,7483.753243450057,38083.849079520834,37255.47424334438,14284.166976423478,6016.394289372839,9467.260126538587,2996.35623388621
2024-12-09,115615.45347406772,-0.013459391538407917,False,0.0,7484.198704952643,38087.17883194183,37226.41381101728,14335.41062476939,6013.693932869529,9520.18568713079,2948.371881386253
2024-12-10,116044.58547124534,-0.009797630684778458,False,0.0,7484.644192970795,38208.159836571154,37526.704945064,14335.41062476939,5959.686802803345,9560.280808791551,2969.6982602751227
2024-12-11,116112.6271125421,-0.00921703492367043,False,0.0,7485.089707506091,38210.657150886895,37429.83683730699,14373.843361028827,6013.693932869529,9640.471052113071,2959.035070830688
2024-12-12,116680.87174751324,-0.004368233218583484,False,0.0,7485.535248560109,38260.88091657017,37836.68288988642,14386.654273115302,6027.195715386075,9706.227051636715,2977.6956523584486
2024-12-13,115540.10086417504,-0.01410237141159043,False,0.0,7485.980816134428,38397.400765830775,36897.062244643465,14143.246943472212,6059.599993425785,9624.433003448767,2932.3770972196003
2024-12-16,115512.38227145092,-0.014338892711382667,False,0.0,7486.426410230626,38427.36853761969,36664.57878602665,14373.843361028823,6140.610688525059,9537.827540661525,2881.726947358534
2024-12-17,115372.17369984709,-0.015535285108637664,False,0.0,7486.8720308502825,38371.87266393651,36771.133704559354,14271.356064336996,6086.603558458875,9526.600906596512,2857.734771108556
2024-12-18,115634.53136388118,-0.013296600903945244,False,0.0,7487.317677994975,38369.652828989194,36935.809487746264,14373.843361028823,6019.094645876146,9513.770467665068,2935.0428945807084
2024-12-19,115320.40634428083,-0.015977013242067906,False,0.0,7487.7633516662845,38382.13940056791,36993.930352400464,14194.490591818125,5824.668977637886,9438.39163894284,2999.022031247318
2024-12-20,115305.6173217251,-0.016103207196874747,False,0.0,7488.209051865788,38503.397884565646,36877.68862309206,14104.814207212774,5789.564343094867,9449.618273007854,3092.324938886123
2024-12-23,115572.10017713599,-0.013829322950244971,False,0.0,7488.654778595065,38482.30945256604,36916.435866194865,14168.868767645168,5924.5821682603255,9544.242760127247,3047.0063837472753
2024-12-24,116086.09223360226,-0.009443455655745336,False,0.0,7489.100531855695,38452.34168077712,37371.7159726528,14284.166976423472,5902.979316233852,9496.128614134335,3089.6591415250145
2024-12-25,116190.11194517097,-0.008555860905567703,False,0.0,7489.546311649258,38380.75200372582,37400.7764049799,14373.843361028825,5932.683237770253,9520.18568713079,3092.3249388861227
2024-12-26,116232.86481831105,-0.008191052878493976,False,0.0,7489.992117977333,38381.30696246265,37410.4632157556,14335.410624769387,5940.784307280182,9526.600906596512,3148.3066834694064
2024-12-27,116258.90617854503,-0.00796884331568537,False,0.0,7490.437950841498,38462.053458671675,37352.34235110139,14386.6542731153,5916.481098750398,9534.619930928664,3116.3171151361016
2024-12-30,116369.3115353143,-0.007026760189496661,False,0.0,7490.883810243334,38382.97183867315,37536.3917558397,14489.141569807127,5846.27182966436,9499.336223867194,3124.314507219427
2024-12-31,115593.85373132788,-0.013643701011794684,False,0.0,7491.32969618442,38442.07494414573,36916.435866194865,14399.46518520178,5838.170760154431,9507.355248199347,2999.022031247317
2025-01-02,114247.50235173097,-0.02513204681090142,True,10.983432884795144,7997.325164621168,39986.62582310583,34274.250705519284,14852.175305725026,5712.375117586548,9139.800188138477,2284.9500470346193
2025-01-03,113781.96476687306,-0.029104454637252086,False,0.0,7997.8011958809675,40094.99745822312,33903.51786933195,14649.82959311297,5678.357308824008,9219.316602691462,2238.144738808584
2025-01-06,113676.7158493557,-0.030002538137402723,False,0.0,7998.27725547596,40095.57390309077,33755.22473485701,14663.319307287105,5785.644244152019,9159.679291776723,2218.9971127161148
2025-01-07,113980.8717574899,-0.027407191705230427,False,0.0,7998.753343407834,40028.99452087775,34005.46939928346,14717.278163983652,5738.542662788504,9174.97090995999,2316.8627571887337
2025-01-08,114030.69140554006,-0.026982083258012768,False,0.0,7999.229459678275,40041.96453039977,33949.85947385536,14771.2370206802,5730.692399227917,9220.84576450979,2316.8627571887337
2025-01-09,113770.16247227334,-0.02920516299885767,False,0.0,7999.70560428897,39954.05668808388,33875.71290661789,14622.850164764694,5720.2253811471355,9274.366428151223,2323.2452992195567
2025-01-10,113174.10414519563,-0.03429129748178594,False,0.0,8000.181777241606,39928.40489147367,33477.1751077165,14433.994166326773,5686.207572384596,9335.532900884291,2312.607729168185
2025-01-13,112748.01135261905,-0.03792712496175055,False,0.0,8000.65797853787,39879.40707772384,33338.15029414625,14272.117596237127,5597.2379186979515,9358.47032815919,2301.9701591168136
2025-01-14,113963.39500078408,-0.027556319954754382,False,0.0,8001.134208179449,39900.15909295907,34246.445742805234,14487.953023023321,5657.423272662446,9278.953913606203,2391.325747548335
2025-01-15,113882.63586203901,-0.028245433455435953,False,0.0,8001.610466168031,39945.121792635386,34033.274361997515,14541.911879719872,5646.956254581664,9330.94541542931,2382.8156915072377
2025-01-16,114085.12067365764,-0.026517641164215178,False,0.0,8002.086752505303,39938.20445422364,34051.81100380688,14663.319307287105,5738.542662788504,9361.528651795845,2329.6278412503793
2025-01-17,114216.57662349277,-0.025395934430042955,False,0.0,8002.563067192952,39919.469996025175,34172.29917556776,14622.850164764695,5733.309153748112,9387.524402707397,2378.560663486689
2025-01-20,114417.62882804968,-0.023680366499838845,False,0.0,8003.039410232665,39922.64044279722,34348.397272756745,14636.339878938832,5759.476698950066,9369.174460887476,2378.560663486689
2025-01-21,114374.59946301712,-0.024047533817748046,False,0.0,8003.515781626132,39931.287115811894,34394.738877280164,14514.932451371598,5756.859944429871,9369.174460887476,2404.0908316099803
2025-01-22,113994.97515861636,-0.027286848122166196,False,0.0,8003.992181375038,39957.515357289754,34061.07932471156,14312.586738759539,5803.961525793387,9451.749199077116,2404.0908316099803
2025-01-23,114220.5767164704,-0.025361801846192966,False,0.0,8004.468609481072,39910.246878142854,34163.03085466308,14541.911879719873,5769.943717030847,9460.924169987076,2370.0506074455916
2025-01-24,114616.51811810066,-0.021983254605818514,False,0.0,8004.945065945922,39869.31929254005,34459.61712361295,14595.870736416424,5793.494507712607,9508.328186355202,2384.9432055175116
2025-01-27,114615.46656027994,-0.021992227493621286,False,0.0,8005.421550771275,40011.12472998076,34255.71406370992,14798.21644902848,5746.39292634909,9483.861597261975,2314.7352431784593
2025-02-05,114576.5254650619,-0.02232450981935019,False,0.0,8005.898063958821,40000.46049992932,34070.34764561625,14528.422165545737,5735.925908268308,9846.272948205396,2389.19823353806
2025-02-06,115101.33586036968,-0.01784633020618942,False,0.0,8006.3746055102465,40039.37052849537,34487.422086327,14541.911879719875,5751.62643538948,9789.69396092731,2484.936364000404
2025-02-07,115632.8676087759,-0.013310797639109806,False,0.0,8006.851175427241,40015.4480664881,35006.44805698927,14555.40159389401,5735.925908268308,9817.218873657192,2495.5739340517757
2025-02-10,115772.81312664883,-0.01211664986556138,False,0.0,8007.327773711493,39949.15690670891,35043.521340608,14555.40159389401,5722.842135667331,9967.076731853205,2527.48664420589
2025-02-11,115811.05488603728,-0.01179033493583459,False,0.0,8007.80440036469,39939.64556639277,34895.22820613307,14690.298735635384,5712.375117586549,10068.001411862766,2497.7014480620496
2025-02-12,116180.85366124082,-0.008634861357387114,False,0.0,8008.281055388521,39940.222011260405,35247.42440051104,14717.27816398366,5691.441081424986,9997.659968219741,2578.546980452474
2025-02-13,116095.48962843175,-0.009363268177908557,False,0.0,8008.757738784675,39933.59289528249,35154.74119146421,14757.747306506073,5683.5908178644,10046.593146406196,2510.466532123696
2025-02-14,116341.27091891314,-0.007266029300457166,False,0.0,8009.234450554841,39846.837942701895,35432.790818604706,14757.747306506073,5686.207572384596,10100.11381004763,2508.339018113422
2025-02-17,116218.24125318733,-0.008315834993700366,False,0.0,8009.7111907007065,39819.74503392256,35497.66906493749,14744.257592331935,5678.357308824009,9930.376848213367,2538.1242142572623
2025-02-18,116002.18262170191,-0.010159451978836387,False,0.0,8010.187959223962,39763.54165932716,35228.88775870167,14771.237020680208,5717.60862662694,10023.655719131295,2487.0638780106788
2025-02-19,116382.13583552625,-0.0069173311075354516,False,0.0,8010.664756126296,39815.42169741523,35423.52249770002,14757.747306506071,5694.057835945182,10089.409677319341,2591.3120645141203
2025-02-20,116161.97619481468,-0.008795941789584094,False,0.0,8011.141581409399,39747.97764790074,35312.30264684382,14703.788449809523,5688.824326904791,10121.522075504201,2576.4194664422002
2025-02-21,116522.52963376063,-0.0057193581811442185,False,0.0,8011.618435074959,39709.644064202344,35812.791975696724,14595.870736416426,5636.489236500883,10043.534822769541,2712.5803630997566
2025-02-24,116203.29862066518,-0.008443339694304441,False,0.0,8012.095317124666,39598.39020474682,35692.30380393584,14555.401593894012,5560.603355415216,10063.413926407788,2721.090419140854
2025-02-25,115680.10290224901,-0.0129077413541272,False,0.0,8012.572227560208,39652.8642447393,35312.302646843826,14447.483880500915,5479.483965289159,10064.943088226113,2710.4528490894827
2025-02-26,116046.8112056673,-0.009778638609541757,False,0.0,8013.049166383277,39656.32291394517,35618.157236698375,14555.401593894012,5471.633701728573,9968.605893671534,2763.6406993463406
2025-02-27,116215.71436443256,-0.008337396803084318,False,0.0,8013.526133595562,39639.60601278346,35738.645408459255,14690.298735635386,5453.316420087205,9927.318524576714,2753.0031292949693
2025-02-28,115142.19743253573,-0.017497660551259342,False,0.0,8014.003129198752,39653.15246717313,35062.05798241736,14622.8501647647,5317.245185037044,9853.918757297035,2618.9697466476873
2025-03-03,115180.26708500985,-0.0171728142008174,False,0.0,8014.480153194537,39752.87742927574,34941.56981065648,14609.36045059056,5416.681856804469,9864.62289002532,2580.6744944627494
2025-03-04,115192.73050866298,-0.01706646445962967,False,0.0,8014.957205584607,39751.148094672804,34904.49652703775,14622.8501647647,5314.62843051685,9938.022657305002,2646.627428781253
2025-03-05,115494.95490890353,-0.014487599483139935,False,0.0,8015.434286370654,39737.31341784932,35062.05798241737,14717.278163983661,5296.311148875482,10011.422424584684,2655.1374848223504
2025-03-06,115972.77992024504,-0.010410343690230195,False,0.0,8015.911395554366,39700.13272388621,35571.815632174956,14663.319307287113,5298.927903395678,9993.072482764765,2729.6004751819514
2025-03-07,115655.90480791783,-0.013114222425539057,False,0.0,8016.388533137435,39619.43044241588,35479.13242312812,14636.33987893884,5236.125794910989,9979.310026399824,2689.1777089867396
2025-03-10,115382.57435342483,-0.015446536876453587,False,0.0,8016.86569912155,39552.562837769045,35330.83928865318,14555.401593894016,5230.892285870598,10006.834939129703,2689.1777089867396
2025-03-11,115258.7132379631,-0.016503437286741418,False,0.0,8017.342893508403,39459.178769210535,35442.05913950938,14622.850164764704,5100.054559860829,9947.197628214964,2670.0300828942704
2025-03-12,115332.23767392841,-0.015876057125919885,False,0.0,8017.820116299683,39600.98420665124,35349.37593046255,14649.82959311298,5071.270260138679,9979.310026399824,2663.647540863448
2025-03-13,115204.75049332886,-0.016963898560092394,False,0.0,8018.297367497082,39606.17221046005,35164.00951236888,14717.278163983663,5055.569733017506,10054.23895549783,2589.184550503847
2025-03-14,116451.21473643096,-0.0063278844645252574,False,0.0,8018.77464710229,39598.96664961448,36100.10992374191,14838.685591550897,5050.336223977115,10204.096813693845,2640.2448867504304
2025-03-17,116300.31850646013,-0.007615474090797658,False,0.0,8019.251955116998,39516.2468111074,35988.89007288571,14892.644448247445,5047.71946945692,10210.21346096715,2625.35228867851
2025-03-18,116527.41079336795,-0.005677707501894114,False,0.0,8019.729291542898,39545.35727692348,36072.30496102786,14865.66501989917,5097.437805340632,10286.671551883484,2640.2448867504304
2025-03-19,116677.41006527381,-0.004397771571806763,False,0.0,8020.20665638168,39519.993702747095,36127.91488645597,14946.603304943992,5058.186487537701,10398.300364621331,2606.204662586041
2025-03-20,116494.33190278616,-0.005959967942529065,False,0.0,8020.684049635036,39569.8561837984,35822.06029660142,14906.134162421578,5183.790704507081,10409.004497349619,2582.8020084730233
2025-03-21,115703.49561692096,-0.012708132545161122,False,0.0,8021.1614713046565,39554.5803948058,35210.351116892314,14879.154734073305,5162.856668345517,10358.542157344838,2516.8490741545197
2025-03-24,116007.86969629666,-0.010110924469213023,False,0.0,8021.638921392234,39534.98126930586,35367.91257227193,14946.603304943994,5230.892285870598,10367.717128254799,2538.1242142572632
2025-03-25,116164.42311312136,-0.008775062363844732,False,0.0,8022.11639989946,39584.84375035718,35386.4492140813,15041.031304162952,5277.993867234114,10358.542157344838,2493.4464200415023
2025-03-26,116034.1225530735,-0.009886910217482558,False,0.0,8022.593906828025,39630.671117334976,35238.156079606364,15000.562161640542,5262.293340112942,10390.654555529698,2489.1913920209536
2025-03-27,116195.65434619713,-0.008508567887926977,False,0.0,8023.071442179622,39645.37046145992,35367.912572271925,15041.031304162952,5189.024213547471,10416.650306441252,2512.5940461339715
2025-03-28,116072.96204376766,-0.009555494877833803,False,0.0,8023.5490059559415,39636.72378844524,35191.814475082945,15000.562161640542,5136.689123143563,10609.324695550411,2474.2987939490336
2025-03-31,115812.60991733475,-0.011777065935227204,False,0.0,8024.026598158677,39633.84156410702,34969.374773370546,15000.562161640542,4990.1508700126205,10722.482670106585,2472.171279938759
2025-04-01,115978.7882372541,-0.01035907503591249,False,0.0,8024.50421878952,39631.82400707026,34950.83813156118,15041.031304162952,5068.653505618483,10789.765790112959,2472.171279938759
2025-04-02,116018.38301379031,-0.010021214881736018,False,0.0,8024.9818678501615,39661.22269532016,34923.03316884713,15121.969589207778,5068.653505618483,10748.478421018139,2470.043765928485
2025-04-03,116021.23829734484,-0.009996850896727305,False,0.0,8025.459545342295,39808.79258143732,34737.666750753466,15175.928445904327,4963.983324810667,10847.873939209372,2461.5337098873874
2025-04-07,111810.88679477412,-0.04592355972648554,False,0.0,8025.937251267613,39930.710670944274,32290.83003191704,14353.05588128196,4466.799965973542,10516.045824632485,2227.507168757212
2025-04-08,112701.88251279766,-0.03832073993567986,False,0.0,8026.414985627807,39897.8533134885,32615.221263580963,14676.809021461251,4647.356027867025,10589.445591912165,2248.7823088599553
2025-04-09,113123.38727942863,-0.03472406184078447,False,0.0,8026.8927484245705,39921.19933062813,32948.88081614956,14636.339878938838,4506.051283776473,10722.482670106583,2361.5405514044946
2025-04-10,114498.82265647236,-0.02298754381490764,False,0.0,8027.370539659596,39959.82113676036,33532.78503314461,14703.788449809525,4935.199025088517,10954.915266492237,2384.943205517512
2025-04-11,114727.50218925835,-0.02103623334006699,False,0.0,8027.848359334575,39973.36759115002,33634.73656309613,14663.31930728711,4817.445071679725,11121.593904689842,2489.1913920209536
2025-04-14,115040.70282340515,-0.01836370873459936,False,0.0,8028.326207451202,39938.204454223654,33708.8831303336,14771.23702068021,4898.564461805782,11204.168642879482,2491.318906031228
2025-04-15,115164.94887046404,-0.017303523723156133,False,0.0,8028.804084011169,39939.06912152513,33736.68809304765,14919.62387659572,4880.247180164414,11201.110319242829,2459.406195877113
2025-04-16,115648.90212833374,-0.013173975923624015,False,0.0,8029.281989016169,39973.07936871619,33820.1029811898,15054.521018337093,4820.061826199921,11473.301122904975,2478.5538219695823
2025-04-17,115752.43948564351,-0.01229049707707175,False,0.0,8029.759922467896,39947.71579453981,33847.90794390385,15068.01073251123,4801.744544558553,11568.10915564123,2489.1913920209536
2025-04-18,115857.48640701307,-0.011394137199469467,False,0.0,8030.237884368043,39930.710670944274,33940.59115295068,15108.479875033641,4786.04401743738,11595.63406837111,2465.788737907936
2025-04-21,115942.50913747965,-0.01066864269395884,False,0.0,8030.715874718302,39896.70042375321,33959.12779476005,15027.54158998882,4725.858663472886,11811.245884755168,2491.3189060312284
2025-04-22,116458.08289186627,-0.00626927885395534,False,0.0,8031.193893520369,39911.39976787815,33986.93275747409,15121.969589207778,4718.0083999123,12205.769633883447,2482.808849990131
2025-04-23,115785.76516850294,-0.01200613077085888,False,0.0,8031.671940775936,39874.21907391504,34024.00604109282,15054.521018337095,4854.079634962461,11468.713637449993,2478.5538219695823
2025-04-24,115961.31293505145,-0.010508190874237044,False,0.0,8032.150016486696,39840.208826723974,34024.00604109282,15189.418160078465,4830.528844280702,11594.104906552779,2450.8961398360157
2025-04-25,116031.19439463291,-0.009911896040076806,False,0.0,8032.628120654344,39876.52485338561,34024.00604109282,15175.92844590433,4958.749815770277,11514.588491999792,2448.7686258257418
2025-04-28,115950.99124315668,-0.010596265330516386,False,0.0,8033.106253280573,39865.57240090035,33968.39611566472,15243.377016775014,4974.450342891449,11415.192973808556,2450.8961398360157
2025-04-29,115991.89521623038,-0.010247233870862238,False,0.0,8033.584414367077,39918.893551157526,33903.51786933193,15202.907874252604,4963.983324810667,11494.709388361543,2474.298793949033
2025-04-30,115715.6323763902,-0.012604570212343513,False,0.0,8034.062603915551,39949.73335157654,33875.71290661788,14960.093019118134,4971.8335883712525,11424.367944718517,2499.828962072325
2025-05-06,116336.30292126119,-0.007308420964193485,False,0.0,8034.540821927689,39928.116669039846,34218.64078009117,14960.093019118134,5018.935169734769,11639.979761102577,2535.9967002469884
2025-05-07,116761.853353854,-0.0036772214135609715,False,0.0,8035.019068405184,39917.16421655459,34441.080481803576,15081.50044668537,5029.402187815551,11730.200308383852,2527.486644205891
2025-05-08,116997.15562613403,-0.0016693994495221576,False,0.0,8035.497343349732,39997.86649802491,34654.25186261129,15162.438731730192,5076.5037691790685,11555.875861094612,2514.721560144245
2025-05-09,116957.84107856089,-0.002004868424635431,False,0.0,8035.975646763026,39986.337600672,34607.910258087875,15270.356445123285,5081.737278219459,11516.117653818117,2459.4061958771126
2025-05-12,117200.84595427616,0.0,False,0.0,8036.453978646761,39967.603142473534,35024.98469879863,15283.846159297422,5136.689123143563,11279.097571977485,2472.1712799387583
2025-05-13,117316.27790460165,0.0,False,0.0,8036.932339002633,39940.510233694215,35062.05798241737,15432.23301521293,5173.323686426299,11211.814451971111,2459.406195877112
2025-05-14,117888.9164314309,0.0,False,0.0,8037.410727832335,39907.0764313708,35534.742348556225,15540.15072860603,5267.526849153333,11127.710551963146,2474.2987939490326
2025-05-15,117075.60259229617,-0.006898984771039007,False,0.0,8037.889145137563,39878.83063285618,35219.61943779699,15486.191871909481,5230.892285870598,10798.940761022914,2423.238457702449
2025-05-16,116936.4012038219,-0.008079769128788494,False,0.0,8038.367590920011,39851.73772407686,35015.71637789396,15378.274158516382,5264.910094633137,10974.794370130478,2412.6008876510773
2025-05-19,116994.01336770238,-0.007591070397606314,False,0.0,8038.846065181375,39871.62507201062,34960.10645246586,15405.253586864657,5249.209567511964,11043.60665195518,2425.3659717127234
2025-05-20,117301.33011609521,-0.004984237137148129,False,0.0,8039.32456792335,39885.17152640028,35145.472870559526,15472.702157735343,5298.927903395677,11023.727548316932,2436.003541764095
2025-05-21,117840.62189096911,-0.00040966141621878727,False,0.0,8039.803099147631,39880.848189892946,35293.76600503446,15580.619871128441,5259.676585592746,11375.434766532066,2410.4733736408034
2025-05-22,117833.84835018768,-0.00046711839340096706,False,0.0,8040.2816588559135,39880.55996745912,35275.229363225095,15634.578727824988,5204.724740668644,11392.255546533657,2406.2183456202547
2025-05-23,117441.04345612238,-0.0037991101187957454,False,0.0,8040.760247049893,39911.11154544431,35006.44805698928,15513.171300257753,5196.874477108057,11398.372193806965,2374.3056354661403
2025-05-26,117184.92917390242,-0.005971615303953959,False,0.0,8041.238863731265,39910.246878142854,34811.81331799092,15472.702157735343,5209.958249709035,11354.026501075492,2384.9432055175116
2025-05-27,116900.58723957036,-0.008383563288033025,False,0.0,8041.7175089017255,39895.25931158407,34617.17857899257,15499.681586083618,5225.658776830207,11263.805953794219,2357.2855233839455
2025-05-28,116967.32490559573,-0.007817456922434296,False,0.0,8042.19618256297,39897.27686862084,34580.10529537384,15567.130156954301,5264.910094633138,11277.56841015916,2338.1378972914763
2025-05-29,117102.17799882505,-0.006673557247117934,False,0.0,8042.674884716694,39851.73772407688,34802.54499708624,15540.150728606028,5317.245185037046,11162.881273784658,2384.9432055175116
2025-05-30,117168.7428807922,-0.006108916532942987,False,0.0,8043.153615364593,39890.07130777527,34737.66675075346,15634.57872782499,5243.976058471575,11268.393439249197,2350.9029813531224
2025-06-03,117476.5813182014,-0.003497658013247862,False,0.0,8043.632374508365,39888.05375073852,34719.13010894409,15769.47586956636,5259.676585592747,11435.072077446805,2361.5405514044946
2025-06-04,117786.50443781939,-0.0008687160482222511,False,0.0,8044.111162149704,39913.99376978255,34876.69156432371,15836.924440437046,5309.39492147646,11428.955430173499,2376.4331494764147
2025-06-05,117823.41565699533,-0.0005556143564494631,False,0.0,8044.589978290308,39933.30467284866,34969.37477337054,15715.517012869812,5298.927903395678,11442.71788653844,2418.9834296819013
2025-06-06,117910.37078770142,0.0,False,0.0,8045.068822931873,39966.45025273826,34987.91141517991,15755.986155392224,5296.311148875483,11439.659562901787,2418.9834296819013
2025-06-09,117926.79935485695,0.0,False,0.0,8045.547696076095,39980.573151995566,35071.32630332206,15769.475869566364,5325.095448597633,11315.797455617327,2418.9834296819013
2025-06-10,117677.9206620042,-0.0021104506712155136,False,0.0,8046.026597724671,39985.18471093672,34858.15492251434,15769.475869566364,5327.712203117828,11323.44326470896,2367.9230934353177
2025-06-11,118086.13791378168,0.0,False,0.0,8046.505527879297,39983.167153899965,35154.74119146421,15823.43472626291,5353.87974831978,11358.613986530472,2365.795579425044
2025-06-12,118205.51248200175,0.0,False,0.0,8046.984486541671,39974.52048088529,35173.27783327357,15863.90386878532,5338.1792211986085,11464.126151995013,2344.5204393223003
2025-06-13,117967.23193360731,-0.0020158158734832066,False,0.0,8047.463473713488,39982.87893146614,34932.3014897518,15769.475869566362,5293.694394355287,11603.279877462739,2338.137897291477
2025-06-16,118155.54463919574,-0.0004227200724976621,False,0.0,8047.942489396447,39991.81382691464,35024.98469879864,15850.414154611186,5332.945712158216,11565.050832004572,2342.3929253120255
2025-06-17,118044.29606235909,-0.0013638654937282446,False,0.0,8048.4215335922445,40036.20008172331,35015.71637789396,15809.945012088772,5332.945712158216,11467.184475631664,2333.882869270928
2025-06-18,118184.77863772823,-0.00017540505377600102,False,0.0,8048.900606302577,40040.811640664484,35043.52134060801,15904.373011307733,5325.095448597631,11473.301122904973,2348.7754673428485
2025-06-19,117790.5415168762,-0.003510588943038795,False,0.0,8049.379707529142,40042.540975267424,34756.20339256282,15877.393582959457,5298.927903395676,11415.19297380856,2350.902981353123
2025-06-20,117855.88408708709,-0.0029578011005865212,False,0.0,8049.858837273638,40049.74653611298,34802.54499708624,15944.842153830143,5304.161412436068,11370.847281077087,2333.8828692709285
2025-06-23,118137.39635591011,-0.000576251687940621,False,0.0,8050.33799553776,40041.388085532126,34923.03316884713,16052.759867223242,5298.927903395676,11413.663811990235,2357.2855233839464
2025-06-24,118547.10695022406,0.0,False,0.0,8050.817182323209,40026.112296539526,35340.10760955788,16066.249581397378,5393.131066122712,11272.980924704181,2397.7082895791586
2025-06-25,119360.27620712378,0.0,False,0.0,8051.2963976316805,40015.736288921915,35942.54846836231,16201.146723138749,5403.598084203492,11303.564161070713,2442.386083794919
2025-06-26,119314.43615139934,-0.00038404783552026256,False,0.0,8051.775641464873,40026.68874140718,35803.52365479205,16268.595294009432,5419.298611324666,11323.44326470896,2421.110943692176
2025-06-27,118826.35168182712,-0.004473217910204497,False,0.0,8052.254913824484,40054.06987262033,35590.35227398433,16025.780438874963,5471.633701728574,11202.639481061153,2429.6209997332735
2025-06-30,119004.10551186779,-0.0029839969089711094,False,0.0,8052.734214712212,40035.62363685569,35766.45037117331,15998.801010526688,5500.418001450723,11184.289539241234,2465.788737907937
2025-07-01,119306.88940914559,-0.00044727441720693317,True,10.3031268922349,8351.482258640192,41757.41129320095,35792.066822743676,15509.895623188926,5965.344470457279,9544.551152731647,2386.1377881829117
2025-07-02,119397.70713823359,0.0,False,0.0,8351.979370679395,41781.452066769554,35829.10906525105,15548.767542044036,6005.189328561479,9540.680170785155,2340.5295941429254
2025-07-03,119712.97389206837,0.0,False,0.0,8352.476512308602,41786.861240822494,36042.101959668405,15561.724848329075,6016.573573734107,9606.486863875505,2346.7488933301956
2025-07-04,119988.51851267072,0.0,False,0.0,8352.973683529572,41796.77805991953,36199.53149032471,15691.297911179441,6047.880247958836,9557.454425886617,2342.602693872015
2025-07-07,119817.86929891167,-0.0014222128573162518,False,0.0,8353.470884344068,41790.46735685778,36032.841399041565,15781.999055174696,6036.496002786207,9490.357405480772,2332.237195226564
2025-07-08,120147.87817862486,0.0,False,0.0,8353.96811475385,41757.41129320095,36347.700460354186,15743.127136319586,6036.496002786207,9545.841480047144,2363.3336911629176
2025-07-09,120069.69110582523,-0.0006507570003307928,False,0.0,8354.46537476068,41756.810273861745,36319.918778473664,15846.78558659988,6013.727512440951,9437.453985545393,2340.529594142925
2025-07-10,120406.47861077132,0.0,False,0.0,8354.962664366321,41729.16338425786,36505.1299910105,15937.486730595136,6036.496002786207,9511.002642528725,2332.237195226564
2025-07-11,120430.83345829522,0.0,False,0.0,8355.459983572533,41717.74401681277,36634.777839786286,15794.956361459732,6045.034186665679,9517.45427910621,2365.4067908920083
2025-07-14,120523.77820865,0.0,False,0.0,8355.957332381078,41696.10732060104,36625.517279159445,15898.614811740026,5996.651144682009,9600.035227298022,2350.895092788376
2025-07-15,120482.81453398787,-0.000339880439121365,False,0.0,8356.45471079372,41738.17867434608,36625.517279159445,15756.08444260462,6064.956615717778,9594.873918036034,2346.7488933301956
2025-07-16,120239.66573572182,-0.002357314690519585,False,0.0,8356.95211881222,41740.883261372546,36542.17223351787,15678.3406048944,6019.419635027265,9551.002789309134,2350.895092788376
2025-07-17,120571.04002632343,0.0,False,0.0,8357.44955643834,41738.47918401569,36847.77073420365,15652.425992324328,6064.956615717777,9544.551152731648,2365.4067908920083
2025-07-18,120962.7949258104,0.0,False,0.0,8357.947023673842,41734.8730679804,37125.58755300891,15717.212523749513,6099.109351235662,9552.293116624629,2375.7722895374595
2025-07-21,121215.60798775915,0.0,False,0.0,8358.444520520488,41708.72872672455,37357.10156867995,15717.212523749513,6090.571167356191,9607.777191191002,2375.7722895374595
2025-07-22,121645.25399138241,0.0,False,0.0,8358.942046980043,41686.4910111736,37764.566236261,15730.169830034549,6079.186922183562,9643.906356024921,2381.9915887247307
2025-07-23,121786.7854321531,0.0,False,0.0,8359.439603054267,41670.263489014804,37746.04511500731,15769.04174888966,6101.955412528819,9739.390577371703,2400.649486286543
2025-07-24,121727.91621624427,-0.00048337933955600043,False,0.0,8359.937188744925,41590.02740722962,37986.8196913052,15652.425992324328,6127.569964167233,9579.38999025007,2431.745982222897
2025-07-25,121481.16079867462,-0.0025095057102787477,False,0.0,8360.434804053779,41599.343206987454,37783.087357514676,15535.810235759,6158.876638391961,9560.035080517613,2483.5734754501536
2025-07-28,121630.24819751727,-0.001285338422230109,False,0.0,8360.932448982592,41639.310993045234,37884.95352440994,15509.895623188928,6218.64392554826,9532.938206892175,2483.5734754501536
2025-07-29,121667.33586392437,-0.0009808089424880873,False,0.0,8361.430123533126,41587.02231053354,38079.425297573616,15406.237172908634,6215.797864255103,9500.68002400475,2516.743071115598
2025-07-30,121728.41240221373,-0.0004793051210953969,False,0.0,8361.927827707146,41628.79315460898,38051.643615693094,15471.023704333817,6204.413619082475,9518.74460642171,2491.8658743665146
2025-07-31,120860.03255894898,-0.007609634082348049,False,0.0,8362.425561506414,41661.8492182658,37338.58044742627,15289.621416343303,6267.0269675319305,9483.905768903289,2456.62317897198
2025-08-01,120564.48099131385,-0.01003642912900593,False,0.0,8362.923324932694,41664.25329562266,37134.848113635744,15302.578722628341,6181.645128737218,9486.486423534285,2431.7459822228966
2025-08-04,120892.26769606833,-0.007344949067426554,False,0.0,8363.42111798775,41655.839024873654,37310.79876554574,15380.32256033856,6113.339657701448,9607.777191191006,2460.7693784301605
2025-08-05,121488.265841085,-0.0024511656992081132,False,0.0,8363.918940673344,41669.06145033639,37597.87614497783,15548.767542044036,6224.336048134574,9619.39013703048,2464.915577888341
2025-08-06,121608.30075753902,-0.0014655504206038117,False,0.0,8364.416792991242,41673.26858571089,37699.742311873095,15561.724848329075,6187.337251323533,9636.164392131941,2485.646575179244
2025-08-07,121721.24011348528,-0.0005381972964901838,False,0.0,8364.914674943206,41703.31955267163,37690.48175124626,15626.511379754256,6187.337251323533,9656.809629179894,2491.8658743665146
2025-08-08,121642.5053380602,-0.0011846941651422194,False,0.0,8365.412586531,41720.448603839264,37597.87614497784,15639.468686039296,6187.337251323533,9687.777484751823,2444.1845805974385
2025-08-11,121639.79951610298,-0.001206911862633997,False,0.0,8365.910527756389,41670.263489014826,37773.82679688783,15548.767542044037,6238.566354600362,9585.841626827556,2456.62317897198
2025-08-12,121911.97147048688,0.0,False,0.0,8366.408498621136,41661.84921826582,38014.601373185724,15574.682154614111,6224.336048134575,9547.131807362644,2522.962370302869
2025-08-13,122303.96909173611,0.0,False,0.0,8366.906499127006,41691.29916588734,38338.72099512518,15522.852929473964,6272.719090118247,9567.777044410595,2543.693367593772
2025-08-14,122270.31757258822,-0.00027514658271354797,False,0.0,8367.404529275764,41675.37215339815,38273.89707073729,15535.810235759,6269.873028825088,9579.389990250069,2568.5705643428555
2025-08-15,122623.72477095481,0.0,False,0.0,8367.902589069174,41671.46552769325,38635.05893518411,15483.981010618852,6309.7178869292875,9549.712461993637,2605.8863594664804
2025-08-18,122888.53629384784,0.0,False,0.0,8368.400678508999,41581.91364615024,38931.39687524305,15509.895623188926,6269.873028825087,9565.196389779601,2661.8600521519184
2025-08-19,122592.87101540246,-0.0024059630569477353,False,0.0,8368.898797597005,41585.21925251592,38727.66454145254,15496.938316903888,6252.796661066145,9536.809188838666,2624.544257028293
2025-08-20,123319.50009623336,0.0,False,0.0,8369.396946334957,41566.587653000264,39274.0376184362,15639.468686039294,6218.64392554826,9514.873624475216,2736.4916423991685
2025-08-21,123572.87399144607,0.0,False,0.0,8369.895124724619,41585.21925251592,39403.685467211995,15730.169830034549,6212.951802961945,9540.68017078516,2730.272343211898
2025-08-22,124648.7885639805,0.0,False,0.0,8370.393332767757,41574.10039474045,40339.00209052302,15665.383298609366,6175.953006150903,9520.034933737206,3003.921507451815
2025-08-25,125805.24480041498,0.0,False,0.0,8370.891570466136,41609.861045423735,41135.41030443142,15794.956361459734,6261.334844945616,9583.260972196562,3049.5297014918015
2025-08-26,125526.38930417123,-0.002216564950739075,False,0.0,8371.38983782152,41611.664103441384,40913.15684938721,15756.084442604622,6235.720293307201,9611.648173137497,3026.725604471808
2025-08-27,124735.26789320151,-0.008505026232498825,False,0.0,8371.888134835675,41623.08347088646,40301.95984801565,15509.895623188926,6278.411212704558,9612.938500452994,3037.0911031172595
2025-08-28,125702.04038244227,-0.0008203506788324599,False,0.0,8372.386461510368,41602.64881335316,41079.84694067036,15509.895623188926,6244.258477186673,9636.164392131941,3256.839674400829
2025-08-29,126005.37463948742,0.0,False,0.0,8372.884817847364,41612.26512278059,41468.790486997714,15471.023704333815,6247.10453847983,9659.390283810888,3173.915685237218
2025-09-01,126362.0832685368,0.0,False,0.0,8373.383203848425,41645.621696107024,41607.69889640035,15432.151785478705,6218.64392554826,9867.132981605913,3217.450779548114
2025-09-02,126179.90200816558,-0.0014417399243414897,False,0.0,8373.881619515321,41645.02067676781,41366.92432010245,15548.767542044036,6224.3360481345735,9896.810509862345,3124.161291739051
2025-09-03,125701.27936165617,-0.005229447709217738,False,0.0,8374.380064849816,41688.59457886089,40987.241334401944,15380.32256033856,6195.875435203003,10023.262586781057,3051.6028012208917
2025-09-04,124715.09761892227,-0.01303385958044434,False,0.0,8374.878539853677,41714.438410447125,40126.00919610565,15419.194479193668,6230.028170720889,10000.03669510211,2850.5121274991343
2025-09-05,125659.63040329028,-0.005559047833626596,False,0.0,8375.377044528668,41651.63188949917,41033.544137536155,15354.407947768486,6272.719090118246,10032.294877989536,2939.6554158500157
2025-09-08,125738.62974123884,-0.004933865532851578,False,0.0,8375.875578876557,41643.21761875017,41042.804698162996,15354.407947768486,6247.104538479831,10125.198444705324,2950.0209144954674
2025-09-09,125656.57475574747,-0.005583229514268262,False,0.0,8376.374142899109,41637.207425358014,40792.76956123827,15432.151785478707,6255.642722359302,10278.747395249471,2883.681723164578
2025-09-10,125730.52862919535,-0.004997975840579483,False,0.0,8376.87273659809,41614.368690467854,40885.37516750669,15393.279866623596,6281.257273997716,10254.231176255027,2925.143717746384
2025-09-11,127102.99945528521,0.0,False,0.0,8377.371359975268,41644.7201670982,42015.16356398139,15445.109091763745,6289.795457877187,10223.263320683098,3107.5764939063283
2025-09-12,126782.32730373129,-0.002522931425129271,False,0.0,8377.870013032409,41658.24310223054,41654.00169953456,15341.45064148345,6323.948193395072,10263.263467463505,3163.5501865917654
2025-09-15,126758.83936812889,-0.0027077259280368082,False,0.0,8378.36869577128,41684.9884628256,41728.08618454929,15211.877578633084,6343.870622447172,10233.585939207072,3178.061884695397
2025-09-16,126842.9605373134,-0.002045891277831724,False,0.0,8378.867408193648,41710.53178474222,41644.74113890771,15160.048353492937,6369.485174085586,10363.908998072275,3215.3776798190224
2025-09-17,127179.53697806857,0.0,False,0.0,8379.366150301279,41757.711802870595,41950.33963959349,15224.834884918124,6346.716683740328,10276.166740618475,3244.4010760262863
2025-09-18,126289.06062410888,-0.007001726654447982,False,0.0,8379.86492209594,41730.06491326671,41403.96656260982,14939.774146647316,6378.023357965056,10144.553354437776,3312.8133670862658
2025-09-19,126433.04153594995,-0.005869619121567915,False,0.0,8380.363723579398,41683.48591447757,41496.57216887824,15017.517984357535,6409.330032189782,10191.00513779567,3254.766574671738
2025-09-22,126868.24682438548,-0.002447643395153798,False,0.0,8380.86255475342,41717.1429974736,41635.480578280876,14900.902227792203,6457.7130741734545,10384.554235120228,3391.5911567916964
2025-09-23,127132.54036115616,-0.0003695297060289926,False,0.0,8381.361415619773,41679.57928877267,41663.2622601614,14991.603371787462,6511.788238743438,10507.13533009245,3397.810455978967
2025-09-24,127680.98696821378,0.0,False,0.0,8381.860306180226,41644.119147759,42042.94524586191,14991.603371787462,6489.019748398181,10567.780713920809,3563.6584343061895
2025-09-25,127785.74245899025,0.0,False,0.0,8382.359226436545,41628.492644939404,42339.28318592085,14887.944921507169,6460.55913546661,10511.00631203894,3576.097032680731
2025-09-26,127370.32892864262,-0.0032508597778891923,False,0.0,8382.8581763905,41659.74565057858,41931.81851833981,14887.944921507169,6446.328829000826,10529.0708944559,3532.561938369835
2025-09-29,128260.1269053339,0.0,False,0.0,8383.357156043856,41649.22781214232,42644.88168660663,14862.030308937095,6491.865809691339,10656.813298690107,3571.95083322255
2025-09-30,128525.95621353229,0.0,False,0.0,8383.856165398382,41711.43331375106,42765.26897475558,14758.371858656801,6500.40399357081,10760.039483929871,3646.5824234698
2025-10-09,130007.59680516722,0.0,False,0.0,8384.355204455846,41739.98173236377,43459.811021768706,14797.243777511909,6608.554322710781,11263.267136973718,3754.383609382494
2025-10-10,128834.54764283095,-0.009022927822396665,False,0.0,8384.854273218016,41730.966442275545,42561.53664096505,14900.902227792201,6628.476751762881,11099.395567905594,3528.4157389116535
2025-10-13,128946.46720821394,-0.008162058395276062,False,0.0,8385.353371686659,41743.28733872945,42311.50150404032,14978.646065502422,6528.864606502382,11431.009687988335,3567.8046337643696
2025-10-14,128672.03569386466,-0.010272946690215945,False,0.0,8385.852499863544,41757.411293201,41876.25515457876,15250.749497488196,6440.6367064145115,11581.977983901492,3379.1525584171536
2025-10-15,129687.97883537941,-0.002458456102890638,False,0.0,8386.35165775044,41745.0903967471,42441.149352816115,15315.536028913379,6514.634300036597,11854.237047471368,3430.980051644411
2025-10-16,129974.28135519844,-0.000256257717144881,False,0.0,8386.850845349116,41746.89345476475,42580.05776221874,15419.194479193673,6503.250054863968,11927.7857044547,3410.249054353508
2025-10-17,129268.69114581058,-0.005683557557517149,False,0.0,8387.350062661339,41776.94442172549,41681.78338141509,15354.407947768492,6440.6367064145115,12345.851754675743,3281.7168711499107
2025-10-20,129206.78823378032,-0.006159705979236096,False,0.0,8387.849309688878,41739.68122269417,41829.952351444554,15380.322560338564,6605.708261417624,11958.753560026631,3304.520968169904
2025-10-21,130310.96612279903,0.0,False,0.0,8388.348586433502,41745.691416086316,42478.19159532348,15419.194479193671,6619.93856788341,12245.206224066977,3414.3952538116887
2025-10-22,129845.22345218158,-0.0035740865444781056,False,0.0,8388.84789289698,41753.504667496105,42339.28318592085,15535.810235759005,6682.551916332865,11743.268898338627,3401.956655437147
2025-10-23,129933.31636333789,-0.002898065839718078,False,0.0,8389.34722908108,41741.48428071181,42505.97327720401,15626.51137975426,6693.936161505495,11605.203875580442,3370.8601595007926
2025-10-24,130472.11630844412,0.0,False,0.0,8389.846594987574,41738.77969368535,43033.825232934,15509.895623188931,6716.704651850751,11548.42947369857,3534.635038098925
2025-10-27,131217.5132360511,0.0,False,0.0,8390.345990618227,41752.9036481569,43552.41662803714,15522.852929473966,6873.238022974392,11501.977690340678,3623.778326449807
2025-10-28,130656.54751699399,-0.004275082686927445,False,0.0,8390.84541597481,41836.74584597737,43330.16317299294,15522.852929473966,6890.314390733333,11092.943931328115,3592.681830513453
2025-10-29,131369.64773689478,0.0,False,0.0,8391.344871059095,41871.60496765182,43885.796810603446,15380.322560338562,7024.079271511718,11215.525026300335,3600.974229429814
2025-10-30,131030.67821359969,-0.0025802727580876983,False,0.0,8391.844355872849,41905.56256031746,43524.63494615662,15419.19447919367,7038.309577977502,11231.0089540863,3520.123339995293
2025-10-31,130318.9896194529,-0.007997723488960884,False,0.0,8392.34387041784,41910.37071503119,42904.17738415822,15393.279866623596,6984.234413407518,11347.138412481032,3387.444957333515
2025-11-03,130608.63200858643,-0.005792934223531665,False,0.0,8392.84341469584,41891.73911551553,42969.00130854611,15600.596767184183,7055.385945736446,11351.009394427525,3348.0560624808
2025-11-04,130176.16917686384,-0.00908488818072517,False,0.0,8393.34298870862,41889.63554782827,42654.14224723349,15769.041748889664,6873.238022974391,11273.589755497702,3323.1788657317165
2025-11-05,130089.94059454843,-0.009741269497116511,False,0.0,8393.842592457948,41891.138096176306,42709.70561099454,15769.041748889664,6796.394368059149,11233.589608717293,3296.228569253543
2025-11-06,130894.27351120472,-0.0036186001399816092,False,0.0,8394.342225945595,41871.30445798222,43357.944854873465,15756.084442604624,6799.240429352305,11296.81564717665,3418.5414532698687
2025-11-07,130815.1066920799,-0.004221226549419588,False,0.0,8394.841889173329,41880.01923840084,43265.33924860504,15769.041748889662,6785.01012288652,11345.848085165537,3375.0063589589727
2025-11-10,131334.8054970241,-0.00026522290704833473,False,0.0,8395.341582142923,41878.817199722405,43376.465976127154,15898.614811740028,6898.852574612803,11530.364891281615,3356.3484613971605
2025-11-11,131121.4196647909,-0.001889538994585882,False,0.0,8395.841304856145,41883.92586410574,42969.00130854611,15963.401343165211,6915.928942371746,11692.946133034244,3300.3747687117234
2025-11-12,131333.08179217685,-0.0002783439352076478,False,0.0,8396.341057314767,41901.35542494297,42987.5224297998,16105.931712300619,7009.8489650459305,11650.365331622841,3281.7168711499103
2025-11-13,132021.90246947022,0.0,False,0.0,8396.840839520559,41884.52688344495,43422.768779261365,16054.102487160471,7081.000497374857,11838.753119685412,3343.909863022619
2025-11-14,130984.38509183248,-0.007858676160780731,False,0.0,8397.340651475291,41879.41821906163,42765.2689747556,16002.273262020324,6967.158045648573,11736.817261761145,3236.1086771099244
2025-11-17,130291.59816024824,-0.01310619129747892,False,0.0,8397.840493180736,41887.23147047142,42478.1915953235,15859.74289288492,6984.234413407515,11460.687216244776,3223.670078735383
2025-11-18,129688.69838537039,-0.017672856097793233,False,0.0,8398.340364638663,41889.63554782827,42228.15645839877,15769.041748889666,6827.701042283874,11325.202848117586,3250.6203752135566
2025-11-19,129913.51522925615,-0.015969980743927192,False,0.0,8398.840265850844,41877.014141704756,42357.804307174556,15794.95636145974,6713.85859055759,11553.590782960564,3217.450779548112
2025-11-20,129904.51497166569,-0.016038153201845984,False,0.0,8399.340196819048,41898.9513475861,42163.33253401088,15911.572118025066,6867.545900388072,11487.784089870214,3175.9887849663064
2025-11-21,128215.69946899747,-0.028830087502737856,False,0.0,8399.84015754505,41887.531980141015,41126.14974380459,15665.38329860937,6702.474345384961,11391.009541207934,3043.3104023045285
2025-11-24,128227.39137997259,-0.028741527114223397,False,0.0,8400.340148030618,41892.34013485474,41061.3258194167,15574.682154614111,6802.08649064546,11428.429033357348,3068.187599053612
2025-11-25,128958.27793160883,-0.023205426376656346,False,0.0,8400.840168277526,41893.241663863555,41431.74824449037,15665.383298609368,6841.931348749659,11625.849112628397,3099.2840949899664
2025-11-26,129271.11898953888,-0.020835811547007976,False,0.0,8401.340218287542,41847.56419408323,41700.30450266879,15587.639460899147,6964.311984355414,11627.139439943894,3142.819189300862
2025-11-27,129223.1714757872,-0.021198990026145337,False,0.0,8401.84029806244,41845.160116726365,41663.26226016142,15613.55407346922,6924.467126251214,11625.849112628399,3149.0384884881323
2025-11-28,129548.0220893809,-0.018738408808049112,False,0.0,8402.340407603991,41861.68814855478,41783.649548310364,15600.596767184183,7009.848965045927,11699.397769611729,3190.5004830699377
2025-12-01,130305.69585594525,-0.012999408290770842,False,0.0,8402.840546913967,41875.81210302632,42265.19870090614,15691.29791117944,7001.310781166455,11820.68853726845,3248.5472754844654
2025-12-02,129949.35406261284,-0.015698519473590022,False,0.0,8403.34071599414,41865.29426459006,42070.726927742464,15652.425992324328,7001.310781166455,11757.462498809096,3198.7928819862987
2025-12-03,129680.51348994004,-0.017734852594414208,False,0.0,8403.840914846282,41868.90038062535,41876.25515457879,15587.639460899147,7026.925332804869,11736.817261761144,3180.1349844244864
2025-12-04,129681.04297895067,-0.017730841979503142,False,0.0,8404.341143472166,41826.52851721071,41987.38188210089,15522.852929473962,7004.156842459613,11695.526787665238,3240.2548765681045
2025-12-05,130074.226942707,-0.014752669748973046,False,0.0,8404.841401873562,41848.165213422435,42367.06486780141,15458.06639804878,6975.696229528042,11788.430354381026,3231.9624776517435
2025-12-08,130369.4404790204,-0.012516574595127894,False,0.0,8405.341690052244,41843.65756837832,42681.92392911403,15419.19447919367,6955.773800475942,11754.881844178104,3308.667167628084
2025-12-09,129890.88581232626,-0.016141387279559605,False,0.0,8405.842008009986,41866.7968129381,42459.670474069826,15302.578722628341,6887.468329440172,11672.300895986293,3296.228569253542
2025-12-10,129910.17861560053,-0.01599525392658263,False,0.0,8406.342355748558,41873.10751599986,42404.107110308774,15237.792191203156,6952.927739182786,11735.526934445648,3300.3747687117225
2025-12-11,129521.41666417752,-0.01893993162135299,False,0.0,8406.842733269734,41901.35542494296,42089.24804899615,15198.920272348048,6921.621064958058,11754.881844178102,3248.5472754844654
2025-12-12,130024.41905351893,-0.015129939643258927,False,0.0,8407.343140575285,41889.635547828264,42330.02262529404,15211.877578633084,6981.388352114357,11905.85014009126,3298.301668982632
2025-12-15,129838.40421857953,-0.016538909151045056,False,0.0,8407.843577666987,41871.90547732142,42079.98748836931,15224.834884918124,6964.311984355415,12065.850727212894,3223.670078735382
2025-12-16,129033.76516834037,-0.022633648245001248,False,0.0,8408.34404454661,41864.092225911634,41644.741138907746,15147.091047207903,6887.468329440173,11922.62439519272,3159.4039871335835
2025-12-17,130029.43048783224,-0.015091980530266391,False,0.0,8408.844541215927,41892.03962518513,42376.325428428245,15173.005659777975,6930.15924883753,12012.947307277514,3236.108677109924
2025-12-18,129851.28108090756,-0.016441373347612642,False,0.0,8409.345067676713,41917.28243743216,42089.24804899615,15302.578722628341,6904.544697199116,12023.269925801489,3205.01218117357
2025-12-19,130123.9304610008,-0.014376190412104806,False,0.0,8409.845623930742,41939.5201529831,42274.459261533,15302.578722628341,6975.696229528043,12016.818289224006,3205.01218117357
2025-12-22,130742.79165071207,-0.009688625863075617,False,0.0,8410.346209979785,41917.88345677137,42663.40280786036,15198.920272348048,6989.926535993828,12272.303097692418,3290.009270066271
2025-12-23,131081.90870466304,-0.00711998348171472,False,0.0,8410.846825825618,41989.104248468335,42756.00841412877,15198.920272348048,6964.311984355415,12437.464994076041,3325.2519654608054
2025-12-24,131344.4131118693,-0.0051316436510039365,False,0.0,8411.347471470011,41971.6746876311,42913.43794478509,15250.749497488194,6987.080474700671,12441.33597602253,3368.787059771701
2025-12-25,131335.4923929417,-0.005199213643260925,False,0.0,8411.848146914741,41957.55073315955,42996.78299042666,15263.706803773228,6995.618658580143,12343.271100044756,3366.713960042611
2025-12-26,131596.00534216105,-0.0032259581125765324,False,0.0,8412.348852161582,41985.25772469737,43163.47308170981,15224.83488491812,7004.1568424596135,12451.658594546509,3354.2753616680693
2025-12-29,131218.3214408043,-0.006086725108750302,False,0.0,8412.849587212306,41934.47159053371,42969.00130854613,15237.792191203156,6964.311984355415,12339.400118098265,3360.49466085534
2025-12-30,131048.04062492207,-0.007376517277300709,False,0.0,8413.350352068688,41927.55986813274,43061.606914814554,15224.83488491812,6941.543494010158,12081.334654998853,3397.810455978965
2025-12-31,130733.7312254191,-0.009757254061302456,False,0.0,8413.851146732502,41928.46139714156,42876.39570227771,15237.792191203156,6921.621064958057,12001.334361438037,3354.2753616680693
2026-01-05,131969.26600759896,-0.0003986949202117174,True,29.410160287586187,9237.848620531928,46189.24310265963,39590.779802279685,17156.004580987865,6598.463300379948,10557.541280607917,2639.385320151979
2026-01-06,132726.49139137033,0.0,False,0.0,9238.398492473625,46154.45044356306,40219.73732932289,17170.63033084378,6595.789692883846,10648.717519155558,2698.767583127571
2026-01-07,132477.38112363877,-0.001876869230250433,False,0.0,9238.948397145796,46128.93582689223,40068.787522832514,17112.12733142012,6590.442477891642,10583.115103615182,2755.0244638412896
2026-01-08,132052.16214427067,-0.005080592728932132,False,0.0,9239.498334550388,46169.03022451781,39750.11570913062,16980.495582716892,6571.727225418928,10575.331766178188,2765.9633017578467
2026-01-09,132360.78827759152,-0.002755313652498148,False,0.0,9240.04830468935,46165.385279279115,39934.609917063295,16995.121332572806,6577.074440411132,10665.39609937769,2783.1529041981494
2026-01-12,132906.4391839398,0.0,False,0.0,9240.598307564629,46188.249026685444,40169.42072715943,17024.372832284636,6571.727225418928,10871.09858878395,2840.9724760428053
2026-01-13,132725.3687542476,-0.0013623901957194873,False,0.0,9241.148343178174,46201.503373007945,40026.85702102963,17053.624331996467,6577.074440411132,10888.889074354222,2736.2721702700505
2026-01-14,132522.47154158543,-0.0028890070692735303,False,0.0,9241.698411531936,46231.65701089165,39775.27401021235,16907.36683343732,6555.685580442315,11032.324864264538,2778.46483080534
2026-01-15,132533.6039453361,-0.002805245862374739,False,0.0,9242.24851262786,46249.881737085096,39850.74891345753,16863.48958386958,6536.9703279696005,10971.17007011673,2819.094800209693
2026-01-16,132403.85858132574,-0.0037814616485097874,False,0.0,9242.798646467898,46279.70401631074,39716.57130768831,16717.232085310436,6563.706402930622,10960.051016635309,2923.7951059824477
2026-01-19,132543.87826005378,-0.002727940994523559,False,0.0,9243.348813053997,46276.72178838817,39733.34350840947,16731.857835166345,6526.275897985192,11125.724913508462,2906.6055035421446
2026-01-20,132727.52794463185,-0.0013461442531038648,False,0.0,9243.899012388107,46306.21270895575,39615.938103361405,16965.86983286098,6502.2134305202735,11210.229719967252,2883.165136578095
2026-01-21,133083.86559376735,0.0,False,0.0,9244.449244472176,46305.21863298156,39666.254705524865,16834.23808415775,6488.845393039764,11538.241797669132,3006.617735922089
2026-01-22,133090.09943406985,0.0,False,0.0,9244.999509308156,46300.91097042675,39641.09640444313,16848.863834013664,6574.40083291503,11498.21320513602,2981.614677827103
2026-01-23,133102.69942521103,0.0,False,0.0,9245.549806897996,46316.484827355685,39448.21609614988,16790.360834590007,6507.560645512478,11805.099081223203,2989.4281334817865
2026-01-26,133496.86311411785,0.0,False,0.0,9246.100137243644,46307.53814358799,39515.30489903449,16907.36683343732,6448.741280598231,12146.454023102784,2925.3577971133845
2026-01-27,133470.52754661784,-0.00019727480395914654,False,0.0,9246.650500347052,46311.84580614281,39498.53269831334,16790.360834590003,6480.824570551456,12157.573076584202,2984.7400600889764
2026-01-28,134112.07402511704,0.0,False,0.0,9247.200896210168,46319.13569662019,39624.324203721975,16848.86383401366,6504.887038016374,12542.292327041321,3025.3700294933287
2026-01-29,135308.7249861039,0.0,False,0.0,9247.751324834942,46347.63254121358,39984.92651922674,17097.50158156421,6483.498178047558,13236.121264281905,2911.293576934954
2026-01-30,133873.03046780027,-0.010610509547341218,False,0.0,9248.301786223325,46342.993520000695,39506.918798673905,17082.875831708294,6520.928682992988,12240.96597769485,2930.0458705061938
2026-02-02,131165.7733919707,-0.03061851033300822,False,0.0,9248.852280377267,46343.98759597489,38576.06165864995,16878.115333725487,6320.408120785331,11016.75818939055,2781.5902130672134
2026-02-03,132299.20153533499,-0.02224190236866086,False,0.0,9249.402807298717,46360.22417021996,39112.77208172682,16819.61233430183,6349.817803242454,11588.277538335518,2819.094800209693
2026-02-04,133327.9370275638,-0.014639026114121712,False,0.0,9249.953366989626,46355.253790349016,39473.37439723159,17053.624331996463,6349.817803242454,12083.075418258692,2762.837919495974
2026-02-05,132906.8699790628,-0.017750924837166004,False,0.0,9250.503959451948,46383.08791762628,39238.56358713547,17273.010579835187,6331.102550769739,11700.579978497855,2730.0214057463045
2026-02-06,132300.45570374993,-0.02223263342894477,False,0.0,9251.054584687628,46395.01682931654,38986.98057631819,17229.133330267443,6218.811035933451,11516.00369070629,2703.4556565203816
2026-02-09,133673.03773294654,-0.012088557137208467,False,0.0,9251.60524269862,46423.51367390993,39641.096404443124,17273.010579835187,6371.206663211271,11918.513426733682,2794.0917421147064
2026-02-10,133779.23026103925,-0.011303740577126242,False,0.0,9252.155933486876,46422.519597935745,39691.41300660657,17346.13932911476,6400.6163456683935,11862.918159326586,2803.467888900326
2026-02-11,133818.32048682176,-0.011014844012721237,False,0.0,9252.706657054345,46443.726552051754,39607.55200300081,17375.390828826592,6403.289953164495,11961.877735311218,2773.77675741253
2026-02-12,133713.40210426578,-0.011790243992040761,False,0.0,9253.257413402978,46462.945354219395,39641.09640444312,17214.507580411533,6387.248308187882,11919.625332081825,2834.721711519059
2026-02-13,132937.58830535915,-0.01752390084961819,False,0.0,9253.808202534728,46480.83872175478,39171.47478425086,17068.250081852388,6368.533055715168,11758.39905660124,2836.2844026499956
2026-02-24,133829.86829726858,-0.01092949984553615,False,0.0,9254.359024451545,46486.14046028379,39548.84930047679,17141.378831131962,6376.553878203474,12175.363562154474,2847.2232405665522
2026-02-25,134052.40763841427,-0.00928482141723408,False,0.0,9254.909879155382,46447.70285594851,39833.976712736374,17097.501581564222,6368.533055715168,12185.370710287752,2864.4128430068554
2026-02-26,133861.07469905517,-0.010698868732946787,False,0.0,9255.46076664819,46402.96943711005,39708.18520732773,17082.875831708305,6373.880270707372,12134.223064273223,2903.4801212802713
2026-02-27,133873.80843068432,-0.010604760007656089,False,0.0,9256.011686931919,46432.128999019566,39624.32420372197,17141.378831131962,6381.901093195678,12156.461171236062,2881.602445447158
2026-03-02,134601.8011986425,-0.0052245247860697175,False,0.0,9256.562640008522,46472.22339664515,39741.72960877004,17302.262079547025,6304.366475808718,12694.623359736772,2830.0336381262487
2026-03-03,133966.27679250992,-0.009921371986409855,False,0.0,9257.11362587995,46468.578451406465,39230.1774867749,17492.396827673914,6328.428943273637,12518.942314730342,2670.6391427707117
2026-03-04,132811.77379480944,-0.018453733796921612,False,0.0,9257.664644548158,46508.67284903204,38659.922662255725,17258.38482997928,6250.894325886677,12208.720722598735,2667.5137605088385
2026-03-05,133289.41127745074,-0.014923750917470668,False,0.0,9258.215696015095,46489.12268820634,39028.91107812107,17287.63632969111,6312.387298297024,12190.930237028464,2722.2079500916207
2026-03-06,133369.63469922447,-0.01433085920422772,False,0.0,9258.766780282715,46501.0515998966,39137.93038280856,17375.3908288266,6282.977615839901,12089.746850347545,2723.7706412225575
2026-03-09,132769.3502122882,-0.018767265555687418,False,0.0,9259.317897352968,46445.05198668402,38819.25856910666,17360.765078970686,6133.255596058184,12084.187323606837,2667.5137605088385
2026-03-10,133400.39410336356,-0.014103531630619615,False,0.0,9259.86904722781,46447.70285594852,39272.10798857777,17331.513579258855,6178.70692349192,12182.034994243328,2728.458714615367
2026-03-11,133792.12152000837,-0.011208467645019038,False,0.0,9260.420229909192,46444.38926936789,39506.918798673905,17492.396827673914,6184.054138484124,12202.049290509885,2701.8929653894443
2026-03-12,133676.58651207204,-0.012062329862316479,False,0.0,9260.971445399067,46445.714704000144,39364.35509254411,17580.151326809402,6197.422175964635,12162.020697976775,2665.9510693779016
2026-03-13,133330.7338964707,-0.014618355836523711,False,0.0,9261.522693699388,46456.64953971622,39221.79138641431,17624.028576377146,6111.866736089369,12010.801570629468,2644.073393544789
2026-03-16,133204.70638161185,-0.015549762993540273,False,0.0,9262.073974812107,46425.50182585833,39246.949687496046,17624.028576377146,6093.151483616653,11857.358632585878,2695.642200865698
2026-03-17,132902.71094343654,-0.01778166221664157,False,0.0,9262.625288739178,46426.16454317445,38961.82227523646,17697.15732565672,6103.8459136010615,11827.337188186046,2623.758408842613
2026-03-18,133022.99969630555,-0.016892667416924412,False,0.0,9263.176635482556,46471.89203798709,39095.99988100568,17609.402826521233,6106.519521097164,11792.868122393644,2683.140671818205
2026-03-19,131808.78228845497,-0.02586634895871176,False,0.0,9263.728015044191,46497.07529599986,38567.67555828939,17565.525576953492,6039.679333694612,11259.153555285502,2615.9449531879295
2026-03-20,131187.01586184115,-0.030461517723162634,False,0.0,9264.27942742604,46483.489591019286,38374.79524999613,17492.396827673918,5999.5752212530815,11003.415325212853,2569.06421925983
2026-03-23,127944.29046752596,-0.054426900551566404,False,0.0,9264.830872630053,46465.927582141965,37150.42459735202,16936.618333149163,5745.582509123383,9941.54571773728,2439.3608553920894
2026-03-24,129184.65694002972,-0.04525996417971645,False,0.0,9265.382350658185,46453.99867045171,37561.34351502026,17229.133330267454,5855.200416463567,10339.6078323721,2479.9908247964418
2026-03-25,130397.14287100759,-0.0362990791288641,False,0.0,9265.93386151239,46468.7441307355,38106.440038457695,17375.3908288266,5916.693388873916,10719.87946143665,2544.0611611648437
2026-03-26,129643.24899070925,-0.04187073668735308,False,0.0,9266.485405194624,46486.63749827088,37636.818418265444,17331.513579258855,5932.7350338505275,10507.505539941536,2481.5535159273786
2026-03-27,129845.1258500612,-0.04037876446329525,False,0.0,9267.036981706839,46514.8029842062,37804.54042547696,17302.262079547025,5905.998958889508,10556.429375259784,2494.0550449748716
2026-03-30,130026.28653401276,-0.03903989526642593,False,0.0,9267.588591050988,46543.96254611572,37737.45162259235,17448.519578106174,5804.401874037628,10736.558041658782,2487.804280451125
2026-03-31,129744.5215326165,-0.041122281316735676,False,0.0,9268.140233229027,46557.21689243822,37427.16590925104,17521.648327385745,5785.686621564914,10784.369971628885,2400.2935771186735
2026-04-01,130920.65427020857,-0.0324300647748027,False,0.0,9268.69190824291,46517.78521212876,38022.579034851944,17507.02257752983,5983.533576276468,11145.739209775022,2475.302751403632
2026-04-02,130128.62076497286,-0.03828359347605281,False,0.0,9269.24361609459,46527.39461321257,37628.43231790487,17565.52557695349,5903.325351393406,10834.405712295273,2400.2935771186735
2026-04-03,129767.76813442814,-0.04095047715692235,False,0.0,9269.795356786024,46547.93885001246,37351.69100600586,17375.390828826596,5897.9781364012015,10927.805761539197,2397.1681948568003
2026-04-07,129628.77735181415,-0.04197768942744129,False,0.0,9270.347130319165,46542.3057528254,37284.60220312125,17258.38482997928,5900.651743897302,10937.812909672475,2434.67278199928
2026-04-08,131745.02490097677,-0.02633754833986579,False,0.0,9270.89893669597,46518.44792944488,38592.83385937112,17404.642328538426,6122.561166073777,11244.698785759656,2590.941895092943
2026-04-09,131132.32725102882,-0.03086569425219232,False,0.0,9271.450775918393,46524.081026631946,38341.250848553835,17302.262079547025,6082.457053632245,11016.758189390554,2594.0672773548163
2026-04-10,131863.28396684042,-0.0254635539549819,False,0.0,9272.002647988387,46524.74374394807,38928.27787379416,17273.010579835194,6133.255596058185,11087.92013167164,2644.0733935447884
2026-04-13,131807.74483040188,-0.025874016299108238,False,0.0,9272.55455290791,46536.67265563833,39012.13887739992,17199.88183055562,6098.498698608858,11034.548674960826,2653.449540330408
2026-04-14,132638.00571459773,-0.019737967908428966,False,0.0,9273.106490678916,46545.287980747955,39515.30489903448,17273.010579835194,6184.054138484124,11131.284440249177,2715.9571855678732
2026-04-15,132759.28061341195,-0.018841684990777652,False,0.0,9273.658461303361,46589.3586822703,39364.355092544116,17390.016578682513,6248.220718390574,11190.215423700702,2703.45565652038
2026-04-16,133370.3397714953,-0.014325648363087251,False,0.0,9274.2104647832,46617.85552686369,39800.43231129408,17390.016578682513,6323.081728281432,11226.908300189385,2737.834861400986
2026-04-17,133190.58430377036,-0.015654132300419343,False,0.0,9274.762501120389,46640.05655695389,39741.72960877004,17316.88782940294,6312.387298297024,11151.298736515733,2753.4617727103523
2026-04-20,133547.07494773724,-0.013019485909334882,False,0.0,9275.314570316885,46635.08617708296,39959.768218145015,17404.642328538426,6309.7136908009215,11159.082073952726,2803.467888900325
2026-04-21,133697.79417596743,-0.011905594486252835,False,0.0,9275.866672374641,46633.429383792645,40052.01532211135,17507.02257752983,6336.449765761942,11130.172534901036,2762.837919495972
2026-04-22,134029.21958069387,-0.00945619290656552,False,0.0,9276.418807295615,46667.55932557309,40345.528834731515,17433.893828250257,6344.4705882502485,11123.501102812183,2837.847093780931
2026-04-23,133872.95345293792,-0.010611078726175394,False,0.0,9276.970975081764,46667.55932557309,40261.66783112576,17521.648327385745,6333.77615826584,11007.862946605419,2803.467888900325
2026-04-24,133685.04213469368,-0.011999838529089368,False,0.0,9277.523175735043,46688.10356237298,40102.33192427481,17521.648327385745,6325.755335777534,10925.581950842914,2844.0978583046776
2026-04-27,133749.81525712492,-0.011521132352249053,False,0.0,9278.075409257408,46622.49454807657,40102.33192427481,17390.016578682516,6373.880270707372,11004.527230560994,2978.489295565228
2026-04-28,133573.56725189302,-0.012823694365526439,False,0.0,9278.627675650816,46661.92622838602,40001.69871994789,17433.89382825026,6435.3732431177195,10821.06284811757,2940.984708422749
2026-04-29,133973.80329275256,-0.009865747338084985,False,0.0,9279.179974917224,46688.10356237298,40429.38983833727,17477.771077818008,6446.067673102128,10715.431840044086,2937.8593261608758
2026-04-30,134089.88676837782,-0.00900783166681407,False,0.0,9279.732307058588,46679.488237263344,40454.548139419,17375.390828826603,6467.456533070944,10761.019959317908,3072.250763421427
2026-05-06,134937.09569054763,-0.0027465286927684796,False,0.0,9280.284672076865,46658.94400046347,40991.25856249587,17302.262079547032,6561.0327954345175,10886.665263657947,3256.64831687195
2026-05-07,135312.3384038557,0.0,False,0.0,9280.837069974012,46661.92622838602,41192.524971149694,17229.133330267457,6635.893805325376,11017.8700947387,3294.1529040144296
2026-05-08,134989.65281711533,-0.0023847462141796116,False,0.0,9281.389500751986,46688.43492103104,40974.48636177472,17214.507580411544,6638.567412821478,10985.624839642584,3206.642200681978
2026-05-11,135791.83973456224,0.0,False,0.0,9281.941964412745,46692.07986626973,41645.374390620804,17229.133330267454,6662.629880286397,10867.762872739533,3412.9174299656142
2026-05-12,135766.31685054183,-0.0001879559483861648,False,0.0,9282.494460958245,46709.310516488986,41620.21608953907,17199.881830555623,6622.525767844865,10903.343843880075,3428.5443412749805
2026-05-13,136367.22080060837,0.0,False,0.0,9283.046990390445,46721.239428179244,42073.06550901018,17214.507580411537,6651.935450301989,10901.120033183794,3522.3058091311786
2026-05-14,135628.0614278585,-0.005420359587958723,False,0.0,9283.599552711301,46725.215732075994,41435.72188160639,17199.88183055562,6654.609057798089,10891.112885050516,3437.9204880606007
2026-05-15,134672.4988326463,-0.012427634427191525,False,0.0,9284.152147922772,46746.091327533955,40907.3975588901,17068.250081852388,6630.5465903331715,10623.143696148303,3412.9174299656142
2026-05-18,134264.2115674134,-0.015421662338267583,False,0.0,9284.704776026814,46763.321977753214,40689.358949515125,16965.869832860983,6523.602290489088,10577.555576874483,3459.798163893713
2026-05-19,134712.54394656557,-0.012133977977465848,False,0.0,9285.257437025388,46803.4163753788,40831.922655644914,17097.50158156422,6523.602290489088,10579.779387570768,3591.0642188923903
2026-05-20,134643.58123642573,-0.012639691225378002,False,0.0,9285.810130920449,46813.68849377874,40848.69485636607,17024.372832284644,6502.213430520272,10415.217396045759,3753.584096509801
2026-05-21,134057.5984265029,-0.016936785545278,False,0.0,9286.362857713955,46784.86029052729,40320.37053364977,16980.495582716903,6555.685580442313,10507.50553994154,3622.3180415111233
2026-05-22,134612.39909635877,-0.012868354241929114,False,0.0,9286.915617407867,46789.167953082106,40773.21995312088,16892.741083581415,6643.914627813682,10519.736498771103,3706.7033625817016
2026-05-25,135667.95808175768,-0.005127791816430194,False,0.0,9287.468410004141,46779.88991065635,41402.17748016409,16848.863834013668,6807.004685075909,10576.443671526344,3966.110090317183
2026-05-26,135887.84897980717,-0.0035153009497943533,False,0.0,9288.021235504737,46797.78327819173,41695.69099278426,16907.36683343733,6761.553357642174,10511.95316133411,3925.480120912831
